candidate_id,requested_domain,title,publication_year,doi,screening_status,case_type,landmark_source,historical_period,discovery_status_label,central_scientific_question,question_reconstruction_evidence,primary_source_url,coder_1_id,coder_2_id,adjudicator_id,C_time,C_concept,C_search,C_experiment,C_compute,C_coordination,cost_weight_scheme,DC_raw,DC_normalized,L_R,L_Rq,delta_L,QC_raw,QC_normalized,kg_reorganisation_score,human_compression_rating,compression_explanatory,procedure_description,best_known_procedure,uncertainty_low,uncertainty_high,coding_confidence,frontier_member,partition,exclusion_reason,notes
W3038568908,Physics,Radiation Resistant Camera System for Monitoring Deuterium Plasma Discharges in the Large Helical Device,2020,https://doi.org/10.1585/pfr.15.2402039,Pending,,,,,,,https://doi.org/10.1585/pfr.15.2402039,,,,,,,,,,,,,,,,,,,,,,,,,,,,,
W1981368803,Physics,Generalized Gradient Approximation Made Simple,1996,https://doi.org/10.1103/physrevlett.77.3865,Pending,,,,,,,https://doi.org/10.1103/physrevlett.77.3865,,,,,,,,,,,,,,,,,,,,,,,,,,,,,
W4288400169,Physics,Yaşlı Kadınlarda Üreme Sağlığı,,,Pending,,,,,,,https://openalex.org/W4288400169,,,,,,,,,,,,,,,,,,,,,,,,,,,,,
W2083222334,Physics,Efficient iterative schemes for<i>ab initio</i>total-energy calculations using a plane-wave basis set,1996,https://doi.org/10.1103/physrevb.54.11169,Pending,,,,,,,https://doi.org/10.1103/physrevb.54.11169,,,,,,,,,,,,,,,,,,,,,,,,,,,,,
W2143981217,Physics,Density-functional thermochemistry. III. The role of exact exchange,1993,https://doi.org/10.1063/1.464913,Pending,,,,,,,https://doi.org/10.1063/1.464913,,,,,,,,,,,,,,,,,,,,,,,,,,,,,
W2023271753,Physics,Development of the Colle-Salvetti correlation-energy formula into a functional of the electron density,1988,https://doi.org/10.1103/physrevb.37.785,Pending,,,,,,,https://doi.org/10.1103/physrevb.37.785,,,,,,,,,,,,,,,,,,,,,,,,,,,,,
W1970127494,Physics,Projector augmented-wave method,1994,https://doi.org/10.1103/physrevb.50.17953,Pending,,,,,,,https://doi.org/10.1103/physrevb.50.17953,,,,,,,,,,,,,,,,,,,,,,,,,,,,,
W1979544533,Physics,From ultrasoft pseudopotentials to the projector augmented-wave method,1999,https://doi.org/10.1103/physrevb.59.1758,Pending,,,,,,,https://doi.org/10.1103/physrevb.59.1758,,,,,,,,,,,,,,,,,,,,,,,,,,,,,
W2007395042,Physics,Efficiency of ab-initio total energy calculations for metals and semiconductors using a plane-wave basis set,1996,https://doi.org/10.1016/0927-0256(96)00008-0,Pending,,,,,,,https://doi.org/10.1016/0927-0256(96)00008-0,,,,,,,,,,,,,,,,,,,,,,,,,,,,,
W2036113194,Physics,Special points for Brillouin-zone integrations,1976,https://doi.org/10.1103/physrevb.13.5188,Pending,,,,,,,https://doi.org/10.1103/physrevb.13.5188,,,,,,,,,,,,,,,,,,,,,,,,,,,,,
W2230728100,Physics,Self-Consistent Equations Including Exchange and Correlation Effects,1965,https://doi.org/10.1103/physrev.140.a1133,Pending,,,,,,,https://doi.org/10.1103/physrev.140.a1133,,,,,,,,,,,,,,,,,,,,,,,,,,,,,
W2092157292,Physics,A consistent and accurate<i>ab initio</i>parametrization of density functional dispersion correction (DFT-D) for the 94 elements H-Pu,2010,https://doi.org/10.1063/1.3382344,Pending,,,,,,,https://doi.org/10.1063/1.3382344,,,,,,,,,,,,,,,,,,,,,,,,,,,,,
W2086957099,Physics,Density-functional exchange-energy approximation with correct asymptotic behavior,1988,https://doi.org/10.1103/physreva.38.3098,Pending,,,,,,,https://doi.org/10.1103/physreva.38.3098,,,,,,,,,,,,,,,,,,,,,,,,,,,,,
W2024060531,Physics,Optimization by Simulated Annealing,1983,https://doi.org/10.1126/science.220.4598.671,Pending,,,,,,,https://doi.org/10.1126/science.220.4598.671,,,,,,,,,,,,,,,,,,,,,,,,,,,,,
W2132525235,Physics,Multiwfn: A multifunctional wavefunction analyzer,2011,https://doi.org/10.1002/jcc.22885,Pending,,,,,,,https://doi.org/10.1002/jcc.22885,,,,,,,,,,,,,,,,,,,,,,,,,,,,,
W2109469951,Physics,The Strength of Weak Ties,1973,https://doi.org/10.1086/225469,Pending,,,,,,,https://doi.org/10.1086/225469,,,,,,,,,,,,,,,,,,,,,,,,,,,,,
W2008620264,Physics,Emergence of Scaling in Random Networks,1999,https://doi.org/10.1126/science.286.5439.509,Pending,,,,,,,https://doi.org/10.1126/science.286.5439.509,,,,,,,,,,,,,,,,,,,,,,,,,,,,,
W2069006374,Physics,Gaussian basis sets for use in correlated molecular calculations. I. The atoms boron through neon and hydrogen,1989,https://doi.org/10.1063/1.456153,Pending,,,,,,,https://doi.org/10.1063/1.456153,,,,,,,,,,,,,,,,,,,,,,,,,,,,,
W2035266068,Physics,Molecular dynamics with coupling to an external bath,1984,https://doi.org/10.1063/1.448118,Pending,,,,,,,https://doi.org/10.1063/1.448118,,,,,,,,,,,,,,,,,,,,,,,,,,,,,
W2044591029,Physics,Semiempirical GGA‐type density functional constructed with a long‐range dispersion correction,2006,https://doi.org/10.1002/jcc.20495,Pending,,,,,,,https://doi.org/10.1002/jcc.20495,,,,,,,,,,,,,,,,,,,,,,,,,,,,,
W2067174909,Physics,Particle mesh Ewald: An <i>N</i>⋅log(<i>N</i>) method for Ewald sums in large systems,1993,https://doi.org/10.1063/1.464397,Pending,,,,,,,https://doi.org/10.1063/1.464397,,,,,,,,,,,,,,,,,,,,,,,,,,,,,
W1988091937,Physics,"Balanced basis sets of split valence, triple zeta valence and quadruple zeta valence quality for H to Rn: Design and assessment of accuracy",2005,https://doi.org/10.1039/b508541a,Pending,,,,,,,https://doi.org/10.1039/b508541a,,,,,,,,,,,,,,,,,,,,,,,,,,,,,
W2150697053,Physics,"The M06 suite of density functionals for main group thermochemistry, thermochemical kinetics, noncovalent interactions, excited states, and transition elements: two new functionals and systematic testing of four M06-class functionals and 12 other functionals",2007,https://doi.org/10.1007/s00214-007-0310-x,Pending,,,,,,,https://doi.org/10.1007/s00214-007-0310-x,,,,,,,,,,,,,,,,,,,,,,,,,,,,,
W2120145199,Physics,QUANTUM ESPRESSO: a modular and open-source software project for quantum simulations of materials,2009,https://doi.org/10.1088/0953-8984/21/39/395502,Pending,,,,,,,https://doi.org/10.1088/0953-8984/21/39/395502,,,,,,,,,,,,,,,,,,,,,,,,,,,,,
W2096747776,Physics,Effect of the damping function in dispersion corrected density functional theory,2011,https://doi.org/10.1002/jcc.21759,Pending,,,,,,,https://doi.org/10.1002/jcc.21759,,,,,,,,,,,,,,,,,,,,,,,,,,,,,
W2049079467,Physics,Accurate and simple analytic representation of the electron-gas correlation energy,1992,https://doi.org/10.1103/physrevb.45.13244,Pending,,,,,,,https://doi.org/10.1103/physrevb.45.13244,,,,,,,,,,,,,,,,,,,,,,,,,,,,,
W2169528473,Physics,A note on two problems in connexion with graphs,1959,https://doi.org/10.1007/bf01386390,Pending,,,,,,,https://doi.org/10.1007/bf01386390,,,,,,,,,,,,,,,,,,,,,,,,,,,,,
W1991794210,Physics,Canonical dynamics: Equilibrium phase-space distributions,1985,https://doi.org/10.1103/physreva.31.1695,Pending,,,,,,,https://doi.org/10.1103/physreva.31.1695,,,,,,,,,,,,,,,,,,,,,,,,,,,,,
W1933657216,Physics,The Ecological Approach to Visual Perception,1980,https://doi.org/10.2307/429816,Pending,,,,,,,https://doi.org/10.2307/429816,,,,,,,,,,,,,,,,,,,,,,,,,,,,,
W2087585288,Physics,Soft self-consistent pseudopotentials in a generalized eigenvalue formalism,1990,https://doi.org/10.1103/physrevb.41.7892,Pending,,,,,,,https://doi.org/10.1103/physrevb.41.7892,,,,,,,,,,,,,,,,,,,,,,,,,,,,,
W1631356911,Physics,<i>Quantum Computation and Quantum Information</i>,2002,https://doi.org/10.1119/1.1463744,Pending,,,,,,,https://doi.org/10.1119/1.1463744,,,,,,,,,,,,,,,,,,,,,,,,,,,,,
W3206606417,Physics,"Atoms, molecules, solids, and surfaces: Applications of the generalized gradient approximation for exchange and correlation",1992,https://doi.org/10.1103/physrevb.46.6671,Pending,,,,,,,https://doi.org/10.1103/physrevb.46.6671,,,,,,,,,,,,,,,,,,,,,,,,,,,,,
W2148941593,Physics,The calculation of small molecular interactions by the differences of separate total energies. Some procedures with reduced errors,1970,https://doi.org/10.1080/00268977000101561,Pending,,,,,,,https://doi.org/10.1080/00268977000101561,,,,,,,,,,,,,,,,,,,,,,,,,,,,,
W2106140689,Physics,Numerical integration of the cartesian equations of motion of a system with constraints: molecular dynamics of n-alkanes,1977,https://doi.org/10.1016/0021-9991(77)90098-5,Pending,,,,,,,https://doi.org/10.1016/0021-9991(77)90098-5,,,,,,,,,,,,,,,,,,,,,,,,,,,,,
W2122427541,Physics,A climbing image nudged elastic band method for finding saddle points and minimum energy paths,2000,https://doi.org/10.1063/1.1329672,Pending,,,,,,,https://doi.org/10.1063/1.1329672,,,,,,,,,,,,,,,,,,,,,,,,,,,,,
W2131681506,Physics,Fast unfolding of communities in large networks,2008,https://doi.org/10.1088/1742-5468/2008/10/p10008,Pending,,,,,,,https://doi.org/10.1088/1742-5468/2008/10/p10008,,,,,,,,,,,,,,,,,,,,,,,,,,,,,
W2124637492,Physics,Statistical mechanics of complex networks,2002,https://doi.org/10.1103/revmodphys.74.47,Pending,,,,,,,https://doi.org/10.1103/revmodphys.74.47,,,,,,,,,,,,,,,,,,,,,,,,,,,,,
W2157300266,Physics,A Theory of Social Comparison Processes,1954,https://doi.org/10.1177/001872675400700202,Pending,,,,,,,https://doi.org/10.1177/001872675400700202,,,,,,,,,,,,,,,,,,,,,,,,,,,,,
W2102074887,Physics,<i>Colloquium</i>: Topological insulators,2010,https://doi.org/10.1103/revmodphys.82.3045,Pending,,,,,,,https://doi.org/10.1103/revmodphys.82.3045,,,,,,,,,,,,,,,,,,,,,,,,,,,,,
W2083926174,Physics,Optical Constants of the Noble Metals,1972,https://doi.org/10.1103/physrevb.6.4370,Pending,,,,,,,https://doi.org/10.1103/physrevb.6.4370,,,,,,,,,,,,,,,,,,,,,,,,,,,,,
W2073832139,Physics,Observational Evidence from Supernovae for an Accelerating Universe and a Cosmological Constant,1998,https://doi.org/10.1086/300499,Pending,,,,,,,https://doi.org/10.1086/300499,,,,,,,,,,,,,,,,,,,,,,,,,,,,,
W2085093563,Physics,Hybrid functionals based on a screened Coulomb potential,2003,https://doi.org/10.1063/1.1564060,Pending,,,,,,,https://doi.org/10.1063/1.1564060,,,,,,,,,,,,,,,,,,,,,,,,,,,,,
W2030841140,Physics,van der Waals Volumes and Radii,1964,https://doi.org/10.1021/j100785a001,Pending,,,,,,,https://doi.org/10.1021/j100785a001,,,,,,,,,,,,,,,,,,,,,,,,,,,,,
W2171268876,Physics,"GROMACS: Fast, flexible, and free",2005,https://doi.org/10.1002/jcc.20291,Pending,,,,,,,https://doi.org/10.1002/jcc.20291,,,,,,,,,,,,,,,,,,,,,,,,,,,,,
W2764347725,Physics,Quantum computation and quantum information,2001,https://doi.org/10.1145/505482.505499,Pending,,,,,,,https://doi.org/10.1145/505482.505499,,,,,,,,,,,,,,,,,,,,,,,,,,,,,
W2017196167,Physics,A unified formulation of the constant temperature molecular dynamics methods,1984,https://doi.org/10.1063/1.447334,Pending,,,,,,,https://doi.org/10.1063/1.447334,,,,,,,,,,,,,,,,,,,,,,,,,,,,,
W2008423326,Physics,Toward reliable density functional methods without adjustable parameters: The PBE0 model,1999,https://doi.org/10.1063/1.478522,Pending,,,,,,,https://doi.org/10.1063/1.478522,,,,,,,,,,,,,,,,,,,,,,,,,,,,,
W2148606196,Physics,The Structure and Function of Complex Networks,2003,https://doi.org/10.1137/s003614450342480,Pending,,,,,,,https://doi.org/10.1137/s003614450342480,,,,,,,,,,,,,,,,,,,,,,,,,,,,,
W2030687437,Physics,Density-functional approximation for the correlation energy of the inhomogeneous electron gas,1986,https://doi.org/10.1103/physrevb.33.8822,Pending,,,,,,,https://doi.org/10.1103/physrevb.33.8822,,,,,,,,,,,,,,,,,,,,,,,,,,,,,
W2057477511,Physics,Canonical sampling through velocity rescaling,2007,https://doi.org/10.1063/1.2408420,Pending,,,,,,,https://doi.org/10.1063/1.2408420,,,,,,,,,,,,,,,,,,,,,,,,,,,,,
W2061901927,Physics,Social network analysis methods and applications,1994,,Pending,,,,,,,https://openalex.org/W2061901927,,,,,,,,,,,,,,,,,,,,,,,,,,,,,
W1853767801,Physics,Measurements of Ω and Λ from 42 High‐Redshift Supernovae,1999,https://doi.org/10.1086/307221,Pending,,,,,,,https://doi.org/10.1086/307221,,,,,,,,,,,,,,,,,,,,,,,,,,,,,
W2899283552,Physics,Physics-informed neural networks: A deep learning framework for solving forward and inverse problems involving nonlinear partial differential equations,2018,https://doi.org/10.1016/j.jcp.2018.10.045,Pending,,,,,,,https://doi.org/10.1016/j.jcp.2018.10.045,,,,,,,,,,,,,,,,,,,,,,,,,,,,,
W2011215428,Physics,Universal Solvation Model Based on Solute Electron Density and on a Continuum Model of the Solvent Defined by the Bulk Dielectric Constant and Atomic Surface Tensions,2009,https://doi.org/10.1021/jp810292n,Pending,,,,,,,https://doi.org/10.1021/jp810292n,,,,,,,,,,,,,,,,,,,,,,,,,,,,,
W1971275758,Physics,Self-consistent molecular orbital methods. XX. A basis set for correlated wave functions,1980,https://doi.org/10.1063/1.438955,Pending,,,,,,,https://doi.org/10.1063/1.438955,,,,,,,,,,,,,,,,,,,,,,,,,,,,,
W2016260972,Physics,A profile refinement method for nuclear and magnetic structures,1969,https://doi.org/10.1107/s0021889869006558,Pending,,,,,,,https://doi.org/10.1107/s0021889869006558,,,,,,,,,,,,,,,,,,,,,,,,,,,,,
W2056944867,Physics,Centrality in social networks conceptual clarification,1978,https://doi.org/10.1016/0378-8733(78)90021-7,Pending,,,,,,,https://doi.org/10.1016/0378-8733(78)90021-7,,,,,,,,,,,,,,,,,,,,,,,,,,,,,
W1986407511,Physics,Can Quantum-Mechanical Description of Physical Reality Be Considered Complete?,1935,https://doi.org/10.1103/physrev.47.777,Pending,,,,,,,https://doi.org/10.1103/physrev.47.777,,,,,,,,,,,,,,,,,,,,,,,,,,,,,
W2070227796,Physics,"<i>ATHENA</i>,<i>ARTEMIS</i>,<i>HEPHAESTUS</i>: data analysis for X-ray absorption spectroscopy using<i>IFEFFIT</i>",2005,https://doi.org/10.1107/s0909049505012719,Pending,,,,,,,https://doi.org/10.1107/s0909049505012719,,,,,,,,,,,,,,,,,,,,,,,,,,,,,
W1997151511,Physics,Quantum Mechanical Continuum Solvation Models,2005,https://doi.org/10.1021/cr9904009,Pending,,,,,,,https://doi.org/10.1021/cr9904009,,,,,,,,,,,,,,,,,,,,,,,,,,,,,
W1982356449,Physics,A new mixing of Hartree–Fock and local density-functional theories,1993,https://doi.org/10.1063/1.464304,Pending,,,,,,,https://doi.org/10.1063/1.464304,,,,,,,,,,,,,,,,,,,,,,,,,,,,,
W2047968138,Physics,Visualization and analysis of atomistic simulation data with OVITO–the Open Visualization Tool,2009,https://doi.org/10.1088/0965-0393/18/1/015012,Pending,,,,,,,https://doi.org/10.1088/0965-0393/18/1/015012,,,,,,,,,,,,,,,,,,,,,,,,,,,,,
W2094642658,Physics,The influence of polarization functions on molecular orbital hydrogenation energies,1973,https://doi.org/10.1007/bf00533485,Pending,,,,,,,https://doi.org/10.1007/bf00533485,,,,,,,,,,,,,,,,,,,,,,,,,,,,,
W1971421925,Physics,Community structure in social and biological networks,2002,https://doi.org/10.1073/pnas.122653799,Pending,,,,,,,https://doi.org/10.1073/pnas.122653799,,,,,,,,,,,,,,,,,,,,,,,,,,,,,
W1993077801,Physics,Electron affinities of the first-row atoms revisited. Systematic basis sets and wave functions,1992,https://doi.org/10.1063/1.462569,Pending,,,,,,,https://doi.org/10.1063/1.462569,,,,,,,,,,,,,,,,,,,,,,,,,,,,,
W1966182479,Physics,<i>Ab initio</i> effective core potentials for molecular calculations. Potentials for K to Au including the outermost core orbitals,1985,https://doi.org/10.1063/1.448975,Pending,,,,,,,https://doi.org/10.1063/1.448975,,,,,,,,,,,,,,,,,,,,,,,,,,,,,
W2051381895,Physics,Development and Testing of the OPLS All-Atom Force Field on Conformational Energetics and Properties of Organic Liquids,1996,https://doi.org/10.1021/ja9621760,Pending,,,,,,,https://doi.org/10.1021/ja9621760,,,,,,,,,,,,,,,,,,,,,,,,,,,,,
W2111817932,Physics,Maps of Dust Infrared Emission for Use in Estimation of Reddening and Cosmic Microwave Background Radiation Foregrounds,1998,https://doi.org/10.1086/305772,Pending,,,,,,,https://doi.org/10.1086/305772,,,,,,,,,,,,,,,,,,,,,,,,,,,,,
W2062852634,Physics,A new hybrid exchange–correlation functional using the Coulomb-attenuating method (CAM-B3LYP),2004,https://doi.org/10.1016/j.cplett.2004.06.011,Pending,,,,,,,https://doi.org/10.1016/j.cplett.2004.06.011,,,,,,,,,,,,,,,,,,,,,,,,,,,,,
W2038840577,Physics,Refinement of Macromolecular Structures by the Maximum-Likelihood Method,1997,https://doi.org/10.1107/s0907444996012255,Pending,,,,,,,https://doi.org/10.1107/s0907444996012255,,,,,,,,,,,,,,,,,,,,,,,,,,,,,
W4249956767,Physics,The large $N$ limit of superconformal field theories and supergravity,1998,https://doi.org/10.4310/atmp.1998.v2.n2.a1,Pending,,,,,,,https://doi.org/10.4310/atmp.1998.v2.n2.a1,,,,,,,,,,,,,,,,,,,,,,,,,,,,,
W2159752439,Physics,First principles methods using CASTEP,2005,https://doi.org/10.1524/zkri.220.5.567.65075,Pending,,,,,,,https://doi.org/10.1524/zkri.220.5.567.65075,,,,,,,,,,,,,,,,,,,,,,,,,,,,,
W2020332193,Physics,Topological insulators and superconductors,2011,https://doi.org/10.1103/revmodphys.83.1057,Pending,,,,,,,https://doi.org/10.1103/revmodphys.83.1057,,,,,,,,,,,,,,,,,,,,,,,,,,,,,
W2054704030,Physics,"Generalized Gradient Approximation Made Simple [Phys. Rev. Lett. 77, 3865 (1996)]",1997,https://doi.org/10.1103/physrevlett.78.1396,Pending,,,,,,,https://doi.org/10.1103/physrevlett.78.1396,,,,,,,,,,,,,,,,,,,,,,,,,,,,,
W3150248096,Physics,Atomic Force Microscope,1986,https://doi.org/10.1103/physrevlett.56.930,Pending,,,,,,,https://doi.org/10.1103/physrevlett.56.930,,,,,,,,,,,,,,,,,,,,,,,,,,,,,
W2252795400,Physics,Observation of Gravitational Waves from a Binary Black Hole Merger,2016,https://doi.org/10.1103/physrevlett.116.061102,Pending,,,,,,,https://doi.org/10.1103/physrevlett.116.061102,,,,,,,,,,,,,,,,,,,,,,,,,,,,,
W4288079944,Physics,<i>Planck</i> 2018 results,2020,https://doi.org/10.1051/0004-6361/201833910,Pending,,,,,,,https://doi.org/10.1051/0004-6361/201833910,,,,,,,,,,,,,,,,,,,,,,,,,,,,,
W1485300768,Physics,Possible highT c superconductivity in the Ba?La?Cu?O system,1986,https://doi.org/10.1007/bf01303701,Pending,,,,,,,https://doi.org/10.1007/bf01303701,,,,,,,,,,,,,,,,,,,,,,,,,,,,,
W2095293504,Physics,Finding and evaluating community structure in networks,2004,https://doi.org/10.1103/physreve.69.026113,Pending,,,,,,,https://doi.org/10.1103/physreve.69.026113,,,,,,,,,,,,,,,,,,,,,,,,,,,,,
W1974293275,Physics,<i>The Properties of Gases and Liquids</i>,1959,https://doi.org/10.1063/1.3060771,Pending,,,,,,,https://doi.org/10.1063/1.3060771,,,,,,,,,,,,,,,,,,,,,,,,,,,,,
W2075689277,Physics,Inhibited Spontaneous Emission in Solid-State Physics and Electronics,1987,https://doi.org/10.1103/physrevlett.58.2059,Pending,,,,,,,https://doi.org/10.1103/physrevlett.58.2059,,,,,,,,,,,,,,,,,,,,,,,,,,,,,
W1978553093,Physics,Teleporting an unknown quantum state via dual classical and Einstein-Podolsky-Rosen channels,1993,https://doi.org/10.1103/physrevlett.70.1895,Pending,,,,,,,https://doi.org/10.1103/physrevlett.70.1895,,,,,,,,,,,,,,,,,,,,,,,,,,,,,
W2068617439,Physics,<i>Ab initio</i> effective core potentials for molecular calculations. Potentials for the transition metal atoms Sc to Hg,1985,https://doi.org/10.1063/1.448799,Pending,,,,,,,https://doi.org/10.1063/1.448799,,,,,,,,,,,,,,,,,,,,,,,,,,,,,
W1889142700,Physics,Anti de Sitter space and holography,1998,https://doi.org/10.4310/atmp.1998.v2.n2.a2,Pending,,,,,,,https://doi.org/10.4310/atmp.1998.v2.n2.a2,,,,,,,,,,,,,,,,,,,,,,,,,,,,,
W2032231305,Physics,Methods of Theoretical Physics,1954,https://doi.org/10.1119/1.1933765,Pending,,,,,,,https://doi.org/10.1119/1.1933765,,,,,,,,,,,,,,,,,,,,,,,,,,,,,
W2067718414,Physics,The ORCA program system,2011,https://doi.org/10.1002/wcms.81,Pending,,,,,,,https://doi.org/10.1002/wcms.81,,,,,,,,,,,,,,,,,,,,,,,,,,,,,
W2014437371,Physics,Theory of Superconductivity,1957,https://doi.org/10.1103/physrev.108.1175,Pending,,,,,,,https://doi.org/10.1103/physrev.108.1175,,,,,,,,,,,,,,,,,,,,,,,,,,,,,
W2090386790,Physics,Particle creation by black holes,1975,https://doi.org/10.1007/bf02345020,Pending,,,,,,,https://doi.org/10.1007/bf02345020,,,,,,,,,,,,,,,,,,,,,,,,,,,,,
W2032558547,Physics,Information Theory and Statistical Mechanics,1957,https://doi.org/10.1103/physrev.106.620,Pending,,,,,,,https://doi.org/10.1103/physrev.106.620,,,,,,,,,,,,,,,,,,,,,,,,,,,,,
W2129288307,Physics,A New Two-Constant Equation of State,1976,https://doi.org/10.1021/i160057a011,Pending,,,,,,,https://doi.org/10.1021/i160057a011,,,,,,,,,,,,,,,,,,,,,,,,,,,,,
W2963420686,Physics,Squeeze-and-Excitation Networks,2019,https://doi.org/10.1109/tpami.2019.2913372,Pending,,,,,,,https://doi.org/10.1109/tpami.2019.2913372,,,,,,,,,,,,,,,,,,,,,,,,,,,,,
W2264002775,Physics,Absence of Diffusion in Certain Random Lattices,1958,https://doi.org/10.1103/physrev.109.1492,Pending,,,,,,,https://doi.org/10.1103/physrev.109.1492,,,,,,,,,,,,,,,,,,,,,,,,,,,,,
W2151936673,Physics,Modularity and community structure in networks,2006,https://doi.org/10.1073/pnas.0601602103,Pending,,,,,,,https://doi.org/10.1073/pnas.0601602103,,,,,,,,,,,,,,,,,,,,,,,,,,,,,
W2135830616,Physics,On the Einstein Podolsky Rosen paradox,1964,https://doi.org/10.1103/physicsphysiquefizika.1.195,Pending,,,,,,,https://doi.org/10.1103/physicsphysiquefizika.1.195,,,,,,,,,,,,,,,,,,,,,,,,,,,,,
W2142220522,Physics,The Two Micron All Sky Survey (2MASS),2006,https://doi.org/10.1086/498708,Pending,,,,,,,https://doi.org/10.1086/498708,,,,,,,,,,,,,,,,,,,,,,,,,,,,,
W2141704677,Physics,The SIESTA method for<i>ab initio</i>order-<i>N</i>materials simulation,2002,https://doi.org/10.1088/0953-8984/14/11/302,Pending,,,,,,,https://doi.org/10.1088/0953-8984/14/11/302,,,,,,,,,,,,,,,,,,,,,,,,,,,,,
W2016168218,Physics,Restoring the Density-Gradient Expansion for Exchange in Solids and Surfaces,2008,https://doi.org/10.1103/physrevlett.100.136406,Pending,,,,,,,https://doi.org/10.1103/physrevlett.100.136406,,,,,,,,,,,,,,,,,,,,,,,,,,,,,
W2166244948,Physics,"First-principles simulation: ideas, illustrations and the CASTEP code",2002,https://doi.org/10.1088/0953-8984/14/11/301,Pending,,,,,,,https://doi.org/10.1088/0953-8984/14/11/301,,,,,,,,,,,,,,,,,,,,,,,,,,,,,
W1969200114,Physics,Spintronics: A Spin-Based Electronics Vision for the Future,2001,https://doi.org/10.1126/science.1065389,Pending,,,,,,,https://doi.org/10.1126/science.1065389,,,,,,,,,,,,,,,,,,,,,,,,,,,,,
W2127048411,Physics,Community detection in graphs,2009,https://doi.org/10.1016/j.physrep.2009.11.002,Pending,,,,,,,https://doi.org/10.1016/j.physrep.2009.11.002,,,,,,,,,,,,,,,,,,,,,,,,,,,,,
W2042473487,Physics,Spintronics: Fundamentals and applications,2004,https://doi.org/10.1103/revmodphys.76.323,Pending,,,,,,,https://doi.org/10.1103/revmodphys.76.323,,,,,,,,,,,,,,,,,,,,,,,,,,,,,
W2045276693,Physics,"Beiträge zur Optik trüber Medien, speziell kolloidaler Metallösungen",1908,https://doi.org/10.1002/andp.19083300302,Pending,,,,,,,https://doi.org/10.1002/andp.19083300302,,,,,,,,,,,,,,,,,,,,,,,,,,,,,
W1624806571,Physics,The continental crust: Its composition and evolution,1985,,Pending,,,,,,,https://openalex.org/W1624806571,,,,,,,,,,,,,,,,,,,,,,,,,,,,,
W2222517232,Physics,Effects of Configuration Interaction on Intensities and Phase Shifts,1961,https://doi.org/10.1103/physrev.124.1866,Pending,,,,,,,https://doi.org/10.1103/physrev.124.1866,,,,,,,,,,,,,,,,,,,,,,,,,,,,,
W2070722739,Physics,Complex networks: Structure and dynamics,2006,https://doi.org/10.1016/j.physrep.2005.10.009,Pending,,,,,,,https://doi.org/10.1016/j.physrep.2005.10.009,,,,,,,,,,,,,,,,,,,,,,,,,,,,,
W2118265220,Physics,First‐Year <i>Wilkinson Microwave Anisotropy Probe</i> ( <i>WMAP</i> ) Observations: Determination of Cosmological Parameters,2003,https://doi.org/10.1086/377226,Pending,,,,,,,https://doi.org/10.1086/377226,,,,,,,,,,,,,,,,,,,,,,,,,,,,,
W1966750682,Physics,From molecules to solids with the DMol3 approach,2000,https://doi.org/10.1063/1.1316015,Pending,,,,,,,https://doi.org/10.1063/1.1316015,,,,,,,,,,,,,,,,,,,,,,,,,,,,,
W2051051926,Physics,Quantum cryptography based on Bell’s theorem,1991,https://doi.org/10.1103/physrevlett.67.661,Pending,,,,,,,https://doi.org/10.1103/physrevlett.67.661,,,,,,,,,,,,,,,,,,,,,,,,,,,,,
W1858542512,Physics,Observation of a new particle in the search for the Standard Model Higgs boson with the ATLAS detector at the LHC,2012,https://doi.org/10.1016/j.physletb.2012.08.020,Pending,,,,,,,https://doi.org/10.1016/j.physletb.2012.08.020,,,,,,,,,,,,,,,,,,,,,,,,,,,,,
W4292875581,Physics,<i>Planck</i>2015 results,2016,https://doi.org/10.1051/0004-6361/201525830,Pending,,,,,,,https://doi.org/10.1051/0004-6361/201525830,,,,,,,,,,,,,,,,,,,,,,,,,,,,,
W1994671833,Physics,Stellar population synthesis at the resolution of 2003,2003,https://doi.org/10.1046/j.1365-8711.2003.06897.x,Pending,,,,,,,https://doi.org/10.1046/j.1365-8711.2003.06897.x,,,,,,,,,,,,,,,,,,,,,,,,,,,,,
W2155418451,Physics,Exact stochastic simulation of coupled chemical reactions,1977,https://doi.org/10.1021/j100540a008,Pending,,,,,,,https://doi.org/10.1021/j100540a008,,,,,,,,,,,,,,,,,,,,,,,,,,,,,
W1970442252,Physics,Synchronization in chaotic systems,1990,https://doi.org/10.1103/physrevlett.64.821,Pending,,,,,,,https://doi.org/10.1103/physrevlett.64.821,,,,,,,,,,,,,,,,,,,,,,,,,,,,,
W1965752441,Physics,An all-electron numerical method for solving the local density functional for polyatomic molecules,1990,https://doi.org/10.1063/1.458452,Pending,,,,,,,https://doi.org/10.1063/1.458452,,,,,,,,,,,,,,,,,,,,,,,,,,,,,
W2157917411,Physics,The Sloan Digital Sky Survey: Technical Summary,2000,https://doi.org/10.1086/301513,Pending,,,,,,,https://doi.org/10.1086/301513,,,,,,,,,,,,,,,,,,,,,,,,,,,,,
W1977457396,Physics,Abundances of the elements: Meteoritic and solar,1989,https://doi.org/10.1016/0016-7037(89)90286-x,Pending,,,,,,,https://doi.org/10.1016/0016-7037(89)90286-x,,,,,,,,,,,,,,,,,,,,,,,,,,,,,
W2030971064,Physics,"UFF, a full periodic table force field for molecular mechanics and molecular dynamics simulations",1992,https://doi.org/10.1021/ja00051a040,Pending,,,,,,,https://doi.org/10.1021/ja00051a040,,,,,,,,,,,,,,,,,,,,,,,,,,,,,
W229097380,Physics,The igraph software package for complex network research,2006,,Pending,,,,,,,https://openalex.org/W229097380,,,,,,,,,,,,,,,,,,,,,,,,,,,,,
W2094055587,Physics,Orbital angular momentum of light and the transformation of Laguerre-Gaussian laser modes,1992,https://doi.org/10.1103/physreva.45.8185,Pending,,,,,,,https://doi.org/10.1103/physreva.45.8185,,,,,,,,,,,,,,,,,,,,,,,,,,,,,
W2046528357,Physics,Free Energy of a Nonuniform System. I. Interfacial Free Energy,1958,https://doi.org/10.1063/1.1744102,Pending,,,,,,,https://doi.org/10.1063/1.1744102,,,,,,,,,,,,,,,,,,,,,,,,,,,,,
W2132914434,Physics,A tutorial on spectral clustering,2007,https://doi.org/10.1007/s11222-007-9033-z,Pending,,,,,,,https://doi.org/10.1007/s11222-007-9033-z,,,,,,,,,,,,,,,,,,,,,,,,,,,,,
W2040432202,Physics,X-ray line broadening from filed aluminium and wolfram,1953,https://doi.org/10.1016/0001-6160(53)90006-6,Pending,,,,,,,https://doi.org/10.1016/0001-6160(53)90006-6,,,,,,,,,,,,,,,,,,,,,,,,,,,,,
W2041638382,Physics,A molecular dynamics method for simulations in the canonical ensemble,1984,https://doi.org/10.1080/00268978400101201,Pending,,,,,,,https://doi.org/10.1080/00268978400101201,,,,,,,,,,,,,,,,,,,,,,,,,,,,,
W2121607567,Physics,Light Propagation with Phase Discontinuities: Generalized Laws of Reflection and Refraction,2011,https://doi.org/10.1126/science.1210713,Pending,,,,,,,https://doi.org/10.1126/science.1210713,,,,,,,,,,,,,,,,,,,,,,,,,,,,,
W2150345533,Physics,Chemistry with ADF,2001,https://doi.org/10.1002/jcc.1056,Pending,,,,,,,https://doi.org/10.1002/jcc.1056,,,,,,,,,,,,,,,,,,,,,,,,,,,,,
W2058848030,Physics,Quantum Calculation of Molecular Energies and Energy Gradients in Solution by a Conductor Solvent Model,1998,https://doi.org/10.1021/jp9716997,Pending,,,,,,,https://doi.org/10.1021/jp9716997,,,,,,,,,,,,,,,,,,,,,,,,,,,,,
W2044490585,Physics,<i>Ab initio</i> effective core potentials for molecular calculations. Potentials for main group elements Na to Bi,1985,https://doi.org/10.1063/1.448800,Pending,,,,,,,https://doi.org/10.1063/1.448800,,,,,,,,,,,,,,,,,,,,,,,,,,,,,
W2764433274,Physics,Philosophical transactions of the Royal Society of London. B,1886,,Pending,,,,,,,https://openalex.org/W2764433274,,,,,,,,,,,,,,,,,,,,,,,,,,,,,
W2167727518,Physics,Observation of a new boson at a mass of 125 GeV with the CMS experiment at the LHC,2012,https://doi.org/10.1016/j.physletb.2012.08.021,Pending,,,,,,,https://doi.org/10.1016/j.physletb.2012.08.021,,,,,,,,,,,,,,,,,,,,,,,,,,,,,
W2025169742,Physics,Strong localization of photons in certain disordered dielectric superlattices,1987,https://doi.org/10.1103/physrevlett.58.2486,Pending,,,,,,,https://doi.org/10.1103/physrevlett.58.2486,,,,,,,,,,,,,,,,,,,,,,,,,,,,,
W2134251287,Physics,Inflationary universe: A possible solution to the horizon and flatness problems,1981,https://doi.org/10.1103/physrevd.23.347,Pending,,,,,,,https://doi.org/10.1103/physrevd.23.347,,,,,,,,,,,,,,,,,,,,,,,,,,,,,
W1993383767,Physics,Natural population analysis,1985,https://doi.org/10.1063/1.449486,Pending,,,,,,,https://doi.org/10.1063/1.449486,,,,,,,,,,,,,,,,,,,,,,,,,,,,,
W3038698521,Physics,Classical Mechanics,1951,,Pending,,,,,,,https://openalex.org/W3038698521,,,,,,,,,,,,,,,,,,,,,,,,,,,,,
W2060003036,Physics,A Universal Density Profile from Hierarchical Clustering,1997,https://doi.org/10.1086/304888,Pending,,,,,,,https://doi.org/10.1086/304888,,,,,,,,,,,,,,,,,,,,,,,,,,,,,
W2041404167,Physics,A Mathematical Theory of Communication,1948,https://doi.org/10.1002/j.1538-7305.1948.tb00917.x,Pending,,,,,,,https://doi.org/10.1002/j.1538-7305.1948.tb00917.x,,,,,,,,,,,,,,,,,,,,,,,,,,,,,
W1552736770,Physics,Quantum Mechanics and Path Integrals,1966,https://doi.org/10.1049/sqj.1966.0063,Pending,,,,,,,https://doi.org/10.1049/sqj.1966.0063,,,,,,,,,,,,,,,,,,,,,,,,,,,,,
W1975708211,Physics,"Contracted Gaussian basis sets for molecular calculations. I. Second row atoms, <i>Z</i>=11–18",1980,https://doi.org/10.1063/1.438980,Pending,,,,,,,https://doi.org/10.1063/1.438980,,,,,,,,,,,,,,,,,,,,,,,,,,,,,
W2765081049,Physics,GW170817: Observation of Gravitational Waves from a Binary Neutron Star Inspiral,2017,https://doi.org/10.1103/physrevlett.119.161101,Pending,,,,,,,https://doi.org/10.1103/physrevlett.119.161101,,,,,,,,,,,,,,,,,,,,,,,,,,,,,
W2098432400,Physics,Iterative minimization techniques for<i>ab initio</i>total-energy calculations: molecular dynamics and conjugate gradients,1992,https://doi.org/10.1103/revmodphys.64.1045,Pending,,,,,,,https://doi.org/10.1103/revmodphys.64.1045,,,,,,,,,,,,,,,,,,,,,,,,,,,,,
W2078146328,Physics,Fully optimized contracted Gaussian basis sets for atoms Li to Kr,1992,https://doi.org/10.1063/1.463096,Pending,,,,,,,https://doi.org/10.1063/1.463096,,,,,,,,,,,,,,,,,,,,,,,,,,,,,
W2003949305,Physics,P<scp>ACKMOL</scp>: A package for building initial configurations for molecular dynamics simulations,2009,https://doi.org/10.1002/jcc.21224,Pending,,,,,,,https://doi.org/10.1002/jcc.21224,,,,,,,,,,,,,,,,,,,,,,,,,,,,,
W4240035468,Physics,Gaussian basis sets for use in correlated molecular calculations. III. The atoms aluminum through argon,1993,https://doi.org/10.1063/1.464303,Pending,,,,,,,https://doi.org/10.1063/1.464303,,,,,,,,,,,,,,,,,,,,,,,,,,,,,
W2086860422,Physics,"Ordering, metastability and phase transitions in two-dimensional systems",1973,https://doi.org/10.1088/0022-3719/6/7/010,Pending,,,,,,,https://doi.org/10.1088/0022-3719/6/7/010,,,,,,,,,,,,,,,,,,,,,,,,,,,,,
W2031430816,Physics,Improved tangent estimate in the nudged elastic band method for finding minimum energy paths and saddle points,2000,https://doi.org/10.1063/1.1323224,Pending,,,,,,,https://doi.org/10.1063/1.1323224,,,,,,,,,,,,,,,,,,,,,,,,,,,,,
W2090843874,Physics,"Computational electrodynamics, the finite-difference time-domain method",1996,https://doi.org/10.1016/0021-9169(96)80449-1,Pending,,,,,,,https://doi.org/10.1016/0021-9169(96)80449-1,,,,,,,,,,,,,,,,,,,,,,,,,,,,,
W2018763953,Physics,Statistical-Mechanical Theory of Irreversible Processes. I. General Theory and Simple Applications to Magnetic and Conduction Problems,1957,https://doi.org/10.1143/jpsj.12.570,Pending,,,,,,,https://doi.org/10.1143/jpsj.12.570,,,,,,,,,,,,,,,,,,,,,,,,,,,,,
W2899497983,Physics,The Chemical Composition of the Sun,2009,https://doi.org/10.1146/annurev.astro.46.060407.145222,Pending,,,,,,,https://doi.org/10.1146/annurev.astro.46.060407.145222,,,,,,,,,,,,,,,,,,,,,,,,,,,,,
W2323178299,Physics,"Computer ""Experiments"" on Classical Fluids. I. Thermodynamical Properties of Lennard-Jones Molecules",1967,https://doi.org/10.1103/physrev.159.98,Pending,,,,,,,https://doi.org/10.1103/physrev.159.98,,,,,,,,,,,,,,,,,,,,,,,,,,,,,
W2039609754,Physics,Gauge theory correlators from non-critical string theory,1998,https://doi.org/10.1016/s0370-2693(98)00377-3,Pending,,,,,,,https://doi.org/10.1016/s0370-2693(98)00377-3,,,,,,,,,,,,,,,,,,,,,,,,,,,,,
W2064777467,Physics,Large Mass Hierarchy from a Small Extra Dimension,1999,https://doi.org/10.1103/physrevlett.83.3370,Pending,,,,,,,https://doi.org/10.1103/physrevlett.83.3370,,,,,,,,,,,,,,,,,,,,,,,,,,,,,
W1965245884,Physics,Giant Magnetoresistance of (001)Fe/(001)Cr Magnetic Superlattices,1988,https://doi.org/10.1103/physrevlett.61.2472,Pending,,,,,,,https://doi.org/10.1103/physrevlett.61.2472,,,,,,,,,,,,,,,,,,,,,,,,,,,,,
W3165898261,Physics,On the Quantum Correction For Thermodynamic Equilibrium,1932,https://doi.org/10.1103/physrev.40.749,Pending,,,,,,,https://doi.org/10.1103/physrev.40.749,,,,,,,,,,,,,,,,,,,,,,,,,,,,,
W2097780038,Physics,Quantal phase factors accompanying adiabatic changes,1984,https://doi.org/10.1098/rspa.1984.0023,Pending,,,,,,,https://doi.org/10.1098/rspa.1984.0023,,,,,,,,,,,,,,,,,,,,,,,,,,,,,
W2138621811,Physics,Authoritative sources in a hyperlinked environment,1999,https://doi.org/10.1145/324133.324140,Pending,,,,,,,https://doi.org/10.1145/324133.324140,,,,,,,,,,,,,,,,,,,,,,,,,,,,,
W2163197622,Physics,Galactic Stellar and Substellar Initial Mass Function,2003,https://doi.org/10.1086/376392,Pending,,,,,,,https://doi.org/10.1086/376392,,,,,,,,,,,,,,,,,,,,,,,,,,,,,
W1510913788,Physics,Electron paramagnetic resonance of transition ions,1970,,Pending,,,,,,,https://openalex.org/W1510913788,,,,,,,,,,,,,,,,,,,,,,,,,,,,,
W2060429741,Physics,The Scherrer Formula for X-Ray Particle Size Determination,1939,https://doi.org/10.1103/physrev.56.978,Pending,,,,,,,https://doi.org/10.1103/physrev.56.978,,,,,,,,,,,,,,,,,,,,,,,,,,,,,
W2119547517,Physics,Accurate Coulomb-fitting basis sets for H to Rn,2006,https://doi.org/10.1039/b515623h,Pending,,,,,,,https://doi.org/10.1039/b515623h,,,,,,,,,,,,,,,,,,,,,,,,,,,,,
W2095474273,Physics,Electrostatic interaction of a solute with a continuum. A direct utilizaion of AB initio molecular potentials for the prevision of solvent effects,1981,https://doi.org/10.1016/0301-0104(81)85090-2,Pending,,,,,,,https://doi.org/10.1016/0301-0104(81)85090-2,,,,,,,,,,,,,,,,,,,,,,,,,,,,,
W2258584306,Physics,PYTHIA 6.4 physics and manual,2006,https://doi.org/10.1088/1126-6708/2006/05/026,Pending,,,,,,,https://doi.org/10.1088/1126-6708/2006/05/026,,,,,,,,,,,,,,,,,,,,,,,,,,,,,
W2147875900,Physics,SEVEN-YEAR<i>WILKINSON MICROWAVE ANISOTROPY PROBE</i>(<i>WMAP</i>) OBSERVATIONS: COSMOLOGICAL INTERPRETATION,2011,https://doi.org/10.1088/0067-0049/192/2/18,Pending,,,,,,,https://doi.org/10.1088/0067-0049/192/2/18,,,,,,,,,,,,,,,,,,,,,,,,,,,,,
W2058398316,Physics,Density-Functional Theory for Time-Dependent Systems,1984,https://doi.org/10.1103/physrevlett.52.997,Pending,,,,,,,https://doi.org/10.1103/physrevlett.52.997,,,,,,,,,,,,,,,,,,,,,,,,,,,,,
W2015295900,Physics,The Luminosity Function and Stellar Evolution.,1955,https://doi.org/10.1086/145971,Pending,,,,,,,https://doi.org/10.1086/145971,,,,,,,,,,,,,,,,,,,,,,,,,,,,,
W2798336535,Physics,<i>Gaia</i> Data Release 2,2018,https://doi.org/10.1051/0004-6361/201833051,Pending,,,,,,,https://doi.org/10.1051/0004-6361/201833051,,,,,,,,,,,,,,,,,,,,,,,,,,,,,
W2148020016,Physics,Magnetism from conductors and enhanced nonlinear phenomena,1999,https://doi.org/10.1109/22.798002,Pending,,,,,,,https://doi.org/10.1109/22.798002,,,,,,,,,,,,,,,,,,,,,,,,,,,,,
W2015723183,Physics,Energy-adjustedab initio pseudopotentials for the second and third row transition elements,1990,https://doi.org/10.1007/bf01114537,Pending,,,,,,,https://doi.org/10.1007/bf01114537,,,,,,,,,,,,,,,,,,,,,,,,,,,,,
W2049996223,Physics,Self-consistent molecular orbital methods 25. Supplementary functions for Gaussian basis sets,1984,https://doi.org/10.1063/1.447079,Pending,,,,,,,https://doi.org/10.1063/1.447079,,,,,,,,,,,,,,,,,,,,,,,,,,,,,
W2162488624,Physics,Stochastic Problems in Physics and Astronomy,1943,https://doi.org/10.1103/revmodphys.15.1,Pending,,,,,,,https://doi.org/10.1103/revmodphys.15.1,,,,,,,,,,,,,,,,,,,,,,,,,,,,,
W2092930273,Physics,A fifth-order perturbation comparison of electron correlation theories,1989,https://doi.org/10.1016/s0009-2614(89)87395-6,Pending,,,,,,,https://doi.org/10.1016/s0009-2614(89)87395-6,,,,,,,,,,,,,,,,,,,,,,,,,,,,,
W2028022118,Physics,Electronic structure calculations on workstation computers: The program system turbomole,1989,https://doi.org/10.1016/0009-2614(89)85118-8,Pending,,,,,,,https://doi.org/10.1016/0009-2614(89)85118-8,,,,,,,,,,,,,,,,,,,,,,,,,,,,,
W2793369479,Physics,Unconventional superconductivity in magic-angle graphene superlattices,2018,https://doi.org/10.1038/nature26160,Pending,,,,,,,https://doi.org/10.1038/nature26160,,,,,,,,,,,,,,,,,,,,,,,,,,,,,
W2011208902,Physics,Entanglement of Formation of an Arbitrary State of Two Qubits,1998,https://doi.org/10.1103/physrevlett.80.2245,Pending,,,,,,,https://doi.org/10.1103/physrevlett.80.2245,,,,,,,,,,,,,,,,,,,,,,,,,,,,,
W1986788497,Physics,<i>Linear and Nonlinear Waves</i>,1975,https://doi.org/10.1063/1.3069011,Pending,,,,,,,https://doi.org/10.1063/1.3069011,,,,,,,,,,,,,,,,,,,,,,,,,,,,,
W1991149034,Physics,Improved adsorption energetics within density-functional theory using revised Perdew-Burke-Ernzerhof functionals,1999,https://doi.org/10.1103/physrevb.59.7413,Pending,,,,,,,https://doi.org/10.1103/physrevb.59.7413,,,,,,,,,,,,,,,,,,,,,,,,,,,,,
W2008317504,Physics,Absence of Ferromagnetism or Antiferromagnetism in One- or Two-Dimensional Isotropic Heisenberg Models,1966,https://doi.org/10.1103/physrevlett.17.1133,Pending,,,,,,,https://doi.org/10.1103/physrevlett.17.1133,,,,,,,,,,,,,,,,,,,,,,,,,,,,,
W3105982350,Physics,Double-slit photoelectron interference in strong-field ionization of the neon dimer,2019,https://doi.org/10.15488/5174,Pending,,,,,,,https://doi.org/10.15488/5174,,,,,,,,,,,,,,,,,,,,,,,,,,,,,
W2790756470,Physics,Double-slit photoelectron interference in strong-field ionization of the neon dimer,2018,https://doi.org/10.1038/s41467-018-07882-8,Pending,,,,,,,https://doi.org/10.1038/s41467-018-07882-8,,,,,,,,,,,,,,,,,,,,,,,,,,,,,
W2084761689,Physics,Spin Diffusion Measurements: Spin Echoes in the Presence of a Time-Dependent Field Gradient,1965,https://doi.org/10.1063/1.1695690,Pending,,,,,,,https://doi.org/10.1063/1.1695690,,,,,,,,,,,,,,,,,,,,,,,,,,,,,
W2033990154,Physics,Self-consistent molecular orbital methods. XXIII. A polarization-type basis set for second-row elements,1982,https://doi.org/10.1063/1.444267,Pending,,,,,,,https://doi.org/10.1063/1.444267,,,,,,,,,,,,,,,,,,,,,,,,,,,,,
W1532082951,Physics,The Structure of Cold Dark Matter Halos,1996,https://doi.org/10.1086/177173,Pending,,,,,,,https://doi.org/10.1086/177173,,,,,,,,,,,,,,,,,,,,,,,,,,,,,
W1976161355,Physics,A well-behaved electrostatic potential based method using charge restraints for deriving atomic charges: the RESP model,1993,https://doi.org/10.1021/j100142a004,Pending,,,,,,,https://doi.org/10.1021/j100142a004,,,,,,,,,,,,,,,,,,,,,,,,,,,,,
W1979308046,Physics,Many-body physics with ultracold gases,2008,https://doi.org/10.1103/revmodphys.80.885,Pending,,,,,,,https://doi.org/10.1103/revmodphys.80.885,,,,,,,,,,,,,,,,,,,,,,,,,,,,,
W2052937506,Physics,THE WIDE-FIELD INFRARED SURVEY EXPLORER (WISE): MISSION DESCRIPTION AND INITIAL ON-ORBIT PERFORMANCE,2010,https://doi.org/10.1088/0004-6256/140/6/1868,Pending,,,,,,,https://doi.org/10.1088/0004-6256/140/6/1868,,,,,,,,,,,,,,,,,,,,,,,,,,,,,
W2091063438,Physics,Optical Absorption Intensities of Rare-Earth Ions,1962,https://doi.org/10.1103/physrev.127.750,Pending,,,,,,,https://doi.org/10.1103/physrev.127.750,,,,,,,,,,,,,,,,,,,,,,,,,,,,,
W2039559098,Physics,"Energies, structures, and electronic properties of molecules in solution with the C‐PCM solvation model",2003,https://doi.org/10.1002/jcc.10189,Pending,,,,,,,https://doi.org/10.1002/jcc.10189,,,,,,,,,,,,,,,,,,,,,,,,,,,,,
W1507437630,Physics,Photonic Crystals: Molding the Flow of Light,1995,,Pending,,,,,,,https://openalex.org/W1507437630,,,,,,,,,,,,,,,,,,,,,,,,,,,,,
W2037768897,Physics,Density matrix formulation for quantum renormalization groups,1992,https://doi.org/10.1103/physrevlett.69.2863,Pending,,,,,,,https://doi.org/10.1103/physrevlett.69.2863,,,,,,,,,,,,,,,,,,,,,,,,,,,,,
W1971230011,Physics,A new type of isotropic cosmological models without singularity,1980,https://doi.org/10.1016/0370-2693(80)90670-x,Pending,,,,,,,https://doi.org/10.1016/0370-2693(80)90670-x,,,,,,,,,,,,,,,,,,,,,,,,,,,,,
W1973663126,Physics,The Resonating Valence Bond State in La <sub>2</sub> CuO <sub>4</sub> and Superconductivity,1987,https://doi.org/10.1126/science.235.4793.1196,Pending,,,,,,,https://doi.org/10.1126/science.235.4793.1196,,,,,,,,,,,,,,,,,,,,,,,,,,,,,
W2047205370,Physics,<scp>WSXM</scp>: A software for scanning probe microscopy and a tool for nanotechnology,2007,https://doi.org/10.1063/1.2432410,Pending,,,,,,,https://doi.org/10.1063/1.2432410,,,,,,,,,,,,,,,,,,,,,,,,,,,,,
W2029343094,Physics,MEASURING REDDENING WITH SLOAN DIGITAL SKY SURVEY STELLAR SPECTRA AND RECALIBRATING SFD,2011,https://doi.org/10.1088/0004-637x/737/2/103,Pending,,,,,,,https://doi.org/10.1088/0004-637x/737/2/103,,,,,,,,,,,,,,,,,,,,,,,,,,,,,
W2075514521,Physics,Self-organized criticality: An explanation of the 1/<i>f</i>noise,1987,https://doi.org/10.1103/physrevlett.59.381,Pending,,,,,,,https://doi.org/10.1103/physrevlett.59.381,,,,,,,,,,,,,,,,,,,,,,,,,,,,,
W2000042664,Physics,Power-Law Distributions in Empirical Data,2009,https://doi.org/10.1137/070710111,Pending,,,,,,,https://doi.org/10.1137/070710111,,,,,,,,,,,,,,,,,,,,,,,,,,,,,
W2028815089,Physics,Proposed Experiment to Test Local Hidden-Variable Theories,1969,https://doi.org/10.1103/physrevlett.23.880,Pending,,,,,,,https://doi.org/10.1103/physrevlett.23.880,,,,,,,,,,,,,,,,,,,,,,,,,,,,,
W2015683881,Physics,On the generators of quantum dynamical semigroups,1976,https://doi.org/10.1007/bf01608499,Pending,,,,,,,https://doi.org/10.1007/bf01608499,,,,,,,,,,,,,,,,,,,,,,,,,,,,,
W2757803490,Physics,Advanced capabilities for materials modelling with Q <scp>uantum</scp> ESPRESSO,2017,https://doi.org/10.1088/1361-648x/aa8f79,Pending,,,,,,,https://doi.org/10.1088/1361-648x/aa8f79,,,,,,,,,,,,,,,,,,,,,,,,,,,,,
W2129760210,Physics,On the variation of the initial mass function,2001,https://doi.org/10.1046/j.1365-8711.2001.04022.x,Pending,,,,,,,https://doi.org/10.1046/j.1365-8711.2001.04022.x,,,,,,,,,,,,,,,,,,,,,,,,,,,,,
W2047940964,Physics,Finding community structure in very large networks,2004,https://doi.org/10.1103/physreve.70.066111,Pending,,,,,,,https://doi.org/10.1103/physreve.70.066111,,,,,,,,,,,,,,,,,,,,,,,,,,,,,
W2026912546,Physics,A simple efficient liquid scintillator for counting aqueous solutions in a liquid scintillation counter,1960,https://doi.org/10.1016/0003-2697(60)90025-7,Pending,,,,,,,https://doi.org/10.1016/0003-2697(60)90025-7,,,,,,,,,,,,,,,,,,,,,,,,,,,,,
W2110999179,Physics,"The automated computation of tree-level and next-to-leading order differential cross sections, and their matching to parton shower simulations",2014,https://doi.org/10.1007/jhep07(2014)079,Pending,,,,,,,https://doi.org/10.1007/jhep07(2014)079,,,,,,,,,,,,,,,,,,,,,,,,,,,,,
W2571036723,Physics,"SOURCES AND EFFECTS OF IONIZING RADIATION : United Nations Scientific Committee on the Effects of Atomic Radiation UNSCEAR 2000 Report to the General Assembly, with Scientific Annexes",2002,,Pending,,,,,,,https://openalex.org/W2571036723,,,,,,,,,,,,,,,,,,,,,,,,,,,,,
W2059401704,Physics,A semi-empirical method of absorption correction,1968,https://doi.org/10.1107/s0567739468000707,Pending,,,,,,,https://doi.org/10.1107/s0567739468000707,,,,,,,,,,,,,,,,,,,,,,,,,,,,,
W2015410655,Physics,Novel Type of Phase Transition in a System of Self-Driven Particles,1995,https://doi.org/10.1103/physrevlett.75.1226,Pending,,,,,,,https://doi.org/10.1103/physrevlett.75.1226,,,,,,,,,,,,,,,,,,,,,,,,,,,,,
W1989060947,Physics,Separable dual-space Gaussian pseudopotentials,1996,https://doi.org/10.1103/physrevb.54.1703,Pending,,,,,,,https://doi.org/10.1103/physrevb.54.1703,,,,,,,,,,,,,,,,,,,,,,,,,,,,,
W2017154611,Physics,Coherence in Spontaneous Radiation Processes,1954,https://doi.org/10.1103/physrev.93.99,Pending,,,,,,,https://doi.org/10.1103/physrev.93.99,,,,,,,,,,,,,,,,,,,,,,,,,,,,,
W2043365391,Physics,Electronic properties of two-dimensional systems,1982,https://doi.org/10.1103/revmodphys.54.437,Pending,,,,,,,https://doi.org/10.1103/revmodphys.54.437,,,,,,,,,,,,,,,,,,,,,,,,,,,,,
W2146478425,Physics,Black Holes and Entropy,1973,https://doi.org/10.1103/physrevd.7.2333,Pending,,,,,,,https://doi.org/10.1103/physrevd.7.2333,,,,,,,,,,,,,,,,,,,,,,,,,,,,,
W3084106382,Physics,Review of Particle Physics,2016,https://doi.org/10.1088/1674-1137/40/10/100001,Pending,,,,,,,https://doi.org/10.1088/1674-1137/40/10/100001,,,,,,,,,,,,,,,,,,,,,,,,,,,,,
W1991602497,Physics,Observation of Bose-Einstein Condensation in a Dilute Atomic Vapor,1995,https://doi.org/10.1126/science.269.5221.198,Pending,,,,,,,https://doi.org/10.1126/science.269.5221.198,,,,,,,,,,,,,,,,,,,,,,,,,,,,,
W4231649355,Physics,Electrophilicity Index,1999,https://doi.org/10.1021/ja983494x,Pending,,,,,,,https://doi.org/10.1021/ja983494x,,,,,,,,,,,,,,,,,,,,,,,,,,,,,
W2056173066,Physics,The cosmological constant problem,1989,https://doi.org/10.1103/revmodphys.61.1,Pending,,,,,,,https://doi.org/10.1103/revmodphys.61.1,,,,,,,,,,,,,,,,,,,,,,,,,,,,,
W2070151728,Physics,A Model of Leptons,1967,https://doi.org/10.1103/physrevlett.19.1264,Pending,,,,,,,https://doi.org/10.1103/physrevlett.19.1264,,,,,,,,,,,,,,,,,,,,,,,,,,,,,
W2095721433,Physics,An Alternative to Compactification,1999,https://doi.org/10.1103/physrevlett.83.4690,Pending,,,,,,,https://doi.org/10.1103/physrevlett.83.4690,,,,,,,,,,,,,,,,,,,,,,,,,,,,,
W2065769502,Physics,Error and attack tolerance of complex networks,2000,https://doi.org/10.1038/35019019,Pending,,,,,,,https://doi.org/10.1038/35019019,,,,,,,,,,,,,,,,,,,,,,,,,,,,,
W1984614201,Physics,"Results obtained with the correlation energy density functionals of becke and Lee, Yang and Parr",1989,https://doi.org/10.1016/0009-2614(89)87234-3,Pending,,,,,,,https://doi.org/10.1016/0009-2614(89)87234-3,,,,,,,,,,,,,,,,,,,,,,,,,,,,,
W2006271366,Physics,Band parameters for III–V compound semiconductors and their alloys,2001,https://doi.org/10.1063/1.1368156,Pending,,,,,,,https://doi.org/10.1063/1.1368156,,,,,,,,,,,,,,,,,,,,,,,,,,,,,
W2735806552,Physics,Anisotropic Superexchange Interaction and Weak Ferromagnetism,1960,https://doi.org/10.1103/physrev.120.91,Pending,,,,,,,https://doi.org/10.1103/physrev.120.91,,,,,,,,,,,,,,,,,,,,,,,,,,,,,
W2899140785,Physics,Review of Particle Physics,2018,https://doi.org/10.1103/physrevd.98.030001,Pending,,,,,,,https://doi.org/10.1103/physrevd.98.030001,,,,,,,,,,,,,,,,,,,,,,,,,,,,,
W1978493498,Physics,Rediscovering the Social Group: A Self-Categorization Theory.,1989,https://doi.org/10.2307/2073157,Pending,,,,,,,https://doi.org/10.2307/2073157,,,,,,,,,,,,,,,,,,,,,,,,,,,,,
W2033086537,Physics,"Embedded-atom method: Derivation and application to impurities, surfaces, and other defects in metals",1984,https://doi.org/10.1103/physrevb.29.6443,Pending,,,,,,,https://doi.org/10.1103/physrevb.29.6443,,,,,,,,,,,,,,,,,,,,,,,,,,,,,
W2164318957,Physics,"Efficient diffuse function‐augmented basis sets for anion calculations. III. The 3‐21+G basis set for first‐row elements, Li–F",1983,https://doi.org/10.1002/jcc.540040303,Pending,,,,,,,https://doi.org/10.1002/jcc.540040303,,,,,,,,,,,,,,,,,,,,,,,,,,,,,
W2035188058,Physics,Plasma perspective on strong field multiphoton ionization,1993,https://doi.org/10.1103/physrevlett.71.1994,Pending,,,,,,,https://doi.org/10.1103/physrevlett.71.1994,,,,,,,,,,,,,,,,,,,,,,,,,,,,,
W1875112053,Physics,Networks: An Introduction,2010,https://doi.org/10.1093/acprof:oso/9780199206650.001.0001,Pending,,,,,,,https://doi.org/10.1093/acprof:oso/9780199206650.001.0001,,,,,,,,,,,,,,,,,,,,,,,,,,,,,
W2032551484,Physics,Superconductivity at 93 K in a new mixed-phase Y-Ba-Cu-O compound system at ambient pressure,1987,https://doi.org/10.1103/physrevlett.58.908,Pending,,,,,,,https://doi.org/10.1103/physrevlett.58.908,,,,,,,,,,,,,,,,,,,,,,,,,,,,,
W2032719166,Physics,Climbing the Density Functional Ladder: Nonempirical Meta–Generalized Gradient Approximation Designed for Molecules and Solids,2003,https://doi.org/10.1103/physrevlett.91.146401,Pending,,,,,,,https://doi.org/10.1103/physrevlett.91.146401,,,,,,,,,,,,,,,,,,,,,,,,,,,,,
W2117734893,Physics,Quantum Spin Hall Effect and Topological Phase Transition in HgTe Quantum Wells,2006,https://doi.org/10.1126/science.1133734,Pending,,,,,,,https://doi.org/10.1126/science.1133734,,,,,,,,,,,,,,,,,,,,,,,,,,,,,
W3163993681,Physics,Physics-informed machine learning,2021,https://doi.org/10.1038/s42254-021-00314-5,Pending,,,,,,,https://doi.org/10.1038/s42254-021-00314-5,,,,,,,,,,,,,,,,,,,,,,,,,,,,,
W2061044423,Physics,"<mml:math xmlns:mml=""http://www.w3.org/1998/Math/MathML"" display=""inline""><mml:mi>CP</mml:mi></mml:math>Conservation in the Presence of Pseudoparticles",1977,https://doi.org/10.1103/physrevlett.38.1440,Pending,,,,,,,https://doi.org/10.1103/physrevlett.38.1440,,,,,,,,,,,,,,,,,,,,,,,,,,,,,
W2093914988,Physics,A simple measure of electron localization in atomic and molecular systems,1990,https://doi.org/10.1063/1.458517,Pending,,,,,,,https://doi.org/10.1063/1.458517,,,,,,,,,,,,,,,,,,,,,,,,,,,,,
W2061000251,Physics,New Method for High-Accuracy Determination of the Fine-Structure Constant Based on Quantized Hall Resistance,1980,https://doi.org/10.1103/physrevlett.45.494,Pending,,,,,,,https://doi.org/10.1103/physrevlett.45.494,,,,,,,,,,,,,,,,,,,,,,,,,,,,,
W147232447,Physics,The<i>Gaia</i>mission,2016,https://doi.org/10.1051/0004-6361/201629272,Pending,,,,,,,https://doi.org/10.1051/0004-6361/201629272,,,,,,,,,,,,,,,,,,,,,,,,,,,,,
W2113372755,Physics,Observation of a single-beam gradient force optical trap for dielectric particles,1986,https://doi.org/10.1364/ol.11.000288,Pending,,,,,,,https://doi.org/10.1364/ol.11.000288,,,,,,,,,,,,,,,,,,,,,,,,,,,,,
W4299533062,Physics,Convergence of Probability Measures,1969,https://doi.org/10.2307/1402124,Pending,,,,,,,https://doi.org/10.2307/1402124,,,,,,,,,,,,,,,,,,,,,,,,,,,,,
W2028948400,Physics,Significance of Electromagnetic Potentials in the Quantum Theory,1959,https://doi.org/10.1103/physrev.115.485,Pending,,,,,,,https://doi.org/10.1103/physrev.115.485,,,,,,,,,,,,,,,,,,,,,,,,,,,,,
W2152240519,Physics,Non-Abelian anyons and topological quantum computation,2008,https://doi.org/10.1103/revmodphys.80.1083,Pending,,,,,,,https://doi.org/10.1103/revmodphys.80.1083,,,,,,,,,,,,,,,,,,,,,,,,,,,,,
W1994880295,Physics,Influence of the exchange screening parameter on the performance of screened hybrid functionals,2006,https://doi.org/10.1063/1.2404663,Pending,,,,,,,https://doi.org/10.1063/1.2404663,,,,,,,,,,,,,,,,,,,,,,,,,,,,,
W1988150410,Physics,Dynamical mean-field theory of strongly correlated fermion systems and the limit of infinite dimensions,1996,https://doi.org/10.1103/revmodphys.68.13,Pending,,,,,,,https://doi.org/10.1103/revmodphys.68.13,,,,,,,,,,,,,,,,,,,,,,,,,,,,,
W2037807652,Physics,Quantized Hall Conductance in a Two-Dimensional Periodic Potential,1982,https://doi.org/10.1103/physrevlett.49.405,Pending,,,,,,,https://doi.org/10.1103/physrevlett.49.405,,,,,,,,,,,,,,,,,,,,,,,,,,,,,
W2066359652,Physics,Theory of dynamic critical phenomena,1977,https://doi.org/10.1103/revmodphys.49.435,Pending,,,,,,,https://doi.org/10.1103/revmodphys.49.435,,,,,,,,,,,,,,,,,,,,,,,,,,,,,
W2103282498,Physics,Quantum computation with quantum dots,1998,https://doi.org/10.1103/physreva.57.120,Pending,,,,,,,https://doi.org/10.1103/physreva.57.120,,,,,,,,,,,,,,,,,,,,,,,,,,,,,
W2327521297,Physics,"Simians, Cyborgs and Women: The Reinvention of Nature",1992,https://doi.org/10.2307/1395245,Pending,,,,,,,https://doi.org/10.2307/1395245,,,,,,,,,,,,,,,,,,,,,,,,,,,,,
W4292322877,Physics,Review of Particle Physics,2014,https://doi.org/10.1088/1674-1137/38/9/090001,Pending,,,,,,,https://doi.org/10.1088/1674-1137/38/9/090001,,,,,,,,,,,,,,,,,,,,,,,,,,,,,
W2117894566,Physics,Generalized gradient approximation for the exchange-correlation hole of a many-electron system,1996,https://doi.org/10.1103/physrevb.54.16533,Pending,,,,,,,https://doi.org/10.1103/physrevb.54.16533,,,,,,,,,,,,,,,,,,,,,,,,,,,,,
W2228259595,Physics,Coherent and Incoherent States of the Radiation Field,1963,https://doi.org/10.1103/physrev.131.2766,Pending,,,,,,,https://doi.org/10.1103/physrev.131.2766,,,,,,,,,,,,,,,,,,,,,,,,,,,,,
W3103362336,Physics,Power-law distributions in empirical data,2018,https://doi.org/10.1184/r1/6586835.v1,Pending,,,,,,,https://doi.org/10.1184/r1/6586835.v1,,,,,,,,,,,,,,,,,,,,,,,,,,,,,
W2108020239,Physics,The origins of order; self organization and selection in evolution,1994,https://doi.org/10.1016/0020-711x(94)90119-8,Pending,,,,,,,https://doi.org/10.1016/0020-711x(94)90119-8,,,,,,,,,,,,,,,,,,,,,,,,,,,,,
W1964504828,Physics,Current-driven excitation of magnetic multilayers,1996,https://doi.org/10.1016/0304-8853(96)00062-5,Pending,,,,,,,https://doi.org/10.1016/0304-8853(96)00062-5,,,,,,,,,,,,,,,,,,,,,,,,,,,,,
W3113109455,Physics,<i>Introduction to Percolation Theory</i>,1993,https://doi.org/10.1063/1.2808877,Pending,,,,,,,https://doi.org/10.1063/1.2808877,,,,,,,,,,,,,,,,,,,,,,,,,,,,,
W2166248051,Physics,The Large-N Limit of Superconformal Field Theories and Supergravity,1999,https://doi.org/10.1023/a:1026654312961,Pending,,,,,,,https://doi.org/10.1023/a:1026654312961,,,,,,,,,,,,,,,,,,,,,,,,,,,,,
W2252578136,Physics,Review of Particle Physics,2004,https://doi.org/10.1016/j.physletb.2004.06.001,Pending,,,,,,,https://doi.org/10.1016/j.physletb.2004.06.001,,,,,,,,,,,,,,,,,,,,,,,,,,,,,
W2990900957,Physics,Absorption and Scattering of Light by Small Particles,1984,https://doi.org/10.1080/716099663,Pending,,,,,,,https://doi.org/10.1080/716099663,,,,,,,,,,,,,,,,,,,,,,,,,,,,,
W2129579634,Physics,"Harmonic Vibrational Frequencies:  An Evaluation of Hartree−Fock, Møller−Plesset, Quadratic Configuration Interaction, Density Functional Theory, and Semiempirical Scale Factors",1996,https://doi.org/10.1021/jp960976r,Pending,,,,,,,https://doi.org/10.1021/jp960976r,,,,,,,,,,,,,,,,,,,,,,,,,,,,,
W2146061884,Physics,Electron correlations in narrow energy bands,1963,https://doi.org/10.1098/rspa.1963.0204,Pending,,,,,,,https://doi.org/10.1098/rspa.1963.0204,,,,,,,,,,,,,,,,,,,,,,,,,,,,,
W2067123857,Physics,"Real Spectra in Non-Hermitian Hamiltonians Having<mml:math xmlns:mml=""http://www.w3.org/1998/Math/MathML"" display=""inline""><mml:mi mathvariant=""bold-script"">P</mml:mi><mml:mi mathvariant=""bold-script"">T</mml:mi></mml:math>Symmetry",1998,https://doi.org/10.1103/physrevlett.80.5243,Pending,,,,,,,https://doi.org/10.1103/physrevlett.80.5243,,,,,,,,,,,,,,,,,,,,,,,,,,,,,
W2003378896,Physics,<i>Introduction to Superconductivity</i>,1996,https://doi.org/10.1063/1.2807811,Pending,,,,,,,https://doi.org/10.1063/1.2807811,,,,,,,,,,,,,,,,,,,,,,,,,,,,,
W2154748230,Physics,Three‐Year<i>Wilkinson Microwave Anisotropy Probe</i>(<i>WMAP</i>) Observations: Implications for Cosmology,2007,https://doi.org/10.1086/513700,Pending,,,,,,,https://doi.org/10.1086/513700,,,,,,,,,,,,,,,,,,,,,,,,,,,,,
W2023390323,Physics,Rationale for mixing exact exchange with density functional approximations,1996,https://doi.org/10.1063/1.472933,Pending,,,,,,,https://doi.org/10.1063/1.472933,,,,,,,,,,,,,,,,,,,,,,,,,,,,,
W2139937287,Physics,<i>Planck</i>2013 results. XVI. Cosmological parameters,2014,https://doi.org/10.1051/0004-6361/201321591,Pending,,,,,,,https://doi.org/10.1051/0004-6361/201321591,,,,,,,,,,,,,,,,,,,,,,,,,,,,,
W2169090745,Physics,<i>C</i><i>P</i>-Violation in the Renormalizable Theory of Weak Interaction,1973,https://doi.org/10.1143/ptp.49.652,Pending,,,,,,,https://doi.org/10.1143/ptp.49.652,,,,,,,,,,,,,,,,,,,,,,,,,,,,,
W2097455345,Physics,The hierarchy problem and new dimensions at a millimeter,1998,https://doi.org/10.1016/s0370-2693(98)00466-3,Pending,,,,,,,https://doi.org/10.1016/s0370-2693(98)00466-3,,,,,,,,,,,,,,,,,,,,,,,,,,,,,
W4244360209,Physics,Reciprocal Relations in Irreversible Processes. I.,1931,https://doi.org/10.1103/physrev.37.405,Pending,,,,,,,https://doi.org/10.1103/physrev.37.405,,,,,,,,,,,,,,,,,,,,,,,,,,,,,
W2131522386,Physics,STAR FORMATION IN GALAXIES ALONG THE HUBBLE SEQUENCE,1998,https://doi.org/10.1146/annurev.astro.36.1.189,Pending,,,,,,,https://doi.org/10.1146/annurev.astro.36.1.189,,,,,,,,,,,,,,,,,,,,,,,,,,,,,
W2085822586,Physics,DREIDING: a generic force field for molecular simulations,1990,https://doi.org/10.1021/j100389a010,Pending,,,,,,,https://doi.org/10.1021/j100389a010,,,,,,,,,,,,,,,,,,,,,,,,,,,,,
W2121431463,Physics,Linear methods in band theory,1975,https://doi.org/10.1103/physrevb.12.3060,Pending,,,,,,,https://doi.org/10.1103/physrevb.12.3060,,,,,,,,,,,,,,,,,,,,,,,,,,,,,
W2074670256,Physics,Crystal Statistics. I. A Two-Dimensional Model with an Order-Disorder Transition,1944,https://doi.org/10.1103/physrev.65.117,Pending,,,,,,,https://doi.org/10.1103/physrev.65.117,,,,,,,,,,,,,,,,,,,,,,,,,,,,,
W2131904845,Physics,Relaxation Effects in Nuclear Magnetic Resonance Absorption,1948,https://doi.org/10.1103/physrev.73.679,Pending,,,,,,,https://doi.org/10.1103/physrev.73.679,,,,,,,,,,,,,,,,,,,,,,,,,,,,,
W2012458244,Physics,A full coupled-cluster singles and doubles model: The inclusion of disconnected triples,1982,https://doi.org/10.1063/1.443164,Pending,,,,,,,https://doi.org/10.1063/1.443164,,,,,,,,,,,,,,,,,,,,,,,,,,,,,
W2078710135,Physics,Superconductivity at 39 K in magnesium diboride,2001,https://doi.org/10.1038/35065039,Pending,,,,,,,https://doi.org/10.1038/35065039,,,,,,,,,,,,,,,,,,,,,,,,,,,,,
W2786589993,Physics,III. An essay on the cohesion of fluids,1805,https://doi.org/10.1098/rstl.1805.0005,Pending,,,,,,,https://doi.org/10.1098/rstl.1805.0005,,,,,,,,,,,,,,,,,,,,,,,,,,,,,
W1981596913,Physics,Effects of Diffusion on Free Precession in Nuclear Magnetic Resonance Experiments,1954,https://doi.org/10.1103/physrev.94.630,Pending,,,,,,,https://doi.org/10.1103/physrev.94.630,,,,,,,,,,,,,,,,,,,,,,,,,,,,,
W1973861971,Physics,"A new inflationary universe scenario: A possible solution of the horizon, flatness, homogeneity, isotropy and primordial monopole problems",1982,https://doi.org/10.1016/0370-2693(82)91219-9,Pending,,,,,,,https://doi.org/10.1016/0370-2693(82)91219-9,,,,,,,,,,,,,,,,,,,,,,,,,,,,,
W2018742520,Physics,Random Data-Analysis and Measurement Procedures,1989,https://doi.org/10.1115/1.3269865,Pending,,,,,,,https://doi.org/10.1115/1.3269865,,,,,,,,,,,,,,,,,,,,,,,,,,,,,
W2100188138,Physics,The cosmological simulation code gadget-2,2005,https://doi.org/10.1111/j.1365-2966.2005.09655.x,Pending,,,,,,,https://doi.org/10.1111/j.1365-2966.2005.09655.x,,,,,,,,,,,,,,,,,,,,,,,,,,,,,
W4292887282,Physics,The Matthew Effect in Science,1968,https://doi.org/10.1126/science.159.3810.56,Pending,,,,,,,https://doi.org/10.1126/science.159.3810.56,,,,,,,,,,,,,,,,,,,,,,,,,,,,,
W2083402998,Physics,New Results in Linear Filtering and Prediction Theory,1961,https://doi.org/10.1115/1.3658902,Pending,,,,,,,https://doi.org/10.1115/1.3658902,,,,,,,,,,,,,,,,,,,,,,,,,,,,,
W2001755358,Physics,"Topological insulators in Bi2Se3, Bi2Te3 and Sb2Te3 with a single Dirac cone on the surface",2009,https://doi.org/10.1038/nphys1270,Pending,,,,,,,https://doi.org/10.1038/nphys1270,,,,,,,,,,,,,,,,,,,,,,,,,,,,,
W2088198211,Physics,"<mml:math xmlns:mml=""http://www.w3.org/1998/Math/MathML"" display=""inline""><mml:msub><mml:mi>Z</mml:mi><mml:mn>2</mml:mn></mml:msub></mml:math>Topological Order and the Quantum Spin Hall Effect",2005,https://doi.org/10.1103/physrevlett.95.146802,Pending,,,,,,,https://doi.org/10.1103/physrevlett.95.146802,,,,,,,,,,,,,,,,,,,,,,,,,,,,,
W2059885388,Physics,Accurate Molecular Van Der Waals Interactions from Ground-State Electron Density and Free-Atom Reference Data,2009,https://doi.org/10.1103/physrevlett.102.073005,Pending,,,,,,,https://doi.org/10.1103/physrevlett.102.073005,,,,,,,,,,,,,,,,,,,,,,,,,,,,,
W2155155530,Physics,ReaxFF:  A Reactive Force Field for Hydrocarbons,2001,https://doi.org/10.1021/jp004368u,Pending,,,,,,,https://doi.org/10.1021/jp004368u,,,,,,,,,,,,,,,,,,,,,,,,,,,,,
W2101893110,Physics,"Model for a Quantum Hall Effect without Landau Levels: Condensed-Matter Realization of the ""Parity Anomaly""",1988,https://doi.org/10.1103/physrevlett.61.2015,Pending,,,,,,,https://doi.org/10.1103/physrevlett.61.2015,,,,,,,,,,,,,,,,,,,,,,,,,,,,,
W2963002078,Physics,Review of Particle Physics,2022,https://doi.org/10.1093/ptep/ptac097,Pending,,,,,,,https://doi.org/10.1093/ptep/ptac097,,,,,,,,,,,,,,,,,,,,,,,,,,,,,
W2042321087,Physics,A general method for numerically simulating the stochastic time evolution of coupled chemical reactions,1976,https://doi.org/10.1016/0021-9991(76)90041-3,Pending,,,,,,,https://doi.org/10.1016/0021-9991(76)90041-3,,,,,,,,,,,,,,,,,,,,,,,,,,,,,
W2131279590,Physics,DYNAMICS OF DARK ENERGY,2006,https://doi.org/10.1142/s021827180600942x,Pending,,,,,,,https://doi.org/10.1142/s021827180600942x,,,,,,,,,,,,,,,,,,,,,,,,,,,,,
W2154421583,Physics,Vortices in high-temperature superconductors,1994,https://doi.org/10.1103/revmodphys.66.1125,Pending,,,,,,,https://doi.org/10.1103/revmodphys.66.1125,,,,,,,,,,,,,,,,,,,,,,,,,,,,,
W4238591974,Physics,CiteSpace II: Detecting and visualizing emerging trends and transient patterns in scientific literature,2005,https://doi.org/10.1002/asi.20317,Pending,,,,,,,https://doi.org/10.1002/asi.20317,,,,,,,,,,,,,,,,,,,,,,,,,,,,,
W2100507804,Physics,The anti-<i>k</i><sub><i>t</i></sub>jet clustering algorithm,2008,https://doi.org/10.1088/1126-6708/2008/04/063,Pending,,,,,,,https://doi.org/10.1088/1126-6708/2008/04/063,,,,,,,,,,,,,,,,,,,,,,,,,,,,,
W2313053919,Physics,An introduction to fluid dynamics,1968,https://doi.org/10.1016/0017-9310(68)90038-0,Pending,,,,,,,https://doi.org/10.1016/0017-9310(68)90038-0,,,,,,,,,,,,,,,,,,,,,,,,,,,,,
W2092144432,Physics,Reaction-rate theory: fifty years after Kramers,1990,https://doi.org/10.1103/revmodphys.62.251,Pending,,,,,,,https://doi.org/10.1103/revmodphys.62.251,,,,,,,,,,,,,,,,,,,,,,,,,,,,,
W2084864304,Physics,Theory of open quantum systems,2002,https://doi.org/10.1063/1.1474579,Pending,,,,,,,https://doi.org/10.1063/1.1474579,,,,,,,,,,,,,,,,,,,,,,,,,,,,,
W2014767176,Physics,An improved algorithm for reaction path following,1989,https://doi.org/10.1063/1.456010,Pending,,,,,,,https://doi.org/10.1063/1.456010,,,,,,,,,,,,,,,,,,,,,,,,,,,,,
W2090813143,Physics,Scaling Theory of Localization: Absence of Quantum Diffusion in Two Dimensions,1979,https://doi.org/10.1103/physrevlett.42.673,Pending,,,,,,,https://doi.org/10.1103/physrevlett.42.673,,,,,,,,,,,,,,,,,,,,,,,,,,,,,
W2043175787,Physics,Quantum Spin Hall Insulator State in HgTe Quantum Wells,2007,https://doi.org/10.1126/science.1148047,Pending,,,,,,,https://doi.org/10.1126/science.1148047,,,,,,,,,,,,,,,,,,,,,,,,,,,,,
W2080977367,Physics,A numerical approach to the testing of the fission hypothesis,1977,https://doi.org/10.1086/112164,Pending,,,,,,,https://doi.org/10.1086/112164,,,,,,,,,,,,,,,,,,,,,,,,,,,,,
W1573927207,Physics,Applications of lie groups to differential equations,1990,https://doi.org/10.1007/bf00049574,Pending,,,,,,,https://doi.org/10.1007/bf00049574,,,,,,,,,,,,,,,,,,,,,,,,,,,,,
W1994540310,Physics,Monodisperse FePt Nanoparticles and Ferromagnetic FePt Nanocrystal Superlattices,2000,https://doi.org/10.1126/science.287.5460.1989,Pending,,,,,,,https://doi.org/10.1126/science.287.5460.1989,,,,,,,,,,,,,,,,,,,,,,,,,,,,,
W2041893040,Physics,A Powder Technique for the Evaluation of Nonlinear Optical Materials,1968,https://doi.org/10.1063/1.1656857,Pending,,,,,,,https://doi.org/10.1063/1.1656857,,,,,,,,,,,,,,,,,,,,,,,,,,,,,
W2041157860,Physics,Threshold Models of Collective Behavior,1978,https://doi.org/10.1086/226707,Pending,,,,,,,https://doi.org/10.1086/226707,,,,,,,,,,,,,,,,,,,,,,,,,,,,,
W2015370254,Physics,Social Network Analysis: A Handbook.,1993,https://doi.org/10.2307/2075047,Pending,,,,,,,https://doi.org/10.2307/2075047,,,,,,,,,,,,,,,,,,,,,,,,,,,,,
W1976579441,Physics,HEALPix: A Framework for High‐Resolution Discretization and Fast Analysis of Data Distributed on the Sphere,2005,https://doi.org/10.1086/427976,Pending,,,,,,,https://doi.org/10.1086/427976,,,,,,,,,,,,,,,,,,,,,,,,,,,,,
W1581228648,Physics,Review of Particle Physics,2012,https://doi.org/10.1103/physrevd.86.010001,Pending,,,,,,,https://doi.org/10.1103/physrevd.86.010001,,,,,,,,,,,,,,,,,,,,,,,,,,,,,
W2167590372,Chemistry,Revised effective ionic radii and systematic studies of interatomic distances in halides and chalcogenides,1976,https://doi.org/10.1107/s0567739476001551,Pending,,,,,,,https://doi.org/10.1107/s0567739476001551,,,,,,,,,,,,,,,,,,,,,,,,,,,,,
W2298230951,Chemistry,Official Methods of Analysis of,1980,https://doi.org/10.1021/ac50052a726,Pending,,,,,,,https://doi.org/10.1021/ac50052a726,,,,,,,,,,,,,,,,,,,,,,,,,,,,,
W2018858346,Chemistry,Helical microtubules of graphitic carbon,1991,https://doi.org/10.1038/354056a0,Pending,,,,,,,https://doi.org/10.1038/354056a0,,,,,,,,,,,,,,,,,,,,,,,,,,,,,
W2042492216,Chemistry,Electrochemical Photolysis of Water at a Semiconductor Electrode,1972,https://doi.org/10.1038/238037a0,Pending,,,,,,,https://doi.org/10.1038/238037a0,,,,,,,,,,,,,,,,,,,,,,,,,,,,,
W2063450941,Chemistry,Detection of specific sequences among DNA fragments separated by gel electrophoresis,1975,https://doi.org/10.1016/s0022-2836(75)80083-0,Pending,,,,,,,https://doi.org/10.1016/s0022-2836(75)80083-0,,,,,,,,,,,,,,,,,,,,,,,,,,,,,
W2087070363,Chemistry,An Algorithm for Least-Squares Estimation of Nonlinear Parameters,1963,https://doi.org/10.1137/0111030,Pending,,,,,,,https://doi.org/10.1137/0111030,,,,,,,,,,,,,,,,,,,,,,,,,,,,,
W2012991711,Chemistry,Antioxidant activity applying an improved ABTS radical cation decolorization assay,1999,https://doi.org/10.1016/s0891-5849(98)00315-3,Pending,,,,,,,https://doi.org/10.1016/s0891-5849(98)00315-3,,,,,,,,,,,,,,,,,,,,,,,,,,,,,
W2065853716,Chemistry,Use of a free radical method to evaluate antioxidant activity,1995,https://doi.org/10.1016/s0023-6438(95)80008-5,Pending,,,,,,,https://doi.org/10.1016/s0023-6438(95)80008-5,,,,,,,,,,,,,,,,,,,,,,,,,,,,,
W2114004260,Chemistry,Colorimetry of Total Phenolics with Phosphomolybdic-Phosphotungstic Acid Reagents,1965,https://doi.org/10.5344/ajev.1965.16.3.144,Pending,,,,,,,https://doi.org/10.5344/ajev.1965.16.3.144,,,,,,,,,,,,,,,,,,,,,,,,,,,,,
W2148284063,Chemistry,Ab Initio Calculation of Vibrational Absorption and Circular Dichroism Spectra Using Density Functional Force Fields,1994,https://doi.org/10.1021/j100096a001,Pending,,,,,,,https://doi.org/10.1021/j100096a001,,,,,,,,,,,,,,,,,,,,,,,,,,,,,
W1986113254,Chemistry,"THE ADSORPTION OF GASES ON PLANE SURFACES OF GLASS, MICA AND PLATINUM.",1918,https://doi.org/10.1021/ja02242a004,Pending,,,,,,,https://doi.org/10.1021/ja02242a004,,,,,,,,,,,,,,,,,,,,,,,,,,,,,
W1989157562,Chemistry,Electrochemical Methods: Fundamentals and Applications,1980,,Pending,,,,,,,https://openalex.org/W1989157562,,,,,,,,,,,,,,,,,,,,,,,,,,,,,
W2056722718,Chemistry,Introduction to Solid State Physics,1957,https://doi.org/10.1119/1.1934457,Pending,,,,,,,https://doi.org/10.1119/1.1934457,,,,,,,,,,,,,,,,,,,,,,,,,,,,,
W2109606373,Chemistry,Smoothing and Differentiation of Data by Simplified Least Squares Procedures.,1964,https://doi.org/10.1021/ac60214a047,Pending,,,,,,,https://doi.org/10.1021/ac60214a047,,,,,,,,,,,,,,,,,,,,,,,,,,,,,
W2022950330,Chemistry,General atomic and molecular electronic structure system,1993,https://doi.org/10.1002/jcc.540141112,Pending,,,,,,,https://doi.org/10.1002/jcc.540141112,,,,,,,,,,,,,,,,,,,,,,,,,,,,,
W2016381774,Chemistry,Hierarchical Grouping to Optimize an Objective Function,1963,https://doi.org/10.1080/01621459.1963.10500845,Pending,,,,,,,https://doi.org/10.1080/01621459.1963.10500845,,,,,,,,,,,,,,,,,,,,,,,,,,,,,
W4232534952,Chemistry,Measurement of protein using bicinchoninic acid,1985,https://doi.org/10.1016/0003-2697(85)90442-7,Pending,,,,,,,https://doi.org/10.1016/0003-2697(85)90442-7,,,,,,,,,,,,,,,,,,,,,,,,,,,,,
W2038767330,Chemistry,"Intermolecular interactions from a natural bond orbital, donor-acceptor viewpoint",1988,https://doi.org/10.1021/cr00088a005,Pending,,,,,,,https://doi.org/10.1021/cr00088a005,,,,,,,,,,,,,,,,,,,,,,,,,,,,,
W2141939342,Chemistry,The Chemistry and Applications of Metal-Organic Frameworks,2013,https://doi.org/10.1126/science.1230444,Pending,,,,,,,https://doi.org/10.1126/science.1230444,,,,,,,,,,,,,,,,,,,,,,,,,,,,,
W2314659927,Chemistry,Principles of Polymer Chemistry.,1954,https://doi.org/10.1021/ja01639a090,Pending,,,,,,,https://doi.org/10.1021/ja01639a090,,,,,,,,,,,,,,,,,,,,,,,,,,,,,
W2012034410,Chemistry,Tissue-based map of the human proteome,2015,https://doi.org/10.1126/science.1260419,Pending,,,,,,,https://doi.org/10.1126/science.1260419,,,,,,,,,,,,,,,,,,,,,,,,,,,,,
W11476871,Chemistry,C60: Buckminsterfullerene,1985,https://doi.org/10.1038/318162a0,Pending,,,,,,,https://doi.org/10.1038/318162a0,,,,,,,,,,,,,,,,,,,,,,,,,,,,,
W2080752012,Chemistry,"MaxQuant enables high peptide identification rates, individualized p.p.b.-range mass accuracies and proteome-wide protein quantification",2008,https://doi.org/10.1038/nbt.1511,Pending,,,,,,,https://doi.org/10.1038/nbt.1511,,,,,,,,,,,,,,,,,,,,,,,,,,,,,
W2046412723,Chemistry,Self—Consistent Molecular Orbital Methods. XII. Further Extensions of Gaussian—Type Basis Sets for Use in Molecular Orbital Studies of Organic Molecules,1972,https://doi.org/10.1063/1.1677527,Pending,,,,,,,https://doi.org/10.1063/1.1677527,,,,,,,,,,,,,,,,,,,,,,,,,,,,,
W1995017064,Chemistry,Crystallography &amp; NMR System: A New Software Suite for Macromolecular Structure Determination,1998,https://doi.org/10.1107/s0907444998003254,Pending,,,,,,,https://doi.org/10.1107/s0907444998003254,,,,,,,,,,,,,,,,,,,,,,,,,,,,,
W2145538332,Chemistry,Structure validation in chemical crystallography,2009,https://doi.org/10.1107/s090744490804362x,Pending,,,,,,,https://doi.org/10.1107/s090744490804362x,,,,,,,,,,,,,,,,,,,,,,,,,,,,,
W2094498700,Chemistry,Spectrometric identification of organic compounds,1962,https://doi.org/10.1021/ed039p546,Pending,,,,,,,https://doi.org/10.1021/ed039p546,,,,,,,,,,,,,,,,,,,,,,,,,,,,,
W2026907619,Chemistry,Ground State of the Electron Gas by a Stochastic Method,1980,https://doi.org/10.1103/physrevlett.45.566,Pending,,,,,,,https://doi.org/10.1103/physrevlett.45.566,,,,,,,,,,,,,,,,,,,,,,,,,,,,,
W2049475242,Chemistry,The missing term in effective pair potentials,1987,https://doi.org/10.1021/j100308a038,Pending,,,,,,,https://doi.org/10.1021/j100308a038,,,,,,,,,,,,,,,,,,,,,,,,,,,,,
W4229499352,Chemistry,Introduction to Solid State Physics,1953,https://doi.org/10.1119/1.1933590,Pending,,,,,,,https://doi.org/10.1119/1.1933590,,,,,,,,,,,,,,,,,,,,,,,,,,,,,
W2039469634,Chemistry,Electrochemical Methods: Fundamentals and Applications,2003,https://doi.org/10.1108/acmm.2003.12850eae.001,Pending,,,,,,,https://doi.org/10.1108/acmm.2003.12850eae.001,,,,,,,,,,,,,,,,,,,,,,,,,,,,,
W1607286065,Chemistry,The nature of the chemical bond—1992,1992,https://doi.org/10.1021/ed069p519,Pending,,,,,,,https://doi.org/10.1021/ed069p519,,,,,,,,,,,,,,,,,,,,,,,,,,,,,
W2077973224,Chemistry,Development and use of quantum mechanical molecular models. 76. AM1: a new general purpose quantum mechanical molecular model,1985,https://doi.org/10.1021/ja00299a024,Pending,,,,,,,https://doi.org/10.1021/ja00299a024,,,,,,,,,,,,,,,,,,,,,,,,,,,,,
W4256503849,Chemistry,Click Chemistry: Diverse Chemical Function from a Few Good Reactions,2001,https://doi.org/10.1002/1521-3773(20010601)40:11<2004::aid-anie2004>3.0.co;2-5,Pending,,,,,,,https://doi.org/10.1002/1521-3773(20010601)40:11<2004::aid-anie2004>3.0.co;2-5,,,,,,,,,,,,,,,,,,,,,,,,,,,,,
W1978890358,Chemistry,Palladium-Catalyzed Cross-Coupling Reactions of Organoboron Compounds,1995,https://doi.org/10.1021/cr00039a007,Pending,,,,,,,https://doi.org/10.1021/cr00039a007,,,,,,,,,,,,,,,,,,,,,,,,,,,,,
W1926950498,Chemistry,"Critical Review of rate constants for reactions of hydrated electrons, hydrogen atoms and hydroxyl radicals (⋅OH/⋅O− in Aqueous Solution",1988,https://doi.org/10.1063/1.555805,Pending,,,,,,,https://doi.org/10.1063/1.555805,,,,,,,,,,,,,,,,,,,,,,,,,,,,,
W2054979333,Chemistry,The Determination of Enzyme Dissociation Constants,1934,https://doi.org/10.1021/ja01318a036,Pending,,,,,,,https://doi.org/10.1021/ja01318a036,,,,,,,,,,,,,,,,,,,,,,,,,,,,,
W2052393515,Chemistry,Sequential extraction procedure for the speciation of particulate trace metals,1979,https://doi.org/10.1021/ac50043a017,Pending,,,,,,,https://doi.org/10.1021/ac50043a017,,,,,,,,,,,,,,,,,,,,,,,,,,,,,
W2089468765,Chemistry,Principal component analysis,1987,https://doi.org/10.1016/0169-7439(87)80084-9,Pending,,,,,,,https://doi.org/10.1016/0169-7439(87)80084-9,,,,,,,,,,,,,,,,,,,,,,,,,,,,,
W1975085160,Chemistry,Tricine-sodium dodecyl sulfate-polyacrylamide gel electrophoresis for the separation of proteins in the range from 1 to 100 kDa,1987,https://doi.org/10.1016/0003-2697(87)90587-2,Pending,,,,,,,https://doi.org/10.1016/0003-2697(87)90587-2,,,,,,,,,,,,,,,,,,,,,,,,,,,,,
W2119585240,Chemistry,"Photocatalysis on TiO2 Surfaces: Principles, Mechanisms, and Selected Results",1995,https://doi.org/10.1021/cr00035a013,Pending,,,,,,,https://doi.org/10.1021/cr00035a013,,,,,,,,,,,,,,,,,,,,,,,,,,,,,
W2145662716,Chemistry,A Stepwise Huisgen Cycloaddition Process: Copper(I)-Catalyzed Regioselective “Ligation” of Azides and Terminal Alkynes,2002,https://doi.org/10.1002/1521-3773(20020715)41:14<2596::aid-anie2596>3.0.co;2-4,Pending,,,,,,,https://doi.org/10.1002/1521-3773(20020715)41:14<2596::aid-anie2596>3.0.co;2-4,,,,,,,,,,,,,,,,,,,,,,,,,,,,,
W1999937609,Chemistry,Functional Porous Coordination Polymers,2004,https://doi.org/10.1002/anie.200300610,Pending,,,,,,,https://doi.org/10.1002/anie.200300610,,,,,,,,,,,,,,,,,,,,,,,,,,,,,
W2058363175,Chemistry,Self-Consistent Molecular-Orbital Methods. IX. An Extended Gaussian-Type Basis for Molecular-Orbital Studies of Organic Molecules,1971,https://doi.org/10.1063/1.1674902,Pending,,,,,,,https://doi.org/10.1063/1.1674902,,,,,,,,,,,,,,,,,,,,,,,,,,,,,
W2128179591,Chemistry,On enantiomorph-polarity estimation,1983,https://doi.org/10.1107/s0108767383001762,Pending,,,,,,,https://doi.org/10.1107/s0108767383001762,,,,,,,,,,,,,,,,,,,,,,,,,,,,,
W2032842297,Chemistry,The Cambridge Structural Database: a quarter of a million crystal structures and rising,2002,https://doi.org/10.1107/s0108768102003890,Pending,,,,,,,https://doi.org/10.1107/s0108768102003890,,,,,,,,,,,,,,,,,,,,,,,,,,,,,
W2005877813,Chemistry,<b>Hard and Soft Acids and Bases</b>,1963,https://doi.org/10.1021/ja00905a001,Pending,,,,,,,https://doi.org/10.1021/ja00905a001,,,,,,,,,,,,,,,,,,,,,,,,,,,,,
W2319902168,Chemistry,The Cambridge Structural Database,2016,https://doi.org/10.1107/s2052520616003954,Pending,,,,,,,https://doi.org/10.1107/s2052520616003954,,,,,,,,,,,,,,,,,,,,,,,,,,,,,
W2026039351,Chemistry,Dispersion and Absorption in Dielectrics I. Alternating Current Characteristics,1941,https://doi.org/10.1063/1.1750906,Pending,,,,,,,https://doi.org/10.1063/1.1750906,,,,,,,,,,,,,,,,,,,,,,,,,,,,,
W2314104404,Chemistry,THE CONSTITUTION AND FUNDAMENTAL PROPERTIES OF SOLIDS AND LIQUIDS. PART I. SOLIDS.,1916,https://doi.org/10.1021/ja02268a002,Pending,,,,,,,https://doi.org/10.1021/ja02268a002,,,,,,,,,,,,,,,,,,,,,,,,,,,,,
W2073503722,Chemistry,PLS-regression: a basic tool of chemometrics,2001,https://doi.org/10.1016/s0169-7439(01)00155-1,Pending,,,,,,,https://doi.org/10.1016/s0169-7439(01)00155-1,,,,,,,,,,,,,,,,,,,,,,,,,,,,,
W2295124130,Chemistry,Principal component analysis: a review and recent developments,2016,https://doi.org/10.1098/rsta.2015.0202,Pending,,,,,,,https://doi.org/10.1098/rsta.2015.0202,,,,,,,,,,,,,,,,,,,,,,,,,,,,,
W2011020653,Chemistry,Adsorption Surface Area and Porosity,1967,https://doi.org/10.1149/1.2426447,Pending,,,,,,,https://doi.org/10.1149/1.2426447,,,,,,,,,,,,,,,,,,,,,,,,,,,,,
W1996941025,Chemistry,Visible Light Photoredox Catalysis with Transition Metal Complexes: Applications in Organic Synthesis,2013,https://doi.org/10.1021/cr300503r,Pending,,,,,,,https://doi.org/10.1021/cr300503r,,,,,,,,,,,,,,,,,,,,,,,,,,,,,
W2055563809,Chemistry,COSMO: a new approach to dielectric screening in solvents with explicit expressions for the screening energy and its gradient,1993,https://doi.org/10.1039/p29930000799,Pending,,,,,,,https://doi.org/10.1039/p29930000799,,,,,,,,,,,,,,,,,,,,,,,,,,,,,
W2104919283,Chemistry,Revealing Noncovalent Interactions,2010,https://doi.org/10.1021/ja100936w,Pending,,,,,,,https://doi.org/10.1021/ja100936w,,,,,,,,,,,,,,,,,,,,,,,,,,,,,
W586102426,Chemistry,Sol-Gel Science: The Physics and Chemistry of Sol-Gel Processing,1990,,Pending,,,,,,,https://openalex.org/W586102426,,,,,,,,,,,,,,,,,,,,,,,,,,,,,
W4242320431,Chemistry,CRC Handbook of Chemistry and Physics,1992,https://doi.org/10.1016/0022-2860(92)85083-s,Pending,,,,,,,https://doi.org/10.1016/0022-2860(92)85083-s,,,,,,,,,,,,,,,,,,,,,,,,,,,,,
W2052731133,Chemistry,Click Chemistry: Diverse Chemical Function from a Few Good Reactions,2001,https://doi.org/10.1002/1521-3773(20010601)40:11<2004::aid-anie2004>3.3.co;2-x,Pending,,,,,,,https://doi.org/10.1002/1521-3773(20010601)40:11<2004::aid-anie2004>3.3.co;2-x,,,,,,,,,,,,,,,,,,,,,,,,,,,,,
W2058210956,Chemistry,Fully optimized contracted Gaussian basis sets of triple zeta valence quality for atoms Li to Kr,1994,https://doi.org/10.1063/1.467146,Pending,,,,,,,https://doi.org/10.1063/1.467146,,,,,,,,,,,,,,,,,,,,,,,,,,,,,
W2078594804,Chemistry,Mass Spectrometric Sequencing of Proteins from Silver-Stained Polyacrylamide Gels,1996,https://doi.org/10.1021/ac950914h,Pending,,,,,,,https://doi.org/10.1021/ac950914h,,,,,,,,,,,,,,,,,,,,,,,,,,,,,
W1999908724,Chemistry,Reticular synthesis and the design of new materials,2003,https://doi.org/10.1038/nature01650,Pending,,,,,,,https://doi.org/10.1038/nature01650,,,,,,,,,,,,,,,,,,,,,,,,,,,,,
W2463195069,Chemistry,The Perseus computational platform for comprehensive analysis of (prote)omics data,2016,https://doi.org/10.1038/nmeth.3901,Pending,,,,,,,https://doi.org/10.1038/nmeth.3901,,,,,,,,,,,,,,,,,,,,,,,,,,,,,
W2086959952,Chemistry,Structure-antioxidant activity relationships of flavonoids and phenolic acids,1996,https://doi.org/10.1016/0891-5849(95)02227-9,Pending,,,,,,,https://doi.org/10.1016/0891-5849(95)02227-9,,,,,,,,,,,,,,,,,,,,,,,,,,,,,
W2099486431,Chemistry,Selective gas adsorption and separation in metal–organic frameworks,2009,https://doi.org/10.1039/b802426j,Pending,,,,,,,https://doi.org/10.1039/b802426j,,,,,,,,,,,,,,,,,,,,,,,,,,,,,
W1979368277,Chemistry,<i>Mercury CSD 2.0</i>– new features for the visualization and investigation of crystal structures,2008,https://doi.org/10.1107/s0021889807067908,Pending,,,,,,,https://doi.org/10.1107/s0021889807067908,,,,,,,,,,,,,,,,,,,,,,,,,,,,,
W2037199116,Chemistry,Universal sample preparation method for proteome analysis,2009,https://doi.org/10.1038/nmeth.1322,Pending,,,,,,,https://doi.org/10.1038/nmeth.1322,,,,,,,,,,,,,,,,,,,,,,,,,,,,,
W2148694408,Chemistry,Principal Component Analysis,1988,https://doi.org/10.2307/1270093,Pending,,,,,,,https://doi.org/10.2307/1270093,,,,,,,,,,,,,,,,,,,,,,,,,,,,,
W2034277598,Chemistry,A Film Detection Method for Tritium‐Labelled Proteins and Nucleic Acids in Polyacrylamide Gels,1974,https://doi.org/10.1111/j.1432-1033.1974.tb03599.x,Pending,,,,,,,https://doi.org/10.1111/j.1432-1033.1974.tb03599.x,,,,,,,,,,,,,,,,,,,,,,,,,,,,,
W2085266415,Chemistry,Brownian motion in a field of force and the diffusion model of chemical reactions,1940,https://doi.org/10.1016/s0031-8914(40)90098-2,Pending,,,,,,,https://doi.org/10.1016/s0031-8914(40)90098-2,,,,,,,,,,,,,,,,,,,,,,,,,,,,,
W2160790360,Chemistry,A survey of Hammett substituent constants and resonance and field parameters,1991,https://doi.org/10.1021/cr00002a004,Pending,,,,,,,https://doi.org/10.1021/cr00002a004,,,,,,,,,,,,,,,,,,,,,,,,,,,,,
W2014416110,Chemistry,Effective ionic radii in oxides and fluorides,1969,https://doi.org/10.1107/s0567740869003220,Pending,,,,,,,https://doi.org/10.1107/s0567740869003220,,,,,,,,,,,,,,,,,,,,,,,,,,,,,
W2102131116,Chemistry,A simplification of the protein assay method of Lowry et al. which is more generally applicable,1977,https://doi.org/10.1016/0003-2697(77)90043-4,Pending,,,,,,,https://doi.org/10.1016/0003-2697(77)90043-4,,,,,,,,,,,,,,,,,,,,,,,,,,,,,
W1968652549,Chemistry,"Peptidotriazoles on Solid Phase:  [1,2,3]-Triazoles by Regiospecific Copper(I)-Catalyzed 1,3-Dipolar Cycloadditions of Terminal Alkynes to Azides",2002,https://doi.org/10.1021/jo011148j,Pending,,,,,,,https://doi.org/10.1021/jo011148j,,,,,,,,,,,,,,,,,,,,,,,,,,,,,
W2315512556,Chemistry,Aging: A Theory Based on Free Radical and Radiation Chemistry,1956,https://doi.org/10.1093/geronj/11.3.298,Pending,,,,,,,https://doi.org/10.1093/geronj/11.3.298,,,,,,,,,,,,,,,,,,,,,,,,,,,,,
W1677747913,Chemistry,Design and synthesis of an exceptionally stable and highly porous metal-organic framework,1999,https://doi.org/10.1038/46248,Pending,,,,,,,https://doi.org/10.1038/46248,,,,,,,,,,,,,,,,,,,,,,,,,,,,,
W1981593008,Chemistry,Probability-based protein identification by searching sequence databases using mass spectrometry data,1999,https://doi.org/10.1002/(sici)1522-2683(19991201)20:18<3551::aid-elps3551>3.0.co;2-2,Pending,,,,,,,https://doi.org/10.1002/(sici)1522-2683(19991201)20:18<3551::aid-elps3551>3.0.co;2-2,,,,,,,,,,,,,,,,,,,,,,,,,,,,,
W2094517427,Chemistry,Zwischenmolekulare Energiewanderung und Fluoreszenz,1948,https://doi.org/10.1002/andp.19484370105,Pending,,,,,,,https://doi.org/10.1002/andp.19484370105,,,,,,,,,,,,,,,,,,,,,,,,,,,,,
W2021720051,Chemistry,Patterns in Hydrogen Bonding: Functionality and Graph Set Analysis in Crystals,1995,https://doi.org/10.1002/anie.199515551,Pending,,,,,,,https://doi.org/10.1002/anie.199515551,,,,,,,,,,,,,,,,,,,,,,,,,,,,,
W2022085591,Chemistry,Systematic Design of Pore Size and Functionality in Isoreticular MOFs and Their Application in Methane Storage,2002,https://doi.org/10.1126/science.1067208,Pending,,,,,,,https://doi.org/10.1126/science.1067208,,,,,,,,,,,,,,,,,,,,,,,,,,,,,
W2031904472,Chemistry,Electron transfers in chemistry and biology,1985,https://doi.org/10.1016/0304-4173(85)90014-x,Pending,,,,,,,https://doi.org/10.1016/0304-4173(85)90014-x,,,,,,,,,,,,,,,,,,,,,,,,,,,,,
W2171093181,Chemistry,Tables of bond lengths determined by X-ray and neutron diffraction. Part 1. Bond lengths in organic compounds,1987,https://doi.org/10.1039/p298700000s1,Pending,,,,,,,https://doi.org/10.1039/p298700000s1,,,,,,,,,,,,,,,,,,,,,,,,,,,,,
W2949250147,Chemistry,NMR with Proteins and Nucleic Acids,1986,https://doi.org/10.1051/epn/19861701011,Pending,,,,,,,https://doi.org/10.1051/epn/19861701011,,,,,,,,,,,,,,,,,,,,,,,,,,,,,
W2133151341,Chemistry,The HITRAN2016 molecular spectroscopic database,2017,https://doi.org/10.1016/j.jqsrt.2017.06.038,Pending,,,,,,,https://doi.org/10.1016/j.jqsrt.2017.06.038,,,,,,,,,,,,,,,,,,,,,,,,,,,,,
W2321972685,Chemistry,A Spectrophotometric Investigation of the Interaction of Iodine with Aromatic Hydrocarbons,1949,https://doi.org/10.1021/ja01176a030,Pending,,,,,,,https://doi.org/10.1021/ja01176a030,,,,,,,,,,,,,,,,,,,,,,,,,,,,,
W2124288779,Chemistry,Adsorption surface area and porosity,1983,https://doi.org/10.1016/0021-9797(83)90305-3,Pending,,,,,,,https://doi.org/10.1016/0021-9797(83)90305-3,,,,,,,,,,,,,,,,,,,,,,,,,,,,,
W2064262385,Chemistry,Ab initio molecular orbital theory,1976,https://doi.org/10.1021/ar50107a003,Pending,,,,,,,https://doi.org/10.1021/ar50107a003,,,,,,,,,,,,,,,,,,,,,,,,,,,,,
W2004550299,Chemistry,Metal–organic framework materials as catalysts,2009,https://doi.org/10.1039/b807080f,Pending,,,,,,,https://doi.org/10.1039/b807080f,,,,,,,,,,,,,,,,,,,,,,,,,,,,,
W2012488984,Chemistry,Hirshfeld surface analysis,2008,https://doi.org/10.1039/b818330a,Pending,,,,,,,https://doi.org/10.1039/b818330a,,,,,,,,,,,,,,,,,,,,,,,,,,,,,
W2008708918,Chemistry,Absolute hardness: companion parameter to absolute electronegativity,1983,https://doi.org/10.1021/ja00364a005,Pending,,,,,,,https://doi.org/10.1021/ja00364a005,,,,,,,,,,,,,,,,,,,,,,,,,,,,,
W1498734336,Chemistry,Physical Properties of Crystals,2007,https://doi.org/10.1016/s1369-7021(07)70138-4,Pending,,,,,,,https://doi.org/10.1016/s1369-7021(07)70138-4,,,,,,,,,,,,,,,,,,,,,,,,,,,,,
W2010793745,Chemistry,Theory of simple liquids,1976,https://doi.org/10.1016/b978-0-12-370535-8.x5000-9,Pending,,,,,,,https://doi.org/10.1016/b978-0-12-370535-8.x5000-9,,,,,,,,,,,,,,,,,,,,,,,,,,,,,
W1975147762,Chemistry,"SMILES, a chemical language and information system. 1. Introduction to methodology and encoding rules",1988,https://doi.org/10.1021/ci00057a005,Pending,,,,,,,https://doi.org/10.1021/ci00057a005,,,,,,,,,,,,,,,,,,,,,,,,,,,,,
W2062269633,Chemistry,Introduction to Metal–Organic Frameworks,2012,https://doi.org/10.1021/cr300014x,Pending,,,,,,,https://doi.org/10.1021/cr300014x,,,,,,,,,,,,,,,,,,,,,,,,,,,,,
W2332712348,Chemistry,PTRAJ and CPPTRAJ: Software for Processing and Analysis of Molecular Dynamics Trajectory Data,2013,https://doi.org/10.1021/ct400341p,Pending,,,,,,,https://doi.org/10.1021/ct400341p,,,,,,,,,,,,,,,,,,,,,,,,,,,,,
W2090424147,Chemistry,Solid C60: a new form of carbon,1990,https://doi.org/10.1038/347354a0,Pending,,,,,,,https://doi.org/10.1038/347354a0,,,,,,,,,,,,,,,,,,,,,,,,,,,,,
W2586637063,Chemistry,In situ click chemistry generation of cyclooxygenase-2 inhibitors,2017,https://doi.org/10.1038/s41467-016-0009-6,Pending,,,,,,,https://doi.org/10.1038/s41467-016-0009-6,,,,,,,,,,,,,,,,,,,,,,,,,,,,,
W2073292063,Chemistry,Electrospray Ionization for Mass Spectrometry of Large Biomolecules,1989,https://doi.org/10.1126/science.2675315,Pending,,,,,,,https://doi.org/10.1126/science.2675315,,,,,,,,,,,,,,,,,,,,,,,,,,,,,
W2055393399,Chemistry,Atom Transfer Radical Polymerization,2001,https://doi.org/10.1021/cr940534g,Pending,,,,,,,https://doi.org/10.1021/cr940534g,,,,,,,,,,,,,,,,,,,,,,,,,,,,,
W2163535530,Chemistry,Exceptional chemical and thermal stability of zeolitic imidazolate frameworks,2006,https://doi.org/10.1073/pnas.0602439103,Pending,,,,,,,https://doi.org/10.1073/pnas.0602439103,,,,,,,,,,,,,,,,,,,,,,,,,,,,,
W2899760200,Chemistry,The PRIDE database and related tools and resources in 2019: improving support for quantification data,2018,https://doi.org/10.1093/nar/gky1106,Pending,,,,,,,https://doi.org/10.1093/nar/gky1106,,,,,,,,,,,,,,,,,,,,,,,,,,,,,
W1986316936,Chemistry,Studies in astronomical time series analysis. II - Statistical aspects of spectral analysis of unevenly spaced data,1982,https://doi.org/10.1086/160554,Pending,,,,,,,https://doi.org/10.1086/160554,,,,,,,,,,,,,,,,,,,,,,,,,,,,,
W1986238480,Chemistry,A New Zirconium Inorganic Building Brick Forming Metal Organic Frameworks with Exceptional Stability,2008,https://doi.org/10.1021/ja8057953,Pending,,,,,,,https://doi.org/10.1021/ja8057953,,,,,,,,,,,,,,,,,,,,,,,,,,,,,
W1982414593,Chemistry,General definition of ring puckering coordinates,1975,https://doi.org/10.1021/ja00839a011,Pending,,,,,,,https://doi.org/10.1021/ja00839a011,,,,,,,,,,,,,,,,,,,,,,,,,,,,,
W2051469879,Chemistry,A quantum theory of molecular structure and its applications,1991,https://doi.org/10.1021/cr00005a013,Pending,,,,,,,https://doi.org/10.1021/cr00005a013,,,,,,,,,,,,,,,,,,,,,,,,,,,,,
W2595776066,Chemistry,Comprehensive Coordination Chemistry,1988,https://doi.org/10.1016/0022-328x(88)83103-6,Pending,,,,,,,https://doi.org/10.1016/0022-328x(88)83103-6,,,,,,,,,,,,,,,,,,,,,,,,,,,,,
W2006636051,Chemistry,General expression of the linear potential sweep voltammogram in the case of diffusionless electrochemical systems,1979,https://doi.org/10.1016/s0022-0728(79)80075-3,Pending,,,,,,,https://doi.org/10.1016/s0022-0728(79)80075-3,,,,,,,,,,,,,,,,,,,,,,,,,,,,,
W2002799357,Chemistry,Metal–Organic Framework Materials as Chemical Sensors,2011,https://doi.org/10.1021/cr200324t,Pending,,,,,,,https://doi.org/10.1021/cr200324t,,,,,,,,,,,,,,,,,,,,,,,,,,,,,
W2091273808,Chemistry,Raman spectra of pyridine adsorbed at a silver electrode,1974,https://doi.org/10.1016/0009-2614(74)85388-1,Pending,,,,,,,https://doi.org/10.1016/0009-2614(74)85388-1,,,,,,,,,,,,,,,,,,,,,,,,,,,,,
W1996196738,Chemistry,Ionic channels of excitable membranes,1985,https://doi.org/10.1016/0306-3623(85)90172-7,Pending,,,,,,,https://doi.org/10.1016/0306-3623(85)90172-7,,,,,,,,,,,,,,,,,,,,,,,,,,,,,
W2123768693,Chemistry,GROMACS 3.0: a package for molecular simulation and trajectory analysis,2001,https://doi.org/10.1007/s008940100045,Pending,,,,,,,https://doi.org/10.1007/s008940100045,,,,,,,,,,,,,,,,,,,,,,,,,,,,,
W2158863190,Chemistry,Partial least-squares regression: a tutorial,1986,https://doi.org/10.1016/0003-2670(86)80028-9,Pending,,,,,,,https://doi.org/10.1016/0003-2670(86)80028-9,,,,,,,,,,,,,,,,,,,,,,,,,,,,,
W2079507386,Chemistry,Signaling Recognition Events with Fluorescent Sensors and Switches,1997,https://doi.org/10.1021/cr960386p,Pending,,,,,,,https://doi.org/10.1021/cr960386p,,,,,,,,,,,,,,,,,,,,,,,,,,,,,
W2071955309,Chemistry,Bonded-atom fragments for describing molecular charge densities,1977,https://doi.org/10.1007/bf00549096,Pending,,,,,,,https://doi.org/10.1007/bf00549096,,,,,,,,,,,,,,,,,,,,,,,,,,,,,
W2023096047,Chemistry,Mass spectrometry-based proteomics,2003,https://doi.org/10.1038/nature01511,Pending,,,,,,,https://doi.org/10.1038/nature01511,,,,,,,,,,,,,,,,,,,,,,,,,,,,,
W2942723430,Chemistry,Advanced inorganic chemistry,1973,https://doi.org/10.1016/0022-2860(73)85197-x,Pending,,,,,,,https://doi.org/10.1016/0022-2860(73)85197-x,,,,,,,,,,,,,,,,,,,,,,,,,,,,,
W2054164390,Chemistry,Efficient implementation of the gauge-independent atomic orbital method for NMR chemical shift calculations,1990,https://doi.org/10.1021/ja00179a005,Pending,,,,,,,https://doi.org/10.1021/ja00179a005,,,,,,,,,,,,,,,,,,,,,,,,,,,,,
W3208691473,Chemistry,The PRIDE database resources in 2022: a hub for mass spectrometry-based proteomics evidences,2021,https://doi.org/10.1093/nar/gkab1038,Pending,,,,,,,https://doi.org/10.1093/nar/gkab1038,,,,,,,,,,,,,,,,,,,,,,,,,,,,,
W1825789202,Chemistry,Vogel's Textbook of Practical Organic Chemistry,2003,,Pending,,,,,,,https://openalex.org/W1825789202,,,,,,,,,,,,,,,,,,,,,,,,,,,,,
W1768247331,Chemistry,A SPECTROPHOTOMETRIC METHOD FOR MEASURING THE BREAKDOWN OF HYDROGEN PEROXIDE BY CATALASE,1952,https://doi.org/10.1016/s0021-9258(19)50881-x,Pending,,,,,,,https://doi.org/10.1016/s0021-9258(19)50881-x,,,,,,,,,,,,,,,,,,,,,,,,,,,,,
W2084871302,Chemistry,"Magnetic Nanoparticles: Synthesis, Protection, Functionalization, and Application",2007,https://doi.org/10.1002/anie.200602866,Pending,,,,,,,https://doi.org/10.1002/anie.200602866,,,,,,,,,,,,,,,,,,,,,,,,,,,,,
W2057522312,Chemistry,"Chemistry and biochemistry of 4-hydroxynonenal, malonaldehyde and related aldehydes",1991,https://doi.org/10.1016/0891-5849(91)90192-6,Pending,,,,,,,https://doi.org/10.1016/0891-5849(91)90192-6,,,,,,,,,,,,,,,,,,,,,,,,,,,,,
W2026465178,Chemistry,An approach to correlate tandem mass spectral data of peptides with amino acid sequences in a protein database,1994,https://doi.org/10.1016/1044-0305(94)80016-2,Pending,,,,,,,https://doi.org/10.1016/1044-0305(94)80016-2,,,,,,,,,,,,,,,,,,,,,,,,,,,,,
W2048553024,Chemistry,"Free radicals, metals and antioxidants in oxidative stress-induced cancer",2006,https://doi.org/10.1016/j.cbi.2005.12.009,Pending,,,,,,,https://doi.org/10.1016/j.cbi.2005.12.009,,,,,,,,,,,,,,,,,,,,,,,,,,,,,
W1992173555,Chemistry,The path of chemical reactions - the IRC approach,1981,https://doi.org/10.1021/ar00072a001,Pending,,,,,,,https://doi.org/10.1021/ar00072a001,,,,,,,,,,,,,,,,,,,,,,,,,,,,,
W2146051607,Chemistry,"EasySpin, a comprehensive software package for spectral simulation and analysis in EPR",2005,https://doi.org/10.1016/j.jmr.2005.08.013,Pending,,,,,,,https://doi.org/10.1016/j.jmr.2005.08.013,,,,,,,,,,,,,,,,,,,,,,,,,,,,,
W2117340355,Chemistry,N4ITK: Improved N3 Bias Correction,2010,https://doi.org/10.1109/tmi.2010.2046908,Pending,,,,,,,https://doi.org/10.1109/tmi.2010.2046908,,,,,,,,,,,,,,,,,,,,,,,,,,,,,
W1999479012,Chemistry,Statistical mechanics of chain molecules,1969,https://doi.org/10.1002/bip.1969.360080514,Pending,,,,,,,https://doi.org/10.1002/bip.1969.360080514,,,,,,,,,,,,,,,,,,,,,,,,,,,,,
W1486897511,Chemistry,Official Methods of Analysis of the Association of Official Analytical Chemists,1971,https://doi.org/10.1002/jps.2600600253,Pending,,,,,,,https://doi.org/10.1002/jps.2600600253,,,,,,,,,,,,,,,,,,,,,,,,,,,,,
W1972646318,Chemistry,From Molecules to Crystal Engineering:  Supramolecular Isomerism and Polymorphism in Network Solids,2001,https://doi.org/10.1021/cr9900432,Pending,,,,,,,https://doi.org/10.1021/cr9900432,,,,,,,,,,,,,,,,,,,,,,,,,,,,,
W2084826641,Chemistry,A generalization of the retention index system including linear temperature programmed gas—liquid partition chromatography,1963,https://doi.org/10.1016/s0021-9673(01)80947-x,Pending,,,,,,,https://doi.org/10.1016/s0021-9673(01)80947-x,,,,,,,,,,,,,,,,,,,,,,,,,,,,,
W2094145140,Chemistry,Carbon Dioxide Capture in Metal–Organic Frameworks,2011,https://doi.org/10.1021/cr2003272,Pending,,,,,,,https://doi.org/10.1021/cr2003272,,,,,,,,,,,,,,,,,,,,,,,,,,,,,
W2407040666,Chemistry,"Analysis of the Structural Diversity, Substitution Patterns, and Frequency of Nitrogen Heterocycles among U.S. FDA Approved Pharmaceuticals",2014,https://doi.org/10.1021/jm501100b,Pending,,,,,,,https://doi.org/10.1021/jm501100b,,,,,,,,,,,,,,,,,,,,,,,,,,,,,
W2091161882,Chemistry,Metal–Organic Frameworks for Separations,2011,https://doi.org/10.1021/cr200190s,Pending,,,,,,,https://doi.org/10.1021/cr200190s,,,,,,,,,,,,,,,,,,,,,,,,,,,,,
W2418726947,Chemistry,Organic Photoredox Catalysis,2016,https://doi.org/10.1021/acs.chemrev.6b00057,Pending,,,,,,,https://doi.org/10.1021/acs.chemrev.6b00057,,,,,,,,,,,,,,,,,,,,,,,,,,,,,
W2147304506,Chemistry,The Hydrogen Bond in the Solid State,2002,https://doi.org/10.1002/1521-3773(20020104)41:1<48::aid-anie48>3.0.co;2-u,Pending,,,,,,,https://doi.org/10.1002/1521-3773(20020104)41:1<48::aid-anie48>3.0.co;2-u,,,,,,,,,,,,,,,,,,,,,,,,,,,,,
W2070005238,Chemistry,Nucleus-Independent Chemical Shifts:  A Simple and Efficient Aromaticity Probe,1996,https://doi.org/10.1021/ja960582d,Pending,,,,,,,https://doi.org/10.1021/ja960582d,,,,,,,,,,,,,,,,,,,,,,,,,,,,,
W2066309940,Chemistry,Palladium-Catalyzed Ligand-Directed C−H Functionalization Reactions,2010,https://doi.org/10.1021/cr900184e,Pending,,,,,,,https://doi.org/10.1021/cr900184e,,,,,,,,,,,,,,,,,,,,,,,,,,,,,
W1998936301,Chemistry,The Chemistry behind Antioxidant Capacity Assays,2005,https://doi.org/10.1021/jf030723c,Pending,,,,,,,https://doi.org/10.1021/jf030723c,,,,,,,,,,,,,,,,,,,,,,,,,,,,,
W2001270915,Chemistry,On the Theory of Oxidation-Reduction Reactions Involving Electron Transfer. I,1956,https://doi.org/10.1063/1.1742723,Pending,,,,,,,https://doi.org/10.1063/1.1742723,,,,,,,,,,,,,,,,,,,,,,,,,,,,,
W2078444809,Chemistry,A Chemically Functionalizable Nanoporous Material [Cu <sub>3</sub> (TMA) <sub>2</sub> (H <sub>2</sub> O) <sub>3</sub> ] <sub> <i>n</i> </sub>,1999,https://doi.org/10.1126/science.283.5405.1148,Pending,,,,,,,https://doi.org/10.1126/science.283.5405.1148,,,,,,,,,,,,,,,,,,,,,,,,,,,,,
W1532082124,Chemistry,Preparation of fatty acid methyl esters and dimethylacetals from lipids with boron fluoride–methanol,1964,https://doi.org/10.1016/s0022-2275(20)40190-7,Pending,,,,,,,https://doi.org/10.1016/s0022-2275(20)40190-7,,,,,,,,,,,,,,,,,,,,,,,,,,,,,
W2079458939,Chemistry,Reaction path following in mass-weighted internal coordinates,1990,https://doi.org/10.1021/j100377a021,Pending,,,,,,,https://doi.org/10.1021/j100377a021,,,,,,,,,,,,,,,,,,,,,,,,,,,,,
W2090552208,Chemistry,PLS path modeling,2004,https://doi.org/10.1016/j.csda.2004.03.005,Pending,,,,,,,https://doi.org/10.1016/j.csda.2004.03.005,,,,,,,,,,,,,,,,,,,,,,,,,,,,,
W4233869395,Chemistry,Inorganic electronic spectroscopy,1985,https://doi.org/10.1016/0022-2860(85)80208-8,Pending,,,,,,,https://doi.org/10.1016/0022-2860(85)80208-8,,,,,,,,,,,,,,,,,,,,,,,,,,,,,
W2036321220,Chemistry,Andromeda: A Peptide Search Engine Integrated into the MaxQuant Environment,2011,https://doi.org/10.1021/pr101065j,Pending,,,,,,,https://doi.org/10.1021/pr101065j,,,,,,,,,,,,,,,,,,,,,,,,,,,,,
W2069607377,Chemistry,Rapid chromatographic technique for preparative separations with moderate resolution,1978,https://doi.org/10.1021/jo00408a041,Pending,,,,,,,https://doi.org/10.1021/jo00408a041,,,,,,,,,,,,,,,,,,,,,,,,,,,,,
W2022167379,Chemistry,"Hybrid porous solids: past, present, future",2007,https://doi.org/10.1039/b618320b,Pending,,,,,,,https://doi.org/10.1039/b618320b,,,,,,,,,,,,,,,,,,,,,,,,,,,,,
W2057980421,Chemistry,The Activated Complex in Chemical Reactions,1935,https://doi.org/10.1063/1.1749604,Pending,,,,,,,https://doi.org/10.1063/1.1749604,,,,,,,,,,,,,,,,,,,,,,,,,,,,,
W1984969847,Chemistry,Structural Inorganic Chemistry,1971,https://doi.org/10.1038/229453c0,Pending,,,,,,,https://doi.org/10.1038/229453c0,,,,,,,,,,,,,,,,,,,,,,,,,,,,,
W2137450588,Chemistry,ExPASy: the proteomics server for in-depth protein knowledge and analysis,2003,https://doi.org/10.1093/nar/gkg563,Pending,,,,,,,https://doi.org/10.1093/nar/gkg563,,,,,,,,,,,,,,,,,,,,,,,,,,,,,
W2042397184,Chemistry,Luminescent Functional Metal–Organic Frameworks,2011,https://doi.org/10.1021/cr200101d,Pending,,,,,,,https://doi.org/10.1021/cr200101d,,,,,,,,,,,,,,,,,,,,,,,,,,,,,
W2164358316,Chemistry,Peptide mapping by limited proteolysis in sodium dodecyl sulfate and analysis by gel electrophoresis.,1977,https://doi.org/10.1016/s0021-9258(19)75212-0,Pending,,,,,,,https://doi.org/10.1016/s0021-9258(19)75212-0,,,,,,,,,,,,,,,,,,,,,,,,,,,,,
W48337641,Chemistry,A text-book of quantitative inorganic analysis,1963,https://doi.org/10.1016/0022-1902(63)80176-1,Pending,,,,,,,https://doi.org/10.1016/0022-1902(63)80176-1,,,,,,,,,,,,,,,,,,,,,,,,,,,,,
W2140946052,Chemistry,"Stable Isotope Labeling by Amino Acids in Cell Culture, SILAC, as a Simple and Accurate Approach to Expression Proteomics",2002,https://doi.org/10.1074/mcp.m200025-mcp200,Pending,,,,,,,https://doi.org/10.1074/mcp.m200025-mcp200,,,,,,,,,,,,,,,,,,,,,,,,,,,,,
W1974830441,Chemistry,"Laser desorption ionization of proteins with molecular masses exceeding 10,000 daltons",1988,https://doi.org/10.1021/ac00171a028,Pending,,,,,,,https://doi.org/10.1021/ac00171a028,,,,,,,,,,,,,,,,,,,,,,,,,,,,,
W1611482599,Chemistry,A Method for Determining the Sedimentation Behavior of Enzymes: Application to Protein Mixtures,1961,https://doi.org/10.1016/s0021-9258(18)64180-8,Pending,,,,,,,https://doi.org/10.1016/s0021-9258(18)64180-8,,,,,,,,,,,,,,,,,,,,,,,,,,,,,
W2170776626,Chemistry,"Accurate Proteome-wide Label-free Quantification by Delayed Normalization and Maximal Peptide Ratio Extraction, Termed MaxLFQ",2014,https://doi.org/10.1074/mcp.m113.031591,Pending,,,,,,,https://doi.org/10.1074/mcp.m113.031591,,,,,,,,,,,,,,,,,,,,,,,,,,,,,
W2014281089,Chemistry,Determination of protein: A modification of the lowry method that gives a linear photometric response,1972,https://doi.org/10.1016/0003-2697(72)90094-2,Pending,,,,,,,https://doi.org/10.1016/0003-2697(72)90094-2,,,,,,,,,,,,,,,,,,,,,,,,,,,,,
W2072348601,Chemistry,Standardized Methods for the Determination of Antioxidant Capacity and Phenolics in Foods and Dietary Supplements,2005,https://doi.org/10.1021/jf0502698,Pending,,,,,,,https://doi.org/10.1021/jf0502698,,,,,,,,,,,,,,,,,,,,,,,,,,,,,
W1963737263,Chemistry,Molecular Interactions in Solution: An Overview of Methods Based on Continuous Distributions of the Solvent,1994,https://doi.org/10.1021/cr00031a013,Pending,,,,,,,https://doi.org/10.1021/cr00031a013,,,,,,,,,,,,,,,,,,,,,,,,,,,,,
W2011079470,Chemistry,New Developments in Molecular Orbital Theory,1951,https://doi.org/10.1103/revmodphys.23.69,Pending,,,,,,,https://doi.org/10.1103/revmodphys.23.69,,,,,,,,,,,,,,,,,,,,,,,,,,,,,
W2090391132,Chemistry,Solvatochromic Dyes as Solvent Polarity Indicators,1994,https://doi.org/10.1021/cr00032a005,Pending,,,,,,,https://doi.org/10.1021/cr00032a005,,,,,,,,,,,,,,,,,,,,,,,,,,,,,
W1501283731,Chemistry,Exploring chemistry with electronic structure methods,1993,,Pending,,,,,,,https://openalex.org/W1501283731,,,,,,,,,,,,,,,,,,,,,,,,,,,,,
W1972779889,Chemistry,Targeting cancer cells by ROS-mediated mechanisms: a radical therapeutic approach?,2009,https://doi.org/10.1038/nrd2803,Pending,,,,,,,https://doi.org/10.1038/nrd2803,,,,,,,,,,,,,,,,,,,,,,,,,,,,,
W2007661885,Chemistry,A Chromium Terephthalate-Based Solid with Unusually Large Pore Volumes and Surface Area,2005,https://doi.org/10.1126/science.1116275,Pending,,,,,,,https://doi.org/10.1126/science.1116275,,,,,,,,,,,,,,,,,,,,,,,,,,,,,
W1502853825,Chemistry,Chemistry of the elements,1984,,Pending,,,,,,,https://openalex.org/W1502853825,,,,,,,,,,,,,,,,,,,,,,,,,,,,,
W2326203395,Chemistry,Electric Moments of Molecules in Liquids,1936,https://doi.org/10.1021/ja01299a050,Pending,,,,,,,https://doi.org/10.1021/ja01299a050,,,,,,,,,,,,,,,,,,,,,,,,,,,,,
W2544360569,Chemistry,The MaxQuant computational platform for mass spectrometry-based shotgun proteomics,2016,https://doi.org/10.1038/nprot.2016.136,Pending,,,,,,,https://doi.org/10.1038/nprot.2016.136,,,,,,,,,,,,,,,,,,,,,,,,,,,,,
W3102526660,Chemistry,Inorganic electronic spectroscopy,1972,https://doi.org/10.1016/0022-2860(72)80030-9,Pending,,,,,,,https://doi.org/10.1016/0022-2860(72)80030-9,,,,,,,,,,,,,,,,,,,,,,,,,,,,,
W2101958915,Chemistry,Conceptual Density Functional Theory,2003,https://doi.org/10.1021/cr990029p,Pending,,,,,,,https://doi.org/10.1021/cr990029p,,,,,,,,,,,,,,,,,,,,,,,,,,,,,
W2103562758,Chemistry,"Theoretical Basis, Experimental Design, and Computerized Simulation of Synergism and Antagonism in Drug Combination Studies",2006,https://doi.org/10.1124/pr.58.3.10,Pending,,,,,,,https://doi.org/10.1124/pr.58.3.10,,,,,,,,,,,,,,,,,,,,,,,,,,,,,
W2164043498,Chemistry,Modular Chemistry:  Secondary Building Units as a Basis for the Design of Highly Porous and Robust Metal−Organic Carboxylate Frameworks,2001,https://doi.org/10.1021/ar000034b,Pending,,,,,,,https://doi.org/10.1021/ar000034b,,,,,,,,,,,,,,,,,,,,,,,,,,,,,
W1967876247,Chemistry,Classification parameters for the emission-line spectra of extragalactic objects,1981,https://doi.org/10.1086/130766,Pending,,,,,,,https://doi.org/10.1086/130766,,,,,,,,,,,,,,,,,,,,,,,,,,,,,
W1991366673,Chemistry,In-gel digestion for mass spectrometric characterization of proteins and proteomes,2006,https://doi.org/10.1038/nprot.2006.468,Pending,,,,,,,https://doi.org/10.1038/nprot.2006.468,,,,,,,,,,,,,,,,,,,,,,,,,,,,,
W1977072597,Chemistry,Mechanisms of solute release from porous hydrophilic polymers,1983,https://doi.org/10.1016/0378-5173(83)90064-9,Pending,,,,,,,https://doi.org/10.1016/0378-5173(83)90064-9,,,,,,,,,,,,,,,,,,,,,,,,,,,,,
W2000966264,Chemistry,Theory of self-assembly of hydrocarbon amphiphiles into micelles and bilayers,1976,https://doi.org/10.1039/f29767201525,Pending,,,,,,,https://doi.org/10.1039/f29767201525,,,,,,,,,,,,,,,,,,,,,,,,,,,,,
W2013979082,Chemistry,<i>Understanding Molecular Simulation: From Algorithms to Applications</i>,1997,https://doi.org/10.1063/1.881812,Pending,,,,,,,https://doi.org/10.1063/1.881812,,,,,,,,,,,,,,,,,,,,,,,,,,,,,
W3034310241,Chemistry,The ORCA quantum chemistry program package,2020,https://doi.org/10.1063/5.0004608,Pending,,,,,,,https://doi.org/10.1063/5.0004608,,,,,,,,,,,,,,,,,,,,,,,,,,,,,
W2096359889,Chemistry,Dispersion of soluble matter in solvent flowing slowly through a tube,1953,https://doi.org/10.1098/rspa.1953.0139,Pending,,,,,,,https://doi.org/10.1098/rspa.1953.0139,,,,,,,,,,,,,,,,,,,,,,,,,,,,,
W2997872173,Chemistry,Quantum theory of many-particle systems,1971,,Pending,,,,,,,https://openalex.org/W2997872173,,,,,,,,,,,,,,,,,,,,,,,,,,,,,
W1968496011,Chemistry,"Theory of Stationary Electrode Polarography. Single Scan and Cyclic Methods Applied to Reversible, Irreversible, and Kinetic Systems.",1964,https://doi.org/10.1021/ac60210a007,Pending,,,,,,,https://doi.org/10.1021/ac60210a007,,,,,,,,,,,,,,,,,,,,,,,,,,,,,
W2053535968,Chemistry,Relationships between the carbon-oxygen stretching frequencies of carboxylato complexes and the type of carboxylate coordination,1980,https://doi.org/10.1016/s0010-8545(00)80455-5,Pending,,,,,,,https://doi.org/10.1016/s0010-8545(00)80455-5,,,,,,,,,,,,,,,,,,,,,,,,,,,,,
W2150184000,Chemistry,Living Free-Radical Polymerization by Reversible Addition−Fragmentation Chain Transfer:  The RAFT Process,1998,https://doi.org/10.1021/ma9804951,Pending,,,,,,,https://doi.org/10.1021/ma9804951,,,,,,,,,,,,,,,,,,,,,,,,,,,,,
W2110429782,Chemistry,Spectral Analysis and its Applications.,1969,https://doi.org/10.2307/2286100,Pending,,,,,,,https://doi.org/10.2307/2286100,,,,,,,,,,,,,,,,,,,,,,,,,,,,,
W2062340785,Chemistry,Gaussian Basis Functions for Use in Molecular Calculations. I. Contraction of (9s5p) Atomic Basis Sets for the First-Row Atoms,1970,https://doi.org/10.1063/1.1674408,Pending,,,,,,,https://doi.org/10.1063/1.1674408,,,,,,,,,,,,,,,,,,,,,,,,,,,,,
W2141091417,Chemistry,Skyline: an open source document editor for creating and analyzing targeted proteomics experiments,2010,https://doi.org/10.1093/bioinformatics/btq054,Pending,,,,,,,https://doi.org/10.1093/bioinformatics/btq054,,,,,,,,,,,,,,,,,,,,,,,,,,,,,
W2112078820,Chemistry,Empirical Statistical Model To Estimate the Accuracy of Peptide Identifications Made by MS/MS and Database Search,2002,https://doi.org/10.1021/ac025747h,Pending,,,,,,,https://doi.org/10.1021/ac025747h,,,,,,,,,,,,,,,,,,,,,,,,,,,,,
W2015556811,Chemistry,A Statistical Model for Identifying Proteins by Tandem Mass Spectrometry,2003,https://doi.org/10.1021/ac0341261,Pending,,,,,,,https://doi.org/10.1021/ac0341261,,,,,,,,,,,,,,,,,,,,,,,,,,,,,
W1999918445,Chemistry,"Synthesis of Metal-Organic Frameworks (MOFs): Routes to Various MOF Topologies, Morphologies, and Composites",2011,https://doi.org/10.1021/cr200304e,Pending,,,,,,,https://doi.org/10.1021/cr200304e,,,,,,,,,,,,,,,,,,,,,,,,,,,,,
W1932052686,Chemistry,Sequence from picomole quantities of proteins electroblotted onto polyvinylidene difluoride membranes.,1987,https://doi.org/10.1016/s0021-9258(18)61070-1,Pending,,,,,,,https://doi.org/10.1016/s0021-9258(18)61070-1,,,,,,,,,,,,,,,,,,,,,,,,,,,,,
W1979766176,Chemistry,SGTE data for pure elements,1991,https://doi.org/10.1016/0364-5916(91)90030-n,Pending,,,,,,,https://doi.org/10.1016/0364-5916(91)90030-n,,,,,,,,,,,,,,,,,,,,,,,,,,,,,
W1984599229,Chemistry,Natural hybrid orbitals,1980,https://doi.org/10.1021/ja00544a007,Pending,,,,,,,https://doi.org/10.1021/ja00544a007,,,,,,,,,,,,,,,,,,,,,,,,,,,,,
W4254297188,Chemistry,Spin Echoes,1950,https://doi.org/10.1103/physrev.80.580,Pending,,,,,,,https://doi.org/10.1103/physrev.80.580,,,,,,,,,,,,,,,,,,,,,,,,,,,,,
W1971966881,Chemistry,Solid phase microextraction with thermal desorption using fused silica optical fibers,1990,https://doi.org/10.1021/ac00218a019,Pending,,,,,,,https://doi.org/10.1021/ac00218a019,,,,,,,,,,,,,,,,,,,,,,,,,,,,,
W2080476827,Chemistry,<i>AMoRe</i>: an automated package for molecular replacement,1994,https://doi.org/10.1107/s0108767393007597,Pending,,,,,,,https://doi.org/10.1107/s0108767393007597,,,,,,,,,,,,,,,,,,,,,,,,,,,,,
W1986656413,Chemistry,"Protocol for micro-purification, enrichment, pre-fractionation and storage of peptides for proteomics using StageTips",2007,https://doi.org/10.1038/nprot.2007.261,Pending,,,,,,,https://doi.org/10.1038/nprot.2007.261,,,,,,,,,,,,,,,,,,,,,,,,,,,,,
W2083811444,Chemistry,Introduction and General Overview of Cyclodextrin Chemistry,1998,https://doi.org/10.1021/cr970022c,Pending,,,,,,,https://doi.org/10.1021/cr970022c,,,,,,,,,,,,,,,,,,,,,,,,,,,,,
W1497399712,Chemistry,Modern Molecular Photochemistry,1978,,Pending,,,,,,,https://openalex.org/W1497399712,,,,,,,,,,,,,,,,,,,,,,,,,,,,,
W2018650334,Chemistry,THE EFFECTS OF SHAPE ON THE INTERACTION OF COLLOIDAL PARTICLES,1949,https://doi.org/10.1111/j.1749-6632.1949.tb27296.x,Pending,,,,,,,https://doi.org/10.1111/j.1749-6632.1949.tb27296.x,,,,,,,,,,,,,,,,,,,,,,,,,,,,,
W2098292174,Chemistry,Luminescent metal–organic frameworks,2009,https://doi.org/10.1039/b802352m,Pending,,,,,,,https://doi.org/10.1039/b802352m,,,,,,,,,,,,,,,,,,,,,,,,,,,,,
W2152783510,Chemistry,Correlation of diffusion coefficients in dilute solutions,1955,https://doi.org/10.1002/aic.690010222,Pending,,,,,,,https://doi.org/10.1002/aic.690010222,,,,,,,,,,,,,,,,,,,,,,,,,,,,,
W2313559663,Chemistry,Methods of theoretical physics,1954,https://doi.org/10.1016/0016-0032(54)90634-1,Pending,,,,,,,https://doi.org/10.1016/0016-0032(54)90634-1,,,,,,,,,,,,,,,,,,,,,,,,,,,,,
W2007068681,Chemistry,Supramolecular Synthons in Crystal Engineering—A New Organic Synthesis,1995,https://doi.org/10.1002/anie.199523111,Pending,,,,,,,https://doi.org/10.1002/anie.199523111,,,,,,,,,,,,,,,,,,,,,,,,,,,,,
W1975501285,Chemistry,Hydrogen Storage in Microporous Metal-Organic Frameworks,2003,https://doi.org/10.1126/science.1083440,Pending,,,,,,,https://doi.org/10.1126/science.1083440,,,,,,,,,,,,,,,,,,,,,,,,,,,,,
W3159829212,Chemistry,"<i>CrystalExplorer</i>: a program for Hirshfeld surface analysis, visualization and quantitative analysis of molecular crystals",2021,https://doi.org/10.1107/s1600576721002910,Pending,,,,,,,https://doi.org/10.1107/s1600576721002910,,,,,,,,,,,,,,,,,,,,,,,,,,,,,
W2151334055,Chemistry,Determining atom‐centered monopoles from molecular electrostatic potentials. The need for high sampling density in formamide conformational analysis,1990,https://doi.org/10.1002/jcc.540110311,Pending,,,,,,,https://doi.org/10.1002/jcc.540110311,,,,,,,,,,,,,,,,,,,,,,,,,,,,,
W1597678601,Chemistry,Large-scale analysis of the yeast proteome by multidimensional protein identification technology,2001,https://doi.org/10.1038/85686,Pending,,,,,,,https://doi.org/10.1038/85686,,,,,,,,,,,,,,,,,,,,,,,,,,,,,
W2157058142,Chemistry,Density-functional theory and strong interactions: Orbital ordering in Mott-Hubbard insulators,1995,https://doi.org/10.1103/physrevb.52.r5467,Pending,,,,,,,https://doi.org/10.1103/physrevb.52.r5467,,,,,,,,,,,,,,,,,,,,,,,,,,,,,
W2034745057,Chemistry,Comprehensive Organometallic Chemistry,1984,https://doi.org/10.1021/om00085a900,Pending,,,,,,,https://doi.org/10.1021/om00085a900,,,,,,,,,,,,,,,,,,,,,,,,,,,,,
W2333129245,Chemistry,Fluorine in Pharmaceutical Industry: Fluorine-Containing Drugs Introduced to the Market in the Last Decade (2001–2011),2013,https://doi.org/10.1021/cr4002879,Pending,,,,,,,https://doi.org/10.1021/cr4002879,,,,,,,,,,,,,,,,,,,,,,,,,,,,,
W2091702998,Chemistry,Steric effects of phosphorus ligands in organometallic chemistry and homogeneous catalysis,1977,https://doi.org/10.1021/cr60307a002,Pending,,,,,,,https://doi.org/10.1021/cr60307a002,,,,,,,,,,,,,,,,,,,,,,,,,,,,,
W2097493124,Chemistry,<i>MOLREP</i>: an Automated Program for Molecular Replacement,1997,https://doi.org/10.1107/s0021889897006766,Pending,,,,,,,https://doi.org/10.1107/s0021889897006766,,,,,,,,,,,,,,,,,,,,,,,,,,,,,
W1521423841,Chemistry,Handbook of Chemistry and Physics,1937,https://doi.org/10.1093/jaoac/20.1.142a,Pending,,,,,,,https://doi.org/10.1093/jaoac/20.1.142a,,,,,,,,,,,,,,,,,,,,,,,,,,,,,
W2085836399,Chemistry,The Atom Economy—A Search for Synthetic Efficiency,1991,https://doi.org/10.1126/science.1962206,Pending,,,,,,,https://doi.org/10.1126/science.1962206,,,,,,,,,,,,,,,,,,,,,,,,,,,,,
W2091913250,Chemistry,Ferrozine---a new spectrophotometric reagent for iron,1970,https://doi.org/10.1021/ac60289a016,Pending,,,,,,,https://doi.org/10.1021/ac60289a016,,,,,,,,,,,,,,,,,,,,,,,,,,,,,
W1504770578,Chemistry,Introduction to Computational Chemistry,1998,,Pending,,,,,,,https://openalex.org/W1504770578,,,,,,,,,,,,,,,,,,,,,,,,,,,,,
W1546843241,Chemistry,Surface raman spectroelectrochemistry,1977,https://doi.org/10.1016/s0022-0728(77)80224-6,Pending,,,,,,,https://doi.org/10.1016/s0022-0728(77)80224-6,,,,,,,,,,,,,,,,,,,,,,,,,,,,,
W1981458170,Chemistry,An Extended Hückel Theory. I. Hydrocarbons,1963,https://doi.org/10.1063/1.1734456,Pending,,,,,,,https://doi.org/10.1063/1.1734456,,,,,,,,,,,,,,,,,,,,,,,,,,,,,
W2080580789,Chemistry,"Protein and cell membrane iodinations with a sparingly soluble chloroamide, 1,3,4,6-tetrachloro-3a,6a-diphenylglycoluril",1978,https://doi.org/10.1016/0006-291x(78)91322-0,Pending,,,,,,,https://doi.org/10.1016/0006-291x(78)91322-0,,,,,,,,,,,,,,,,,,,,,,,,,,,,,
W3217528490,Chemistry,"Nist chemistry webbook, nist standard reference database number 69",1998,,Pending,,,,,,,https://openalex.org/W3217528490,,,,,,,,,,,,,,,,,,,,,,,,,,,,,
W2020451212,Chemistry,Gold Nanoparticles in Chemical and Biological Sensing,2012,https://doi.org/10.1021/cr2001178,Pending,,,,,,,https://doi.org/10.1021/cr2001178,,,,,,,,,,,,,,,,,,,,,,,,,,,,,
W2132068224,Chemistry,DISC ELECTROPHORESIS‐I BACKGROUND AND THEORY*,1964,https://doi.org/10.1111/j.1749-6632.1964.tb14207.x,Pending,,,,,,,https://doi.org/10.1111/j.1749-6632.1964.tb14207.x,,,,,,,,,,,,,,,,,,,,,,,,,,,,,
W2023557482,Chemistry,Cu-Catalyzed Azide−Alkyne Cycloaddition,2008,https://doi.org/10.1021/cr0783479,Pending,,,,,,,https://doi.org/10.1021/cr0783479,,,,,,,,,,,,,,,,,,,,,,,,,,,,,
W2088043604,Chemistry,Crystal orbital Hamilton populations (COHP): energy-resolved visualization of chemical bonding in solids based on density-functional calculations,1993,https://doi.org/10.1021/j100135a014,Pending,,,,,,,https://doi.org/10.1021/j100135a014,,,,,,,,,,,,,,,,,,,,,,,,,,,,,
W2619609791,Chemistry,A Simplification of the Hartree-Fock Method,1951,https://doi.org/10.1103/physrev.81.385,Pending,,,,,,,https://doi.org/10.1103/physrev.81.385,,,,,,,,,,,,,,,,,,,,,,,,,,,,,
W2330799739,Chemistry,PROPKA3: Consistent Treatment of Internal and Surface Residues in Empirical p<i>K</i><sub>a</sub>Predictions,2011,https://doi.org/10.1021/ct100578z,Pending,,,,,,,https://doi.org/10.1021/ct100578z,,,,,,,,,,,,,,,,,,,,,,,,,,,,,
W2858547974,Chemistry,Hydrogen storage in metal–organic frameworks,2009,https://doi.org/10.1039/b802256a,Pending,,,,,,,https://doi.org/10.1039/b802256a,,,,,,,,,,,,,,,,,,,,,,,,,,,,,
W2314093943,Chemistry,Photophysics of aromatic molecules,1971,https://doi.org/10.1016/0022-2313(71)90011-1,Pending,,,,,,,https://doi.org/10.1016/0022-2313(71)90011-1,,,,,,,,,,,,,,,,,,,,,,,,,,,,,
W1994869187,Chemistry,Science of fullerenes and carbon nanotubes,1997,https://doi.org/10.1016/s0008-6223(97)89618-2,Pending,,,,,,,https://doi.org/10.1016/s0008-6223(97)89618-2,,,,,,,,,,,,,,,,,,,,,,,,,,,,,
W2142594455,Chemistry,A critical account on π–π stacking in metal complexes with aromatic nitrogen-containing ligands †,2000,https://doi.org/10.1039/b003010o,Pending,,,,,,,https://doi.org/10.1039/b003010o,,,,,,,,,,,,,,,,,,,,,,,,,,,,,
W2056777003,Chemistry,Autonomic healing of polymer composites,2001,https://doi.org/10.1038/35057232,Pending,,,,,,,https://doi.org/10.1038/35057232,,,,,,,,,,,,,,,,,,,,,,,,,,,,,
W4213168521,Chemistry,Quantum Cascade Laser,1994,https://doi.org/10.1126/science.264.5158.553,Pending,,,,,,,https://doi.org/10.1126/science.264.5158.553,,,,,,,,,,,,,,,,,,,,,,,,,,,,,
W2120016245,Chemistry,Multiplexed Protein Quantitation in Saccharomyces cerevisiae Using Amine-reactive Isobaric Tagging Reagents,2004,https://doi.org/10.1074/mcp.m400129-mcp200,Pending,,,,,,,https://doi.org/10.1074/mcp.m400129-mcp200,,,,,,,,,,,,,,,,,,,,,,,,,,,,,
W2091237955,Chemistry,Chemical and Electrochemical Electron-Transfer Theory,1964,https://doi.org/10.1146/annurev.pc.15.100164.001103,Pending,,,,,,,https://doi.org/10.1146/annurev.pc.15.100164.001103,,,,,,,,,,,,,,,,,,,,,,,,,,,,,
W2156115804,Chemistry,Self-consistent perturbation theory of diamagnetism,1974,https://doi.org/10.1080/00268977400100711,Pending,,,,,,,https://doi.org/10.1080/00268977400100711,,,,,,,,,,,,,,,,,,,,,,,,,,,,,
W2414781026,Chemistry,DLS and zeta potential – What they are and what they are not?,2016,https://doi.org/10.1016/j.jconrel.2016.06.017,Pending,,,,,,,https://doi.org/10.1016/j.jconrel.2016.06.017,,,,,,,,,,,,,,,,,,,,,,,,,,,,,
W2172116519,Chemistry,The Human Plasma Proteome,2002,https://doi.org/10.1074/mcp.r200007-mcp200,Pending,,,,,,,https://doi.org/10.1074/mcp.r200007-mcp200,,,,,,,,,,,,,,,,,,,,,,,,,,,,,
W2081465448,Chemistry,A cross-platform toolkit for mass spectrometry and proteomics,2012,https://doi.org/10.1038/nbt.2377,Pending,,,,,,,https://doi.org/10.1038/nbt.2377,,,,,,,,,,,,,,,,,,,,,,,,,,,,,
W4401916766,Chemistry,"A comprehensive electron wavefunction analysis toolbox for chemists, Multiwfn",2024,https://doi.org/10.1063/5.0216272,Pending,,,,,,,https://doi.org/10.1063/5.0216272,,,,,,,,,,,,,,,,,,,,,,,,,,,,,
W2038583777,Chemistry,Classification of chemical bonds based on topological analysis of electron localization functions,1994,https://doi.org/10.1038/371683a0,Pending,,,,,,,https://doi.org/10.1038/371683a0,,,,,,,,,,,,,,,,,,,,,,,,,,,,,
W1973268693,Chemistry,Insights into the regulation of protein abundance from proteomic and transcriptomic analyses,2012,https://doi.org/10.1038/nrg3185,Pending,,,,,,,https://doi.org/10.1038/nrg3185,,,,,,,,,,,,,,,,,,,,,,,,,,,,,
W2052005018,Chemistry,Photoinduced Electron Transfer from a Conducting Polymer to Buckminsterfullerene,1992,https://doi.org/10.1126/science.258.5087.1474,Pending,,,,,,,https://doi.org/10.1126/science.258.5087.1474,,,,,,,,,,,,,,,,,,,,,,,,,,,,,
W2090099030,Chemistry,�ber den anschaulichen Inhalt der quantentheoretischen Kinematik und Mechanik,1927,https://doi.org/10.1007/bf01397280,Pending,,,,,,,https://doi.org/10.1007/bf01397280,,,,,,,,,,,,,,,,,,,,,,,,,,,,,
W2003555872,Chemistry,An overview of N-heterocyclic carbenes,2014,https://doi.org/10.1038/nature13384,Pending,,,,,,,https://doi.org/10.1038/nature13384,,,,,,,,,,,,,,,,,,,,,,,,,,,,,
W2034078366,Chemistry,The exciton model in molecular spectroscopy,1965,https://doi.org/10.1351/pac196511030371,Pending,,,,,,,https://doi.org/10.1351/pac196511030371,,,,,,,,,,,,,,,,,,,,,,,,,,,,,
W2043695984,Chemistry,The work function of the elements and its periodicity,1977,https://doi.org/10.1063/1.323539,Pending,,,,,,,https://doi.org/10.1063/1.323539,,,,,,,,,,,,,,,,,,,,,,,,,,,,,
W1805381866,Chemistry,Chebyshev and Fourier Spectral Methods,2001,,Pending,,,,,,,https://openalex.org/W1805381866,,,,,,,,,,,,,,,,,,,,,,,,,,,,,
W2066991705,Chemistry,Porous metal–organic-framework nanoscale carriers as a potential platform for drug delivery and imaging,2009,https://doi.org/10.1038/nmat2608,Pending,,,,,,,https://doi.org/10.1038/nmat2608,,,,,,,,,,,,,,,,,,,,,,,,,,,,,
W4237548661,Chemistry,Cyclic polyethers and their complexes with metal salts,1967,https://doi.org/10.1021/ja01002a035,Pending,,,,,,,https://doi.org/10.1021/ja01002a035,,,,,,,,,,,,,,,,,,,,,,,,,,,,,
W2080334952,Chemistry,Modelling one‐ and two‐dimensional solid‐state NMR spectra,2001,https://doi.org/10.1002/mrc.984,Pending,,,,,,,https://doi.org/10.1002/mrc.984,,,,,,,,,,,,,,,,,,,,,,,,,,,,,
W2001037711,Chemistry,High-Throughput Synthesis of Zeolitic Imidazolate Frameworks and Application to CO <sub>2</sub> Capture,2008,https://doi.org/10.1126/science.1152516,Pending,,,,,,,https://doi.org/10.1126/science.1152516,,,,,,,,,,,,,,,,,,,,,,,,,,,,,
W2114711884,Chemistry,Geopolymers,1991,https://doi.org/10.1007/bf01912193,Pending,,,,,,,https://doi.org/10.1007/bf01912193,,,,,,,,,,,,,,,,,,,,,,,,,,,,,
W1985558127,Chemistry,Luminescent metal–organic frameworks for chemical sensing and explosive detection,2014,https://doi.org/10.1039/c4cs00010b,Pending,,,,,,,https://doi.org/10.1039/c4cs00010b,,,,,,,,,,,,,,,,,,,,,,,,,,,,,
W2063074480,Chemistry,Chemical Redox Agents for Organometallic Chemistry,1996,https://doi.org/10.1021/cr940053x,Pending,,,,,,,https://doi.org/10.1021/cr940053x,,,,,,,,,,,,,,,,,,,,,,,,,,,,,
W2318794083,Chemistry,Structural Determination of Paraffin Boiling Points,1947,https://doi.org/10.1021/ja01193a005,Pending,,,,,,,https://doi.org/10.1021/ja01193a005,,,,,,,,,,,,,,,,,,,,,,,,,,,,,
W2046286719,Chemistry,A stable crystalline carbene,1991,https://doi.org/10.1021/ja00001a054,Pending,,,,,,,https://doi.org/10.1021/ja00001a054,,,,,,,,,,,,,,,,,,,,,,,,,,,,,
W2121237359,Chemistry,Covalent radii revisited,2008,https://doi.org/10.1039/b801115j,Pending,,,,,,,https://doi.org/10.1039/b801115j,,,,,,,,,,,,,,,,,,,,,,,,,,,,,
W2003301106,Chemistry,Diatomic Molecules According to the Wave Mechanics. II. Vibrational Levels,1929,https://doi.org/10.1103/physrev.34.57,Pending,,,,,,,https://doi.org/10.1103/physrev.34.57,,,,,,,,,,,,,,,,,,,,,,,,,,,,,
W2006986579,Chemistry,A method for the quantitative recovery of protein in dilute solution in the presence of detergents and lipids,1984,https://doi.org/10.1016/0003-2697(84)90782-6,Pending,,,,,,,https://doi.org/10.1016/0003-2697(84)90782-6,,,,,,,,,,,,,,,,,,,,,,,,,,,,,
W2050379798,Chemistry,Visible light photoredox catalysis: applications in organic synthesis,2010,https://doi.org/10.1039/b913880n,Pending,,,,,,,https://doi.org/10.1039/b913880n,,,,,,,,,,,,,,,,,,,,,,,,,,,,,
W2000798385,Chemistry,Systematic optimization of long-range corrected hybrid density functionals,2008,https://doi.org/10.1063/1.2834918,Pending,,,,,,,https://doi.org/10.1063/1.2834918,,,,,,,,,,,,,,,,,,,,,,,,,,,,,
W2069537362,Chemistry,Metal–Organic Frameworks in Biomedicine,2011,https://doi.org/10.1021/cr200256v,Pending,,,,,,,https://doi.org/10.1021/cr200256v,,,,,,,,,,,,,,,,,,,,,,,,,,,,,
W2166027129,Chemistry,Thiol–Ene Click Chemistry,2010,https://doi.org/10.1002/anie.200903924,Pending,,,,,,,https://doi.org/10.1002/anie.200903924,,,,,,,,,,,,,,,,,,,,,,,,,,,,,
W2096057003,Chemistry,Target-decoy search strategy for increased confidence in large-scale protein identifications by mass spectrometry,2007,https://doi.org/10.1038/nmeth1019,Pending,,,,,,,https://doi.org/10.1038/nmeth1019,,,,,,,,,,,,,,,,,,,,,,,,,,,,,
W2125014016,Chemistry,Palladium(II)‐Catalyzed CH Activation/CC Cross‐Coupling Reactions: Versatility and Practicality,2009,https://doi.org/10.1002/anie.200806273,Pending,,,,,,,https://doi.org/10.1002/anie.200806273,,,,,,,,,,,,,,,,,,,,,,,,,,,,,
W1999597013,Chemistry,Some distance properties of latent root and vector methods used in multivariate analysis,1966,https://doi.org/10.1093/biomet/53.3-4.325,Pending,,,,,,,https://doi.org/10.1093/biomet/53.3-4.325,,,,,,,,,,,,,,,,,,,,,,,,,,,,,
W233628489,Chemistry,The Use of Diethyl Azodicarboxylate and Triphenylphosphine in Synthesis and Transformation of Natural Products,1981,https://doi.org/10.1055/s-1981-29317,Pending,,,,,,,https://doi.org/10.1055/s-1981-29317,,,,,,,,,,,,,,,,,,,,,,,,,,,,,
W2119460480,Chemistry,Silver stain for proteins in polyacrylamide gels: A modified procedure with enhanced uniform sensitivity,1981,https://doi.org/10.1016/0003-2697(81)90783-1,Pending,,,,,,,https://doi.org/10.1016/0003-2697(81)90783-1,,,,,,,,,,,,,,,,,,,,,,,,,,,,,
W2766085136,Chemistry,A Practical Beginner’s Guide to Cyclic Voltammetry,2017,https://doi.org/10.1021/acs.jchemed.7b00361,Pending,,,,,,,https://doi.org/10.1021/acs.jchemed.7b00361,,,,,,,,,,,,,,,,,,,,,,,,,,,,,
W2127378043,Chemistry,Recent Developments in Isocyanide Based Multicomponent Reactions in Applied Chemistry,2005,https://doi.org/10.1021/cr0505728,Pending,,,,,,,https://doi.org/10.1021/cr0505728,,,,,,,,,,,,,,,,,,,,,,,,,,,,,
W2112307556,Chemistry,Metal–Organic Frameworks (MOFs),2014,https://doi.org/10.1039/c4cs90059f,Pending,,,,,,,https://doi.org/10.1039/c4cs90059f,,,,,,,,,,,,,,,,,,,,,,,,,,,,,
W2008844584,Chemistry,The Conservation of Orbital Symmetry,1969,https://doi.org/10.1002/anie.196907811,Pending,,,,,,,https://doi.org/10.1002/anie.196907811,,,,,,,,,,,,,,,,,,,,,,,,,,,,,
W2111677437,Chemistry,Multicomponent Reactions with Isocyanides,2000,https://doi.org/10.1002/1521-3773(20000915)39:18<3168::aid-anie3168>3.0.co;2-u,Pending,,,,,,,https://doi.org/10.1002/1521-3773(20000915)39:18<3168::aid-anie3168>3.0.co;2-u,,,,,,,,,,,,,,,,,,,,,,,,,,,,,
W1905183855,Chemistry,Fingerprinting intermolecular interactions in molecular crystals,2002,https://doi.org/10.1039/b203191b,Pending,,,,,,,https://doi.org/10.1039/b203191b,,,,,,,,,,,,,,,,,,,,,,,,,,,,,
W2125053394,Chemistry,Carbon Dioxide Capture: Prospects for New Materials,2010,https://doi.org/10.1002/anie.201000431,Pending,,,,,,,https://doi.org/10.1002/anie.201000431,,,,,,,,,,,,,,,,,,,,,,,,,,,,,
W2030288387,Chemistry,Atomic Structure Calculations,1964,https://doi.org/10.1149/1.2426131,Pending,,,,,,,https://doi.org/10.1149/1.2426131,,,,,,,,,,,,,,,,,,,,,,,,,,,,,
W1996273492,Chemistry,"NMR Chemical Shifts of Trace Impurities: Common Laboratory Solvents, Organics, and Gases in Deuterated Solvents Relevant to the Organometallic Chemist",2010,https://doi.org/10.1021/om100106e,Pending,,,,,,,https://doi.org/10.1021/om100106e,,,,,,,,,,,,,,,,,,,,,,,,,,,,,
W2055450143,Chemistry,Molecular theory of gases and liquids,1955,https://doi.org/10.1021/ed032p232.2,Pending,,,,,,,https://doi.org/10.1021/ed032p232.2,,,,,,,,,,,,,,,,,,,,,,,,,,,,,
W2265596863,Chemistry,The Halogen Bond,2016,https://doi.org/10.1021/acs.chemrev.5b00484,Pending,,,,,,,https://doi.org/10.1021/acs.chemrev.5b00484,,,,,,,,,,,,,,,,,,,,,,,,,,,,,
W2145773666,Chemistry,Kinetics of Fluorescence Quenching by Electron and H‐Atom Transfer,1970,https://doi.org/10.1002/ijch.197000029,Pending,,,,,,,https://doi.org/10.1002/ijch.197000029,,,,,,,,,,,,,,,,,,,,,,,,,,,,,
W2063060349,Chemistry,Comparative molecular field analysis (CoMFA). 1. Effect of shape on binding of steroids to carrier proteins,1988,https://doi.org/10.1021/ja00226a005,Pending,,,,,,,https://doi.org/10.1021/ja00226a005,,,,,,,,,,,,,,,,,,,,,,,,,,,,,
W1628423641,Chemistry,A homochiral metal–organic porous material for enantioselective separation and catalysis,2000,https://doi.org/10.1038/35010088,Pending,,,,,,,https://doi.org/10.1038/35010088,,,,,,,,,,,,,,,,,,,,,,,,,,,,,
W1981754097,Chemistry,The Heck Reaction as a Sharpening Stone of Palladium Catalysis,2000,https://doi.org/10.1021/cr9903048,Pending,,,,,,,https://doi.org/10.1021/cr9903048,,,,,,,,,,,,,,,,,,,,,,,,,,,,,
W2079473982,Chemistry,Self-consistent molecular orbital methods. 21. Small split-valence basis sets for first-row elements,1980,https://doi.org/10.1021/ja00523a008,Pending,,,,,,,https://doi.org/10.1021/ja00523a008,,,,,,,,,,,,,,,,,,,,,,,,,,,,,
W2053700726,Chemistry,Ultrahigh Porosity in Metal-Organic Frameworks,2010,https://doi.org/10.1126/science.1192160,Pending,,,,,,,https://doi.org/10.1126/science.1192160,,,,,,,,,,,,,,,,,,,,,,,,,,,,,
W2329076747,Chemistry,Catalytic Dehydrogenative Cross-Coupling: Forming Carbon−Carbon Bonds by Oxidizing Two Carbon−Hydrogen Bonds,2011,https://doi.org/10.1021/cr100280d,Pending,,,,,,,https://doi.org/10.1021/cr100280d,,,,,,,,,,,,,,,,,,,,,,,,,,,,,
W2172949807,Chemistry,Block Copolymer Thermodynamics: Theory and Experiment,1990,https://doi.org/10.1146/annurev.pc.41.100190.002521,Pending,,,,,,,https://doi.org/10.1146/annurev.pc.41.100190.002521,,,,,,,,,,,,,,,,,,,,,,,,,,,,,
W2031975877,Chemistry,Die Konstitution der Mischkristalle und die Raumf�llung der Atome,1921,https://doi.org/10.1007/bf01349680,Pending,,,,,,,https://doi.org/10.1007/bf01349680,,,,,,,,,,,,,,,,,,,,,,,,,,,,,
W2053248916,Chemistry,Nucleus-Independent Chemical Shifts (NICS) as an Aromaticity Criterion,2005,https://doi.org/10.1021/cr030088+,Pending,,,,,,,https://doi.org/10.1021/cr030088+,,,,,,,,,,,,,,,,,,,,,,,,,,,,,
W2912800609,Chemistry,Infrared spectra of inorganic and coordination compounds,1964,https://doi.org/10.1016/0026-265x(64)90030-x,Pending,,,,,,,https://doi.org/10.1016/0026-265x(64)90030-x,,,,,,,,,,,,,,,,,,,,,,,,,,,,,
W2131201603,Chemistry,Chemical engineers' handbook,1950,https://doi.org/10.1021/ed027p533.1,Pending,,,,,,,https://doi.org/10.1021/ed027p533.1,,,,,,,,,,,,,,,,,,,,,,,,,,,,,
W2025717854,Chemistry,Model-free approach to the interpretation of nuclear magnetic resonance relaxation in macromolecules. 1. Theory and range of validity,1982,https://doi.org/10.1021/ja00381a009,Pending,,,,,,,https://doi.org/10.1021/ja00381a009,,,,,,,,,,,,,,,,,,,,,,,,,,,,,
W2071937493,Chemistry,Molecular Spectra and Molecular Structure. I. Spectra of Diatomic Molecules,1951,https://doi.org/10.1119/1.1932852,Pending,,,,,,,https://doi.org/10.1119/1.1932852,,,,,,,,,,,,,,,,,,,,,,,,,,,,,
W2761551323,Chemistry,Synthetic Organic Electrochemical Methods Since 2000: On the Verge of a Renaissance,2017,https://doi.org/10.1021/acs.chemrev.7b00397,Pending,,,,,,,https://doi.org/10.1021/acs.chemrev.7b00397,,,,,,,,,,,,,,,,,,,,,,,,,,,,,
W2161062388,Chemistry,The Universal Protein Resource (UniProt),2004,https://doi.org/10.1093/nar/gki070,Pending,,,,,,,https://doi.org/10.1093/nar/gki070,,,,,,,,,,,,,,,,,,,,,,,,,,,,,
W1574789166,Chemistry,Statistics and Chemometrics for Analytical Chemistry,2005,,Pending,,,,,,,https://openalex.org/W1574789166,,,,,,,,,,,,,,,,,,,,,,,,,,,,,
W2010785223,Chemistry,Forces in Molecules,1939,https://doi.org/10.1103/physrev.56.340,Pending,,,,,,,https://doi.org/10.1103/physrev.56.340,,,,,,,,,,,,,,,,,,,,,,,,,,,,,
W2101479143,Chemistry,"Supramolecular Chemistry—Scope and Perspectives Molecules, Supermolecules, and Molecular Devices (Nobel Lecture)",1988,https://doi.org/10.1002/anie.198800891,Pending,,,,,,,https://doi.org/10.1002/anie.198800891,,,,,,,,,,,,,,,,,,,,,,,,,,,,,
W2144122182,Chemistry,New Polymer Synthesis by Nitroxide Mediated Living Radical Polymerizations,2001,https://doi.org/10.1021/cr990119u,Pending,,,,,,,https://doi.org/10.1021/cr990119u,,,,,,,,,,,,,,,,,,,,,,,,,,,,,
W3128646645,Biology Medicine,Global Cancer Statistics 2020: GLOBOCAN Estimates of Incidence and Mortality Worldwide for 36 Cancers in 185 Countries,2021,https://doi.org/10.3322/caac.21660,Pending,,,,,,,https://doi.org/10.3322/caac.21660,,,,,,,,,,,,,,,,,,,,,,,,,,,,,
W2889646458,Biology Medicine,Global cancer statistics 2018: GLOBOCAN estimates of incidence and mortality worldwide for 36 cancers in 185 countries,2018,https://doi.org/10.3322/caac.21492,Pending,,,,,,,https://doi.org/10.3322/caac.21492,,,,,,,,,,,,,,,,,,,,,,,,,,,,,
W1847168837,Biology Medicine,“Mini-mental state”,1975,https://doi.org/10.1016/0022-3956(75)90026-6,Pending,,,,,,,https://doi.org/10.1016/0022-3956(75)90026-6,,,,,,,,,,,,,,,,,,,,,,,,,,,,,
W2117692326,Biology Medicine,Hallmarks of Cancer: The Next Generation,2011,https://doi.org/10.1016/j.cell.2011.02.013,Pending,,,,,,,https://doi.org/10.1016/j.cell.2011.02.013,,,,,,,,,,,,,,,,,,,,,,,,,,,,,
W1964184380,Biology Medicine,Mutation of the mouse klotho gene leads to a syndrome resembling ageing.,1997,https://doi.org/10.1038/36285,Pending,,,,,,,https://doi.org/10.1038/36285,,,,,,,,,,,,,,,,,,,,,,,,,,,,,
W2106787323,Biology Medicine,Global cancer statistics,2011,https://doi.org/10.3322/caac.20107,Pending,,,,,,,https://doi.org/10.3322/caac.20107,,,,,,,,,,,,,,,,,,,,,,,,,,,,,
W2101108802,Biology Medicine,Electrophoretic transfer of proteins from polyacrylamide gels to nitrocellulose sheets: procedure and some applications.,1979,https://doi.org/10.1073/pnas.76.9.4350,Pending,,,,,,,https://doi.org/10.1073/pnas.76.9.4350,,,,,,,,,,,,,,,,,,,,,,,,,,,,,
W2112778345,Biology Medicine,The CES-D Scale,1977,https://doi.org/10.1177/014662167700100306,Pending,,,,,,,https://doi.org/10.1177/014662167700100306,,,,,,,,,,,,,,,,,,,,,,,,,,,,,
W3001118548,Biology Medicine,"Clinical features of patients infected with 2019 novel coronavirus in Wuhan, China",2020,https://doi.org/10.1016/s0140-6736(20)30183-5,Pending,,,,,,,https://doi.org/10.1016/s0140-6736(20)30183-5,,,,,,,,,,,,,,,,,,,,,,,,,,,,,
W2000445173,Biology Medicine,A new method of classifying prognostic comorbidity in longitudinal studies: Development and validation,1987,https://doi.org/10.1016/0021-9681(87)90171-8,Pending,,,,,,,https://doi.org/10.1016/0021-9681(87)90171-8,,,,,,,,,,,,,,,,,,,,,,,,,,,,,
W2015795623,Biology Medicine,STATISTICAL METHODS FOR ASSESSING AGREEMENT BETWEEN TWO METHODS OF CLINICAL MEASUREMENT,1986,https://doi.org/10.1016/s0140-6736(86)90837-8,Pending,,,,,,,https://doi.org/10.1016/s0140-6736(86)90837-8,,,,,,,,,,,,,,,,,,,,,,,,,,,,,
W2018289835,Biology Medicine,"Short-Term Effects of Nose-Only Cigarette Smoke Exposure on Glutathione Redox Homeostasis, Cytochrome P450 1A1/2 and Respiratory Enzyme Activities in Mice Tissues",2013,https://doi.org/10.1159/000350087,Pending,,,,,,,https://doi.org/10.1159/000350087,,,,,,,,,,,,,,,,,,,,,,,,,,,,,
W2116404316,Biology Medicine,"Estimation of the Concentration of Low-Density Lipoprotein Cholesterol in Plasma, Without Use of the Preparative Ultracentrifuge",1972,https://doi.org/10.1093/clinchem/18.6.499,Pending,,,,,,,https://doi.org/10.1093/clinchem/18.6.499,,,,,,,,,,,,,,,,,,,,,,,,,,,,,
W3008827533,Biology Medicine,Clinical Characteristics of Coronavirus Disease 2019 in China,2020,https://doi.org/10.1056/nejmoa2002032,Pending,,,,,,,https://doi.org/10.1056/nejmoa2002032,,,,,,,,,,,,,,,,,,,,,,,,,,,,,
W2096998881,Biology Medicine,Classification of Surgical Complications,2004,https://doi.org/10.1097/01.sla.0000133083.54934.ae,Pending,,,,,,,https://doi.org/10.1097/01.sla.0000133083.54934.ae,,,,,,,,,,,,,,,,,,,,,,,,,,,,,
W2560367415,Biology Medicine,PD-1 and PD-L1 Immune Checkpoint Blockade to Treat Breast Cancer,2016,https://doi.org/10.1159/000453569,Pending,,,,,,,https://doi.org/10.1159/000453569,,,,,,,,,,,,,,,,,,,,,,,,,,,,,
W3001897055,Biology Medicine,"A Novel Coronavirus from Patients with Pneumonia in China, 2019",2020,https://doi.org/10.1056/nejmoa2001017,Pending,,,,,,,https://doi.org/10.1056/nejmoa2001017,,,,,,,,,,,,,,,,,,,,,,,,,,,,,
W4292528167,Biology Medicine,World Medical Association Declaration of Helsinki,2013,https://doi.org/10.1001/jama.2013.281053,Pending,,,,,,,https://doi.org/10.1001/jama.2013.281053,,,,,,,,,,,,,,,,,,,,,,,,,,,,,
W2019607817,Biology Medicine,New response evaluation criteria in solid tumours: Revised RECIST guideline (version 1.1),2008,https://doi.org/10.1016/j.ejca.2008.10.026,Pending,,,,,,,https://doi.org/10.1016/j.ejca.2008.10.026,,,,,,,,,,,,,,,,,,,,,,,,,,,,,
W3009885589,Biology Medicine,"Clinical course and risk factors for mortality of adult inpatients with COVID-19 in Wuhan, China: a retrospective cohort study",2020,https://doi.org/10.1016/s0140-6736(20)30566-3,Pending,,,,,,,https://doi.org/10.1016/s0140-6736(20)30566-3,,,,,,,,,,,,,,,,,,,,,,,,,,,,,
W1757407923,Biology Medicine,"Cancer incidence and mortality worldwide: Sources, methods and major patterns in GLOBOCAN 2012",2014,https://doi.org/10.1002/ijc.29210,Pending,,,,,,,https://doi.org/10.1002/ijc.29210,,,,,,,,,,,,,,,,,,,,,,,,,,,,,
W2034269086,Biology Medicine,The Hallmarks of Cancer,2000,https://doi.org/10.1016/s0092-8674(00)81683-9,Pending,,,,,,,https://doi.org/10.1016/s0092-8674(00)81683-9,,,,,,,,,,,,,,,,,,,,,,,,,,,,,
W2280404143,Biology Medicine,The Third International Consensus Definitions for Sepsis and Septic Shock (Sepsis-3),2016,https://doi.org/10.1001/jama.2016.0287,Pending,,,,,,,https://doi.org/10.1001/jama.2016.0287,,,,,,,,,,,,,,,,,,,,,,,,,,,,,
W2156220037,Biology Medicine,Clinical diagnosis of Alzheimer's disease,1984,https://doi.org/10.1212/wnl.34.7.939,Pending,,,,,,,https://doi.org/10.1212/wnl.34.7.939,,,,,,,,,,,,,,,,,,,,,,,,,,,,,
W2118310760,Biology Medicine,"Summary of the Second Report of the National Cholesterol Education Program (NCEP) Expert Panel on Detection, Evaluation, and Treatment of High Blood Cholesterol in Adults (Adult Treatment Panel II)",1993,https://doi.org/10.1001/jama.1993.03500230097036,Pending,,,,,,,https://doi.org/10.1001/jama.1993.03500230097036,,,,,,,,,,,,,,,,,,,,,,,,,,,,,
W2917837889,Biology Medicine,"Global cancer statistics, 2012",2015,https://doi.org/10.3322/caac.21262,Pending,,,,,,,https://doi.org/10.3322/caac.21262,,,,,,,,,,,,,,,,,,,,,,,,,,,,,
W1971048984,Biology Medicine,A new and rapid colorimetric determination of acetylcholinesterase activity,1961,https://doi.org/10.1016/0006-2952(61)90145-9,Pending,,,,,,,https://doi.org/10.1016/0006-2952(61)90145-9,,,,,,,,,,,,,,,,,,,,,,,,,,,,,
W4238251256,Biology Medicine,"Executive Summary of the Third Report of the National Cholesterol Education Program (NCEP) Expert Panel on Detection, Evaluation, and Treatment of High Blood Cholesterol in Adults (Adult Treatment Panel III)",2001,https://doi.org/10.1001/jama.285.19.2486,Pending,,,,,,,https://doi.org/10.1001/jama.285.19.2486,,,,,,,,,,,,,,,,,,,,,,,,,,,,,
W2155965977,Biology Medicine,A New Equation to Estimate Glomerular Filtration Rate,2009,https://doi.org/10.7326/0003-4819-150-9-200905050-00006,Pending,,,,,,,https://doi.org/10.7326/0003-4819-150-9-200905050-00006,,,,,,,,,,,,,,,,,,,,,,,,,,,,,
W2165758561,Biology Medicine,"The Montreal Cognitive Assessment, MoCA: A Brief Screening Tool For Mild Cognitive Impairment",2005,https://doi.org/10.1111/j.1532-5415.2005.53221.x,Pending,,,,,,,https://doi.org/10.1111/j.1532-5415.2005.53221.x,,,,,,,,,,,,,,,,,,,,,,,,,,,,,
W2156121263,Biology Medicine,"The Seventh Report of the Joint National Committee on Prevention, Detection, Evaluation, and Treatment of High Blood Pressure&lt;SUBTITLE&gt;The JNC 7 Report&lt;/SUBTITLE&gt;",2003,https://doi.org/10.1001/jama.289.19.2560,Pending,,,,,,,https://doi.org/10.1001/jama.289.19.2560,,,,,,,,,,,,,,,,,,,,,,,,,,,,,
W2769264260,Biology Medicine,The Effect of Intensive Treatment of Diabetes on the Development and Progression of Long-Term Complications in Insulin-Dependent Diabetes Mellitus,1993,https://doi.org/10.1056/nejm199309303291401,Pending,,,,,,,https://doi.org/10.1056/nejm199309303291401,,,,,,,,,,,,,,,,,,,,,,,,,,,,,
W2164059021,Biology Medicine,Frailty in Older Adults: Evidence for a Phenotype,2001,https://doi.org/10.1093/gerona/56.3.m146,Pending,,,,,,,https://doi.org/10.1093/gerona/56.3.m146,,,,,,,,,,,,,,,,,,,,,,,,,,,,,
W4393935425,Biology Medicine,Global cancer statistics 2022: GLOBOCAN estimates of incidence and mortality worldwide for 36 cancers in 185 countries,2024,https://doi.org/10.3322/caac.21834,Pending,,,,,,,https://doi.org/10.3322/caac.21834,,,,,,,,,,,,,,,,,,,,,,,,,,,,,
W4392145873,Biology Medicine,"Two new Later Stone Age sites from the Final Pleistocene in the Falémé Valley, eastern Senegal",2024,https://doi.org/10.3929/ethz-b-000667478,Pending,,,,,,,https://doi.org/10.3929/ethz-b-000667478,,,,,,,,,,,,,,,,,,,,,,,,,,,,,
W3004280078,Biology Medicine,A pneumonia outbreak associated with a new coronavirus of probable bat origin,2020,https://doi.org/10.1038/s41586-020-2012-7,Pending,,,,,,,https://doi.org/10.1038/s41586-020-2012-7,,,,,,,,,,,,,,,,,,,,,,,,,,,,,
W2092713296,Biology Medicine,Multiple Range and Multiple F Tests,1955,https://doi.org/10.2307/3001478,Pending,,,,,,,https://doi.org/10.2307/3001478,,,,,,,,,,,,,,,,,,,,,,,,,,,,,
W3002108456,Biology Medicine,"Epidemiological and clinical characteristics of 99 cases of 2019 novel coronavirus pneumonia in Wuhan, China: a descriptive study",2020,https://doi.org/10.1016/s0140-6736(20)30211-7,Pending,,,,,,,https://doi.org/10.1016/s0140-6736(20)30211-7,,,,,,,,,,,,,,,,,,,,,,,,,,,,,
W2165010366,Biology Medicine,GRADE: an emerging consensus on rating quality of evidence and strength of recommendations,2008,https://doi.org/10.1136/bmj.39489.470347.ad,Pending,,,,,,,https://doi.org/10.1136/bmj.39489.470347.ad,,,,,,,,,,,,,,,,,,,,,,,,,,,,,
W2171129594,Biology Medicine,International Physical Activity Questionnaire: 12-Country Reliability and Validity,2003,https://doi.org/10.1249/01.mss.0000078924.61453.fb,Pending,,,,,,,https://doi.org/10.1249/01.mss.0000078924.61453.fb,,,,,,,,,,,,,,,,,,,,,,,,,,,,,
W2096287682,Biology Medicine,Radiotherapy Plus Concomitant and Adjuvant Temozolomide for Glioblastoma,2005,https://doi.org/10.1056/nejmoa043330,Pending,,,,,,,https://doi.org/10.1056/nejmoa043330,,,,,,,,,,,,,,,,,,,,,,,,,,,,,
W2140606211,Biology Medicine,The Positive and Negative Syndrome Scale (PANSS) for Schizophrenia,1987,https://doi.org/10.1093/schbul/13.2.261,Pending,,,,,,,https://doi.org/10.1093/schbul/13.2.261,,,,,,,,,,,,,,,,,,,,,,,,,,,,,
W1981989535,Biology Medicine,Estimates of worldwide burden of cancer in 2008: GLOBOCAN 2008,2010,https://doi.org/10.1002/ijc.25516,Pending,,,,,,,https://doi.org/10.1002/ijc.25516,,,,,,,,,,,,,,,,,,,,,,,,,,,,,
W3009912996,Biology Medicine,SARS-CoV-2 Cell Entry Depends on ACE2 and TMPRSS2 and Is Blocked by a Clinically Proven Protease Inhibitor,2020,https://doi.org/10.1016/j.cell.2020.02.052,Pending,,,,,,,https://doi.org/10.1016/j.cell.2020.02.052,,,,,,,,,,,,,,,,,,,,,,,,,,,,,
W3005079553,Biology Medicine,"Clinical Characteristics of 138 Hospitalized Patients With 2019 Novel Coronavirus–Infected Pneumonia in Wuhan, China",2020,https://doi.org/10.1001/jama.2020.1585,Pending,,,,,,,https://doi.org/10.1001/jama.2020.1585,,,,,,,,,,,,,,,,,,,,,,,,,,,,,
W2159999899,Biology Medicine,Multilineage Potential of Adult Human Mesenchymal Stem Cells,1999,https://doi.org/10.1126/science.284.5411.143,Pending,,,,,,,https://doi.org/10.1126/science.284.5411.143,,,,,,,,,,,,,,,,,,,,,,,,,,,,,
W2911188335,Biology Medicine,"Cancer statistics, 2019",2019,https://doi.org/10.3322/caac.21551,Pending,,,,,,,https://doi.org/10.3322/caac.21551,,,,,,,,,,,,,,,,,,,,,,,,,,,,,
W2058161128,Biology Medicine,[Japanese version of the Neuropsychiatric Inventory--a scoring system for neuropsychiatric disturbance in dementia patients].,1997,,Pending,,,,,,,https://openalex.org/W2058161128,,,,,,,,,,,,,,,,,,,,,,,,,,,,,
W2337454357,Biology Medicine,Intensive blood-glucose control with sulphonylureas or insulin compared with conventional treatment and risk of complications in patients with type 2 diabetes (UKPDS 33),1998,https://doi.org/10.1016/s0140-6736(98)07019-6,Pending,,,,,,,https://doi.org/10.1016/s0140-6736(98)07019-6,,,,,,,,,,,,,,,,,,,,,,,,,,,,,
W2152348310,Biology Medicine,The american rheumatism association 1987 revised criteria for the classification of rheumatoid arthritis,1988,https://doi.org/10.1002/art.1780310302,Pending,,,,,,,https://doi.org/10.1002/art.1780310302,,,,,,,,,,,,,,,,,,,,,,,,,,,,,
W3092849554,Biology Medicine,"Global burden of 369 diseases and injuries in 204 countries and territories, 1990–2019: a systematic analysis for the Global Burden of Disease Study 2019",2020,https://doi.org/10.1016/s0140-6736(20)30925-9,Pending,,,,,,,https://doi.org/10.1016/s0140-6736(20)30925-9,,,,,,,,,,,,,,,,,,,,,,,,,,,,,
W3165656738,Biology Medicine,La certeza de lo impredecible: Cultura Educación y Sociedad en tiempos de COVID19,2020,,Pending,,,,,,,https://openalex.org/W3165656738,,,,,,,,,,,,,,,,,,,,,,,,,,,,,
W2158822657,Biology Medicine,Reduction in the Incidence of Type 2 Diabetes with Lifestyle Intervention or Metformin,2002,https://doi.org/10.1056/nejmoa012512,Pending,,,,,,,https://doi.org/10.1056/nejmoa012512,,,,,,,,,,,,,,,,,,,,,,,,,,,,,
W2115017507,Biology Medicine,The diagnosis of dementia due to Alzheimer's disease: Recommendations from the National Institute on Aging‐Alzheimer's Association workgroups on diagnostic guidelines for Alzheimer's disease,2011,https://doi.org/10.1016/j.jalz.2011.03.005,Pending,,,,,,,https://doi.org/10.1016/j.jalz.2011.03.005,,,,,,,,,,,,,,,,,,,,,,,,,,,,,
W1997183854,Biology Medicine,Ferroptosis: An Iron-Dependent Form of Nonapoptotic Cell Death,2012,https://doi.org/10.1016/j.cell.2012.03.042,Pending,,,,,,,https://doi.org/10.1016/j.cell.2012.03.042,,,,,,,,,,,,,,,,,,,,,,,,,,,,,
W2020830322,Biology Medicine,"Global Cancer Statistics, 2002",2005,https://doi.org/10.3322/canjclin.55.2.74,Pending,,,,,,,https://doi.org/10.3322/canjclin.55.2.74,,,,,,,,,,,,,,,,,,,,,,,,,,,,,
W4206841660,Biology Medicine,"Cancer statistics, 2022",2022,https://doi.org/10.3322/caac.21708,Pending,,,,,,,https://doi.org/10.3322/caac.21708,,,,,,,,,,,,,,,,,,,,,,,,,,,,,
W2124624517,Biology Medicine,Recommendations for Cardiac Chamber Quantification by Echocardiography in Adults: An Update from the American Society of Echocardiography and the European Association of Cardiovascular Imaging,2015,https://doi.org/10.1016/j.echo.2014.10.003,Pending,,,,,,,https://doi.org/10.1016/j.echo.2014.10.003,,,,,,,,,,,,,,,,,,,,,,,,,,,,,
W3008028633,Biology Medicine,Characteristics of and Important Lessons From the Coronavirus Disease 2019 (COVID-19) Outbreak in China,2020,https://doi.org/10.1001/jama.2020.2648,Pending,,,,,,,https://doi.org/10.1001/jama.2020.2648,,,,,,,,,,,,,,,,,,,,,,,,,,,,,
W2272984102,Biology Medicine,"Cancer statistics in China, 2015",2016,https://doi.org/10.3322/caac.21338,Pending,,,,,,,https://doi.org/10.3322/caac.21338,,,,,,,,,,,,,,,,,,,,,,,,,,,,,
W3003668884,Biology Medicine,"Early Transmission Dynamics in Wuhan, China, of Novel Coronavirus–Infected Pneumonia",2020,https://doi.org/10.1056/nejmoa2001316,Pending,,,,,,,https://doi.org/10.1056/nejmoa2001316,,,,,,,,,,,,,,,,,,,,,,,,,,,,,
W2025371271,Biology Medicine,Minimal criteria for defining multipotent mesenchymal stromal cells. The International Society for Cellular Therapy position statement,2006,https://doi.org/10.1080/14653240600855905,Pending,,,,,,,https://doi.org/10.1080/14653240600855905,,,,,,,,,,,,,,,,,,,,,,,,,,,,,
W3119005666,Biology Medicine,"Cancer Statistics, 2021",2021,https://doi.org/10.3322/caac.21654,Pending,,,,,,,https://doi.org/10.3322/caac.21654,,,,,,,,,,,,,,,,,,,,,,,,,,,,,
W2781525129,Biology Medicine,"Cancer statistics, 2018",2018,https://doi.org/10.3322/caac.21442,Pending,,,,,,,https://doi.org/10.3322/caac.21442,,,,,,,,,,,,,,,,,,,,,,,,,,,,,
W2285072859,Biology Medicine,Heart Rate Variability,1996,https://doi.org/10.1161/01.cir.93.5.1043,Pending,,,,,,,https://doi.org/10.1161/01.cir.93.5.1043,,,,,,,,,,,,,,,,,,,,,,,,,,,,,
W2058046532,Biology Medicine,Automated Anatomical Labeling of Activations in SPM Using a Macroscopic Anatomical Parcellation of the MNI MRI Single-Subject Brain,2002,https://doi.org/10.1006/nimg.2001.0978,Pending,,,,,,,https://doi.org/10.1006/nimg.2001.0978,,,,,,,,,,,,,,,,,,,,,,,,,,,,,
W1999130958,Biology Medicine,The National Comprehensive Cancer Network,1998,https://doi.org/10.1002/(sici)1097-0142(19980515)82:10+<2057::aid-cncr14>3.0.co;2-a,Pending,,,,,,,https://doi.org/10.1002/(sici)1097-0142(19980515)82:10+<2057::aid-cncr14>3.0.co;2-a,,,,,,,,,,,,,,,,,,,,,,,,,,,,,
W4315754639,Biology Medicine,"Cancer statistics, 2023",2023,https://doi.org/10.3322/caac.21763,Pending,,,,,,,https://doi.org/10.3322/caac.21763,,,,,,,,,,,,,,,,,,,,,,,,,,,,,
W2104129218,Biology Medicine,Establishing a standard definition for child overweight and obesity worldwide: international survey,2000,https://doi.org/10.1136/bmj.320.7244.1240,Pending,,,,,,,https://doi.org/10.1136/bmj.320.7244.1240,,,,,,,,,,,,,,,,,,,,,,,,,,,,,
W2145150141,Biology Medicine,2015 American Thyroid Association Management Guidelines for Adult Patients with Thyroid Nodules and Differentiated Thyroid Cancer: The American Thyroid Association Guidelines Task Force on Thyroid Nodules and Differentiated Thyroid Cancer,2015,https://doi.org/10.1089/thy.2015.0020,Pending,,,,,,,https://doi.org/10.1089/thy.2015.0020,,,,,,,,,,,,,,,,,,,,,,,,,,,,,
W2004008756,Biology Medicine,Psychophysical bases of perceived exertion,1982,https://doi.org/10.1249/00005768-198205000-00012,Pending,,,,,,,https://doi.org/10.1249/00005768-198205000-00012,,,,,,,,,,,,,,,,,,,,,,,,,,,,,
W2052742260,Biology Medicine,Neuropathological stageing of Alzheimer-related changes,1991,https://doi.org/10.1007/bf00308809,Pending,,,,,,,https://doi.org/10.1007/bf00308809,,,,,,,,,,,,,,,,,,,,,,,,,,,,,
W1523693806,Biology Medicine,Repertoires of Autophagy in the Pathogenesis of Ocular Diseases,2015,https://doi.org/10.1159/000373980,Pending,,,,,,,https://doi.org/10.1159/000373980,,,,,,,,,,,,,,,,,,,,,,,,,,,,,
W2235523093,Biology Medicine,"Cancer statistics, 2016",2016,https://doi.org/10.3322/caac.21332,Pending,,,,,,,https://doi.org/10.3322/caac.21332,,,,,,,,,,,,,,,,,,,,,,,,,,,,,
W2127951128,Biology Medicine,"Global Strategy for the Diagnosis, Management, and Prevention of Chronic Obstructive Pulmonary Disease",2012,https://doi.org/10.1164/rccm.201204-0596pp,Pending,,,,,,,https://doi.org/10.1164/rccm.201204-0596pp,,,,,,,,,,,,,,,,,,,,,,,,,,,,,
W2167571044,Biology Medicine,The European Organization for Research and Treatment of Cancer QLQ-C30: A Quality-of-Life Instrument for Use in International Clinical Trials in Oncology,1993,https://doi.org/10.1093/jnci/85.5.365,Pending,,,,,,,https://doi.org/10.1093/jnci/85.5.365,,,,,,,,,,,,,,,,,,,,,,,,,,,,,
W2366536035,Biology Medicine,The 2016 World Health Organization Classification of Tumors of the Central Nervous System: a summary,2016,https://doi.org/10.1007/s00401-016-1545-1,Pending,,,,,,,https://doi.org/10.1007/s00401-016-1545-1,,,,,,,,,,,,,,,,,,,,,,,,,,,,,
W1593442063,Biology Medicine,Risks and Benefits of Estrogen Plus Progestin in Healthy Postmenopausal Women: Principal Results From the Women's Health Initiative Randomized Controlled Trial,2002,https://doi.org/10.1001/jama.288.3.321,Pending,,,,,,,https://doi.org/10.1001/jama.288.3.321,,,,,,,,,,,,,,,,,,,,,,,,,,,,,
W2139248078,Biology Medicine,New Guidelines to Evaluate the Response to Treatment in Solid Tumors,2000,https://doi.org/10.1093/jnci/92.3.205,Pending,,,,,,,https://doi.org/10.1093/jnci/92.3.205,,,,,,,,,,,,,,,,,,,,,,,,,,,,,
W2125078269,Biology Medicine,Standardisation of spirometry,2005,https://doi.org/10.1183/09031936.05.00034805,Pending,,,,,,,https://doi.org/10.1183/09031936.05.00034805,,,,,,,,,,,,,,,,,,,,,,,,,,,,,
W3111255098,Biology Medicine,Safety and Efficacy of the BNT162b2 mRNA Covid-19 Vaccine,2020,https://doi.org/10.1056/nejmoa2034577,Pending,,,,,,,https://doi.org/10.1056/nejmoa2034577,,,,,,,,,,,,,,,,,,,,,,,,,,,,,
W1929009802,Biology Medicine,"Nitric oxide: physiology, pathophysiology, and pharmacology.",1991,https://doi.org/10.1016/s0031-6997(25)06663-3,Pending,,,,,,,https://doi.org/10.1016/s0031-6997(25)06663-3,,,,,,,,,,,,,,,,,,,,,,,,,,,,,
W1550111394,Biology Medicine,Prediction of Creatinine Clearance from Serum Creatinine,2008,https://doi.org/10.1159/000180580,Pending,,,,,,,https://doi.org/10.1159/000180580,,,,,,,,,,,,,,,,,,,,,,,,,,,,,
W2020267609,Biology Medicine,Global Prevalence of Diabetes,2004,https://doi.org/10.2337/diacare.27.5.1047,Pending,,,,,,,https://doi.org/10.2337/diacare.27.5.1047,,,,,,,,,,,,,,,,,,,,,,,,,,,,,
W2133589238,Biology Medicine,"Heart rate variability: Standards of measurement, physiological interpretation, and clinical use",1996,https://doi.org/10.1093/oxfordjournals.eurheartj.a014868,Pending,,,,,,,https://doi.org/10.1093/oxfordjournals.eurheartj.a014868,,,,,,,,,,,,,,,,,,,,,,,,,,,,,
W2134293572,Biology Medicine,"Definition, diagnosis and classification of diabetes mellitus and its complications. Part 1: diagnosis and classification of diabetes mellitus. Provisional report of a WHO Consultation",1998,https://doi.org/10.1002/(sici)1096-9136(199807)15:7<539::aid-dia668>3.0.co;2-s,Pending,,,,,,,https://doi.org/10.1002/(sici)1096-9136(199807)15:7<539::aid-dia668>3.0.co;2-s,,,,,,,,,,,,,,,,,,,,,,,,,,,,,
W1965037168,Biology Medicine,Inflammation and cancer,2002,https://doi.org/10.1038/nature01322,Pending,,,,,,,https://doi.org/10.1038/nature01322,,,,,,,,,,,,,,,,,,,,,,,,,,,,,
W2055864845,Biology Medicine,A More Accurate Method To Estimate Glomerular Filtration Rate from Serum Creatinine: A New Prediction Equation,1999,https://doi.org/10.7326/0003-4819-130-6-199903160-00002,Pending,,,,,,,https://doi.org/10.7326/0003-4819-130-6-199903160-00002,,,,,,,,,,,,,,,,,,,,,,,,,,,,,
W2112519660,Biology Medicine,Development and validation of a geriatric depression screening scale: A preliminary report,1982,https://doi.org/10.1016/0022-3956(82)90033-4,Pending,,,,,,,https://doi.org/10.1016/0022-3956(82)90033-4,,,,,,,,,,,,,,,,,,,,,,,,,,,,,
W2112165124,Biology Medicine,Rating neurologic impairment in multiple sclerosis,1983,https://doi.org/10.1212/wnl.33.11.1444,Pending,,,,,,,https://doi.org/10.1212/wnl.33.11.1444,,,,,,,,,,,,,,,,,,,,,,,,,,,,,
W2570618306,Biology Medicine,"Cancer statistics, 2017",2017,https://doi.org/10.3322/caac.21387,Pending,,,,,,,https://doi.org/10.3322/caac.21387,,,,,,,,,,,,,,,,,,,,,,,,,,,,,
W1581962345,Biology Medicine,National Committee for Clinical Laboratory Standards,1980,https://doi.org/10.1542/peds.65.1.187,Pending,,,,,,,https://doi.org/10.1542/peds.65.1.187,,,,,,,,,,,,,,,,,,,,,,,,,,,,,
W2143104968,Biology Medicine,Harmonizing the Metabolic Syndrome,2009,https://doi.org/10.1161/circulationaha.109.192644,Pending,,,,,,,https://doi.org/10.1161/circulationaha.109.192644,,,,,,,,,,,,,,,,,,,,,,,,,,,,,
W2146203649,Biology Medicine,The 1982 revised criteria for the classification of systemic lupus erythematosus,1982,https://doi.org/10.1002/art.1780251101,Pending,,,,,,,https://doi.org/10.1002/art.1780251101,,,,,,,,,,,,,,,,,,,,,,,,,,,,,
W2061935394,Biology Medicine,Making sense of Cronbach's alpha,2011,https://doi.org/10.5116/ijme.4dfb.8dfd,Pending,,,,,,,https://doi.org/10.5116/ijme.4dfb.8dfd,,,,,,,,,,,,,,,,,,,,,,,,,,,,,
W2125065061,Biology Medicine,Global and regional mortality from 235 causes of death for 20 age groups in 1990 and 2010: a systematic analysis for the Global Burden of Disease Study 2010,2012,https://doi.org/10.1016/s0140-6736(12)61728-0,Pending,,,,,,,https://doi.org/10.1016/s0140-6736(12)61728-0,,,,,,,,,,,,,,,,,,,,,,,,,,,,,
W2897513125,Biology Medicine,Sarcopenia: revised European consensus on definition and diagnosis,2018,https://doi.org/10.1093/ageing/afy169,Pending,,,,,,,https://doi.org/10.1093/ageing/afy169,,,,,,,,,,,,,,,,,,,,,,,,,,,,,
W2006096283,Biology Medicine,Advances in functional and structural MR image analysis and implementation as FSL,2004,https://doi.org/10.1016/j.neuroimage.2004.07.051,Pending,,,,,,,https://doi.org/10.1016/j.neuroimage.2004.07.051,,,,,,,,,,,,,,,,,,,,,,,,,,,,,
W2006617902,Biology Medicine,pROC: an open-source package for R and S+ to analyze and compare ROC curves,2011,https://doi.org/10.1186/1471-2105-12-77,Pending,,,,,,,https://doi.org/10.1186/1471-2105-12-77,,,,,,,,,,,,,,,,,,,,,,,,,,,,,
W4230870013,Biology Medicine,"Third Report of the National Cholesterol Education Program (NCEP) Expert Panel on Detection, Evaluation, and Treatment of High Blood Cholesterol in Adults (Adult Treatment Panel III) Final Report",2002,https://doi.org/10.1161/circ.106.25.3143,Pending,,,,,,,https://doi.org/10.1161/circ.106.25.3143,,,,,,,,,,,,,,,,,,,,,,,,,,,,,
W2581082771,Biology Medicine,Dermatologist-level classification of skin cancer with deep neural networks,2017,https://doi.org/10.1038/nature21056,Pending,,,,,,,https://doi.org/10.1038/nature21056,,,,,,,,,,,,,,,,,,,,,,,,,,,,,
W2149264570,Biology Medicine,Detection of Postnatal Depression,1987,https://doi.org/10.1192/bjp.150.6.782,Pending,,,,,,,https://doi.org/10.1192/bjp.150.6.782,,,,,,,,,,,,,,,,,,,,,,,,,,,,,
W2520432709,Biology Medicine,Diagnosis and Classification of Diabetes Mellitus,2010,https://doi.org/10.2337/dc11-s062,Pending,,,,,,,https://doi.org/10.2337/dc11-s062,,,,,,,,,,,,,,,,,,,,,,,,,,,,,
W2131823335,Biology Medicine,A New Depression Scale Designed to be Sensitive to Change,1979,https://doi.org/10.1192/bjp.134.4.382,Pending,,,,,,,https://doi.org/10.1192/bjp.134.4.382,,,,,,,,,,,,,,,,,,,,,,,,,,,,,
W2096410114,Biology Medicine,The Amyloid Hypothesis of Alzheimer's Disease: Progress and Problems on the Road to Therapeutics,2002,https://doi.org/10.1126/science.1072994,Pending,,,,,,,https://doi.org/10.1126/science.1072994,,,,,,,,,,,,,,,,,,,,,,,,,,,,,
W2066671159,Biology Medicine,The blockade of immune checkpoints in cancer immunotherapy,2012,https://doi.org/10.1038/nrc3239,Pending,,,,,,,https://doi.org/10.1038/nrc3239,,,,,,,,,,,,,,,,,,,,,,,,,,,,,
W2418802570,Biology Medicine,Optical Coherence Tomography,1991,https://doi.org/10.1126/science.1957169,Pending,,,,,,,https://doi.org/10.1126/science.1957169,,,,,,,,,,,,,,,,,,,,,,,,,,,,,
W4293242440,Biology Medicine,APACHE II,1985,https://doi.org/10.1097/00003246-198510000-00009,Pending,,,,,,,https://doi.org/10.1097/00003246-198510000-00009,,,,,,,,,,,,,,,,,,,,,,,,,,,,,
W2133416234,Biology Medicine,2013 ESH/ESC Guidelines for the management of arterial hypertension,2013,https://doi.org/10.1093/eurheartj/eht151,Pending,,,,,,,https://doi.org/10.1093/eurheartj/eht151,,,,,,,,,,,,,,,,,,,,,,,,,,,,,
W2124070987,Biology Medicine,Vitamin D Deficiency,2007,https://doi.org/10.1056/nejmra070553,Pending,,,,,,,https://doi.org/10.1056/nejmra070553,,,,,,,,,,,,,,,,,,,,,,,,,,,,,
W2751884637,Biology Medicine,"Global, regional, and national incidence, prevalence, and years lived with disability for 328 diseases and injuries for 195 countries, 1990–2016: a systematic analysis for the Global Burden of Disease Study 2016",2017,https://doi.org/10.1016/s0140-6736(17)32154-2,Pending,,,,,,,https://doi.org/10.1016/s0140-6736(17)32154-2,,,,,,,,,,,,,,,,,,,,,,,,,,,,,
W2789732774,Biology Medicine,International Diabetes Federation 2017,2018,https://doi.org/10.1111/1753-0407.12644,Pending,,,,,,,https://doi.org/10.1111/1753-0407.12644,,,,,,,,,,,,,,,,,,,,,,,,,,,,,
W2071637551,Biology Medicine,APACHE II-A Severity of Disease Classification System,1986,https://doi.org/10.1097/00003246-198608000-00028,Pending,,,,,,,https://doi.org/10.1097/00003246-198608000-00028,,,,,,,,,,,,,,,,,,,,,,,,,,,,,
W1996713062,Biology Medicine,Positional cloning of the mouse obese gene and its human homologue,1994,https://doi.org/10.1038/372425a0,Pending,,,,,,,https://doi.org/10.1038/372425a0,,,,,,,,,,,,,,,,,,,,,,,,,,,,,
W2110608362,Biology Medicine,Development of the Alcohol Use Disorders Identification Test (AUDIT): WHO Collaborative Project on Early Detection of Persons with Harmful Alcohol Consumption‐II,1993,https://doi.org/10.1111/j.1360-0443.1993.tb02093.x,Pending,,,,,,,https://doi.org/10.1111/j.1360-0443.1993.tb02093.x,,,,,,,,,,,,,,,,,,,,,,,,,,,,,
W2143954917,Biology Medicine,"Seventh Report of the Joint National Committee on Prevention, Detection, Evaluation, and Treatment of High Blood Pressure",2003,https://doi.org/10.1161/01.hyp.0000107251.49515.c2,Pending,,,,,,,https://doi.org/10.1161/01.hyp.0000107251.49515.c2,,,,,,,,,,,,,,,,,,,,,,,,,,,,,
W2549976854,Biology Medicine,Ultrastructural Characterization of the Lower Motor System in a Mouse Model of Krabbe Disease,2016,https://doi.org/10.1038/s41598-016-0001-8,Pending,,,,,,,https://doi.org/10.1038/s41598-016-0001-8,,,,,,,,,,,,,,,,,,,,,,,,,,,,,
W3193598686,Biology Medicine,2021 ESC Guidelines for the diagnosis and treatment of acute and chronic heart failure,2021,https://doi.org/10.1093/eurheartj/ehab368,Pending,,,,,,,https://doi.org/10.1093/eurheartj/ehab368,,,,,,,,,,,,,,,,,,,,,,,,,,,,,
W2768146862,Biology Medicine,Definitions for Sepsis and Organ Failure and Guidelines for the Use of Innovative Therapies in Sepsis,1992,https://doi.org/10.1378/chest.101.6.1644,Pending,,,,,,,https://doi.org/10.1378/chest.101.6.1644,,,,,,,,,,,,,,,,,,,,,,,,,,,,,
W1603121691,Biology Medicine,ASSESSMENT OF COMA AND IMPAIRED CONSCIOUSNESS,1974,https://doi.org/10.1016/s0140-6736(74)91639-0,Pending,,,,,,,https://doi.org/10.1016/s0140-6736(74)91639-0,,,,,,,,,,,,,,,,,,,,,,,,,,,,,
W1971837077,Biology Medicine,Sorafenib in Advanced Hepatocellular Carcinoma,2008,https://doi.org/10.1056/nejmoa0708857,Pending,,,,,,,https://doi.org/10.1056/nejmoa0708857,,,,,,,,,,,,,,,,,,,,,,,,,,,,,
W2597070792,Biology Medicine,Ventilation with Lower Tidal Volumes as Compared with Traditional Tidal Volumes for Acute Lung Injury and the Acute Respiratory Distress Syndrome,2000,https://doi.org/10.1056/nejm200005043421801,Pending,,,,,,,https://doi.org/10.1056/nejm200005043421801,,,,,,,,,,,,,,,,,,,,,,,,,,,,,
W3003217347,Biology Medicine,A new coronavirus associated with human respiratory disease in China,2020,https://doi.org/10.1038/s41586-020-2008-3,Pending,,,,,,,https://doi.org/10.1038/s41586-020-2008-3,,,,,,,,,,,,,,,,,,,,,,,,,,,,,
W1513897103,Biology Medicine,Phosphorus Assay in Column Chromatography,1959,https://doi.org/10.1016/s0021-9258(18)70226-3,Pending,,,,,,,https://doi.org/10.1016/s0021-9258(18)70226-3,,,,,,,,,,,,,,,,,,,,,,,,,,,,,
W2768689142,Biology Medicine,Functional evaluation : Barthel index,1965,,Pending,,,,,,,https://openalex.org/W2768689142,,,,,,,,,,,,,,,,,,,,,,,,,,,,,
W1940436875,Biology Medicine,Superoxide Dismutase,1969,https://doi.org/10.1016/s0021-9258(18)63504-5,Pending,,,,,,,https://doi.org/10.1016/s0021-9258(18)63504-5,,,,,,,,,,,,,,,,,,,,,,,,,,,,,
W2580792129,Biology Medicine,Heart Disease and Stroke Statistics—2017 Update: A Report From the American Heart Association,2017,https://doi.org/10.1161/cir.0000000000000485,Pending,,,,,,,https://doi.org/10.1161/cir.0000000000000485,,,,,,,,,,,,,,,,,,,,,,,,,,,,,
W1513833217,Biology Medicine,Appropriate body-mass index for Asian populations and its implications for policy and intervention strategies,2004,https://doi.org/10.1016/s0140-6736(03)15268-3,Pending,,,,,,,https://doi.org/10.1016/s0140-6736(03)15268-3,,,,,,,,,,,,,,,,,,,,,,,,,,,,,
W2160834915,Biology Medicine,"Safety, Activity, and Immune Correlates of Anti–PD-1 Antibody in Cancer",2012,https://doi.org/10.1056/nejmoa1200690,Pending,,,,,,,https://doi.org/10.1056/nejmoa1200690,,,,,,,,,,,,,,,,,,,,,,,,,,,,,
W4210957923,Biology Medicine,Diagnostic and Statistical Manual of Mental Disorders,1988,https://doi.org/10.1097/00002093-198802020-00022,Pending,,,,,,,https://doi.org/10.1097/00002093-198802020-00022,,,,,,,,,,,,,,,,,,,,,,,,,,,,,
W2119340816,Biology Medicine,2013 ACCF/AHA Guideline for the Management of Heart Failure,2013,https://doi.org/10.1016/j.jacc.2013.05.019,Pending,,,,,,,https://doi.org/10.1016/j.jacc.2013.05.019,,,,,,,,,,,,,,,,,,,,,,,,,,,,,
W2158734599,Biology Medicine,"Cancer Statistics, 2010",2010,https://doi.org/10.3322/caac.20073,Pending,,,,,,,https://doi.org/10.3322/caac.20073,,,,,,,,,,,,,,,,,,,,,,,,,,,,,
W1605353467,Biology Medicine,Harrison's Principles of Internal Medicine.,1988,https://doi.org/10.7326/0003-4819-108-3-499_2,Pending,,,,,,,https://doi.org/10.7326/0003-4819-108-3-499_2,,,,,,,,,,,,,,,,,,,,,,,,,,,,,
W1967057044,Biology Medicine,Radiological Assessment of Osteo-Arthrosis,1957,https://doi.org/10.1136/ard.16.4.494,Pending,,,,,,,https://doi.org/10.1136/ard.16.4.494,,,,,,,,,,,,,,,,,,,,,,,,,,,,,
W2162010696,Biology Medicine,A default mode of brain function,2001,https://doi.org/10.1073/pnas.98.2.676,Pending,,,,,,,https://doi.org/10.1073/pnas.98.2.676,,,,,,,,,,,,,,,,,,,,,,,,,,,,,
W2151186028,Biology Medicine,The Need for a New Medical Model: A Challenge for Biomedicine,1977,https://doi.org/10.1126/science.847460,Pending,,,,,,,https://doi.org/10.1126/science.847460,,,,,,,,,,,,,,,,,,,,,,,,,,,,,
W2138595885,Biology Medicine,Classification of subtype of acute ischemic stroke. Definitions for use in a multicenter clinical trial. TOAST. Trial of Org 10172 in Acute Stroke Treatment.,1993,https://doi.org/10.1161/01.str.24.1.35,Pending,,,,,,,https://doi.org/10.1161/01.str.24.1.35,,,,,,,,,,,,,,,,,,,,,,,,,,,,,
W1967974729,Biology Medicine,STUDIES OF ILLNESS IN THE AGED. THE INDEX OF ADL: A STANDARDIZED MEASURE OF BIOLOGICAL AND PSYCHOSOCIAL FUNCTION.,1963,https://doi.org/10.1001/jama.1963.03060120024016,Pending,,,,,,,https://doi.org/10.1001/jama.1963.03060120024016,,,,,,,,,,,,,,,,,,,,,,,,,,,,,
W2477872031,Biology Medicine,"Detection, evaluation, and treatment of high blood cholesterol in adults (Adult Treatment Panel III)",2002,,Pending,,,,,,,https://openalex.org/W2477872031,,,,,,,,,,,,,,,,,,,,,,,,,,,,,
W2096773810,Biology Medicine,Role of Insulin Resistance in Human Disease,1988,https://doi.org/10.2337/diab.37.12.1595,Pending,,,,,,,https://doi.org/10.2337/diab.37.12.1595,,,,,,,,,,,,,,,,,,,,,,,,,,,,,
W2001258296,Biology Medicine,A genetic model for colorectal tumorigenesis,1990,https://doi.org/10.1016/0092-8674(90)90186-i,Pending,,,,,,,https://doi.org/10.1016/0092-8674(90)90186-i,,,,,,,,,,,,,,,,,,,,,,,,,,,,,
W2163710303,Biology Medicine,"Global, regional, and national prevalence of overweight and obesity in children and adults during 1980–2013: a systematic analysis for the Global Burden of Disease Study 2013",2014,https://doi.org/10.1016/s0140-6736(14)60460-8,Pending,,,,,,,https://doi.org/10.1016/s0140-6736(14)60460-8,,,,,,,,,,,,,,,,,,,,,,,,,,,,,
W2148977460,Biology Medicine,CBTRUS Statistical Report: Primary Brain and Central Nervous System Tumors Diagnosed in the United States in 2006-2010,2013,https://doi.org/10.1093/neuonc/not151,Pending,,,,,,,https://doi.org/10.1093/neuonc/not151,,,,,,,,,,,,,,,,,,,,,,,,,,,,,
W2146264128,Biology Medicine,"Empagliflozin, Cardiovascular Outcomes, and Mortality in Type 2 Diabetes",2015,https://doi.org/10.1056/nejmoa1504720,Pending,,,,,,,https://doi.org/10.1056/nejmoa1504720,,,,,,,,,,,,,,,,,,,,,,,,,,,,,
W3174246647,Biology Medicine,The 2021 WHO Classification of Tumors of the Central Nervous System: a summary,2021,https://doi.org/10.1093/neuonc/noab106,Pending,,,,,,,https://doi.org/10.1093/neuonc/noab106,,,,,,,,,,,,,,,,,,,,,,,,,,,,,
W2064996887,Biology Medicine,Parkinsonism,1967,https://doi.org/10.1212/wnl.17.5.427,Pending,,,,,,,https://doi.org/10.1212/wnl.17.5.427,,,,,,,,,,,,,,,,,,,,,,,,,,,,,
W2169182236,Biology Medicine,The obligatory role of endothelial cells in the relaxation of arterial smooth muscle by acetylcholine,1980,https://doi.org/10.1038/288373a0,Pending,,,,,,,https://doi.org/10.1038/288373a0,,,,,,,,,,,,,,,,,,,,,,,,,,,,,
W2155121555,Biology Medicine,Effect of potentially modifiable risk factors associated with myocardial infarction in 52 countries (the INTERHEART study): case-control study,2004,https://doi.org/10.1016/s0140-6736(04)17018-9,Pending,,,,,,,https://doi.org/10.1016/s0140-6736(04)17018-9,,,,,,,,,,,,,,,,,,,,,,,,,,,,,
W2977883299,Biology Medicine,FSL,2011,https://doi.org/10.1016/j.neuroimage.2011.09.015,Pending,,,,,,,https://doi.org/10.1016/j.neuroimage.2011.09.015,,,,,,,,,,,,,,,,,,,,,,,,,,,,,
W2170552969,Biology Medicine,"Cancer statistics, 2015",2015,https://doi.org/10.3322/caac.21254,Pending,,,,,,,https://doi.org/10.3322/caac.21254,,,,,,,,,,,,,,,,,,,,,,,,,,,,,
W2161817637,Biology Medicine,"Cancer statistics, 2013",2013,https://doi.org/10.3322/caac.21166,Pending,,,,,,,https://doi.org/10.3322/caac.21166,,,,,,,,,,,,,,,,,,,,,,,,,,,,,
W2103714496,Biology Medicine,Diagnosis and Management of the Metabolic Syndrome,2005,https://doi.org/10.1161/circulationaha.105.169404,Pending,,,,,,,https://doi.org/10.1161/circulationaha.105.169404,,,,,,,,,,,,,,,,,,,,,,,,,,,,,
W2102902846,Biology Medicine,Sarcopenia: European consensus on definition and diagnosis,2010,https://doi.org/10.1093/ageing/afq034,Pending,,,,,,,https://doi.org/10.1093/ageing/afq034,,,,,,,,,,,,,,,,,,,,,,,,,,,,,
W2141393790,Biology Medicine,Human Breast Cancer: Correlation of Relapse and Survival with Amplification of the HER-2/<i>neu</i>Oncogene,1987,https://doi.org/10.1126/science.3798106,Pending,,,,,,,https://doi.org/10.1126/science.3798106,,,,,,,,,,,,,,,,,,,,,,,,,,,,,
W2047841570,Biology Medicine,Lounging in a lysosome: the intracellular lifestyle of Coxiella burnetii,2007,https://doi.org/10.1111/j.1462-5822.2007.00901.x,Pending,,,,,,,https://doi.org/10.1111/j.1462-5822.2007.00901.x,,,,,,,,,,,,,,,,,,,,,,,,,,,,,
W1898928487,Biology Medicine,The SOFA (Sepsis-related Organ Failure Assessment) score to describe organ dysfunction/failure,1996,https://doi.org/10.1007/bf01709751,Pending,,,,,,,https://doi.org/10.1007/bf01709751,,,,,,,,,,,,,,,,,,,,,,,,,,,,,
W2475261460,Biology Medicine,Should We STOP Angiotensin Converting Enzyme Inhibitors/Angiotensin Receptor Blockers in Advanced Kidney Disease?,2016,https://doi.org/10.1159/000447068,Pending,,,,,,,https://doi.org/10.1159/000447068,,,,,,,,,,,,,,,,,,,,,,,,,,,,,
W2292308933,Biology Medicine,Tissue Plasminogen Activator for Acute Ischemic Stroke,1995,https://doi.org/10.1056/nejm199512143332401,Pending,,,,,,,https://doi.org/10.1056/nejm199512143332401,,,,,,,,,,,,,,,,,,,,,,,,,,,,,
W2169961966,Biology Medicine,"Cancer statistics, 2014",2014,https://doi.org/10.3322/caac.21208,Pending,,,,,,,https://doi.org/10.3322/caac.21208,,,,,,,,,,,,,,,,,,,,,,,,,,,,,
W2277004004,Biology Medicine,EASL Clinical Practice Guidelines: Management of hepatocellular carcinoma,2018,https://doi.org/10.1016/j.jhep.2018.03.019,Pending,,,,,,,https://doi.org/10.1016/j.jhep.2018.03.019,,,,,,,,,,,,,,,,,,,,,,,,,,,,,
W2318605753,Biology Medicine,Use of Chemotherapy plus a Monoclonal Antibody against HER2 for Metastatic Breast Cancer That Overexpresses HER2,2001,https://doi.org/10.1056/nejm200103153441101,Pending,,,,,,,https://doi.org/10.1056/nejm200103153441101,,,,,,,,,,,,,,,,,,,,,,,,,,,,,
W2397911846,Biology Medicine,2016 ESC Guidelines for the diagnosis and treatment of acute and chronic heart failure,2016,https://doi.org/10.1093/eurheartj/ehw128,Pending,,,,,,,https://doi.org/10.1093/eurheartj/ehw128,,,,,,,,,,,,,,,,,,,,,,,,,,,,,
W2043696829,Biology Medicine,Activating Mutations in the Epidermal Growth Factor Receptor Underlying Responsiveness of Non–Small-Cell Lung Cancer to Gefitinib,2004,https://doi.org/10.1056/nejmoa040938,Pending,,,,,,,https://doi.org/10.1056/nejmoa040938,,,,,,,,,,,,,,,,,,,,,,,,,,,,,
W2070527591,Biology Medicine,Updating the American college of rheumatology revised criteria for the classification of systemic lupus erythematosus,1997,https://doi.org/10.1002/art.1780400928,Pending,,,,,,,https://doi.org/10.1002/art.1780400928,,,,,,,,,,,,,,,,,,,,,,,,,,,,,
W2145632027,Biology Medicine,"Chronic Kidney Disease and the Risks of Death, Cardiovascular Events, and Hospitalization",2004,https://doi.org/10.1056/nejmoa041031,Pending,,,,,,,https://doi.org/10.1056/nejmoa041031,,,,,,,,,,,,,,,,,,,,,,,,,,,,,
W2144173184,Biology Medicine,The Clavien-Dindo Classification of Surgical Complications,2009,https://doi.org/10.1097/sla.0b013e3181b13ca2,Pending,,,,,,,https://doi.org/10.1097/sla.0b013e3181b13ca2,,,,,,,,,,,,,,,,,,,,,,,,,,,,,
W2139900098,Biology Medicine,Pharmacological interventions for somatoform disorders in adults,2014,https://doi.org/10.1002/14651858.cd010628.pub2,Pending,,,,,,,https://doi.org/10.1002/14651858.cd010628.pub2,,,,,,,,,,,,,,,,,,,,,,,,,,,,,
W2101099004,Biology Medicine,"Recommendations for Chamber Quantification: A Report from the American Society of Echocardiography’s Guidelines and Standards Committee and the Chamber Quantification Writing Group, Developed in Conjunction with the European Association of Echocardiography, a Branch of the European Society of Cardiology",2005,https://doi.org/10.1016/j.echo.2005.10.005,Pending,,,,,,,https://doi.org/10.1016/j.echo.2005.10.005,,,,,,,,,,,,,,,,,,,,,,,,,,,,,
W3113178943,Biology Medicine,"Global Burden of Cardiovascular Diseases and Risk Factors, 1990–2019",2020,https://doi.org/10.1016/j.jacc.2020.11.010,Pending,,,,,,,https://doi.org/10.1016/j.jacc.2020.11.010,,,,,,,,,,,,,,,,,,,,,,,,,,,,,
W3108106255,Biology Medicine,World Health Organization 2020 guidelines on physical activity and sedentary behaviour,2020,https://doi.org/10.1136/bjsports-2020-102955,Pending,,,,,,,https://doi.org/10.1136/bjsports-2020-102955,,,,,,,,,,,,,,,,,,,,,,,,,,,,,
W2136489990,Biology Medicine,Dabigatran versus Warfarin in Patients with Atrial Fibrillation,2009,https://doi.org/10.1056/nejmoa0905561,Pending,,,,,,,https://doi.org/10.1056/nejmoa0905561,,,,,,,,,,,,,,,,,,,,,,,,,,,,,
W3008443627,Biology Medicine,An interactive web-based dashboard to track COVID-19 in real time,2020,https://doi.org/10.1016/s1473-3099(20)30120-1,Pending,,,,,,,https://doi.org/10.1016/s1473-3099(20)30120-1,,,,,,,,,,,,,,,,,,,,,,,,,,,,,
W130099911,Biology Medicine,Reduced Lung-Cancer Mortality with Low-Dose Computed Tomographic Screening,2011,https://doi.org/10.1056/nejmoa1102873,Pending,,,,,,,https://doi.org/10.1056/nejmoa1102873,,,,,,,,,,,,,,,,,,,,,,,,,,,,,
W2014779151,Biology Medicine,Pain Mechanisms: A New Theory,1965,https://doi.org/10.1126/science.150.3699.971,Pending,,,,,,,https://doi.org/10.1126/science.150.3699.971,,,,,,,,,,,,,,,,,,,,,,,,,,,,,
W2157769714,Biology Medicine,"Bevacizumab plus Irinotecan, Fluorouracil, and Leucovorin for Metastatic Colorectal Cancer",2004,https://doi.org/10.1056/nejmoa032691,Pending,,,,,,,https://doi.org/10.1056/nejmoa032691,,,,,,,,,,,,,,,,,,,,,,,,,,,,,
W2332951586,Biology Medicine,Prevention of Type 2 Diabetes Mellitus by Changes in Lifestyle among Subjects with Impaired Glucose Tolerance,2001,https://doi.org/10.1056/nejm200105033441801,Pending,,,,,,,https://doi.org/10.1056/nejm200105033441801,,,,,,,,,,,,,,,,,,,,,,,,,,,,,
W2204688218,Biology Medicine,"Global epidemiology of nonalcoholic fatty liver disease—Meta‐analytic assessment of prevalence, incidence, and outcomes",2015,https://doi.org/10.1002/hep.28431,Pending,,,,,,,https://doi.org/10.1002/hep.28431,,,,,,,,,,,,,,,,,,,,,,,,,,,,,
W4245666729,Biology Medicine,ATS Statement: Guidelines for the Six-Minute Walk Test,2002,https://doi.org/10.1164/ajrccm.166.1.at1102,Pending,,,,,,,https://doi.org/10.1164/ajrccm.166.1.at1102,,,,,,,,,,,,,,,,,,,,,,,,,,,,,
W2073449985,Biology Medicine,Staging of brain pathology related to sporadic Parkinson’s disease,2002,https://doi.org/10.1016/s0197-4580(02)00065-9,Pending,,,,,,,https://doi.org/10.1016/s0197-4580(02)00065-9,,,,,,,,,,,,,,,,,,,,,,,,,,,,,
W3113734454,Biology Medicine,Efficacy and Safety of the mRNA-1273 SARS-CoV-2 Vaccine,2020,https://doi.org/10.1056/nejmoa2035389,Pending,,,,,,,https://doi.org/10.1056/nejmoa2035389,,,,,,,,,,,,,,,,,,,,,,,,,,,,,
W2118061336,Biology Medicine,The Fagerström Test for Nicotine Dependence: a revision of the Fagerstrom Tolerance Questionnaire,1991,https://doi.org/10.1111/j.1360-0443.1991.tb01879.x,Pending,,,,,,,https://doi.org/10.1111/j.1360-0443.1991.tb01879.x,,,,,,,,,,,,,,,,,,,,,,,,,,,,,
W2162804111,Biology Medicine,A novel potent vasoconstrictor peptide produced by vascular endothelial cells,1988,https://doi.org/10.1038/332411a0,Pending,,,,,,,https://doi.org/10.1038/332411a0,,,,,,,,,,,,,,,,,,,,,,,,,,,,,
W2160691650,Biology Medicine,Early Goal-Directed Therapy in the Treatment of Severe Sepsis and Septic Shock,2001,https://doi.org/10.1056/nejmoa010307,Pending,,,,,,,https://doi.org/10.1056/nejmoa010307,,,,,,,,,,,,,,,,,,,,,,,,,,,,,
W2092629964,Biology Medicine,A simple technique for quantitation of low levels of DNA damage in individual cells,1988,https://doi.org/10.1016/0014-4827(88)90265-0,Pending,,,,,,,https://doi.org/10.1016/0014-4827(88)90265-0,,,,,,,,,,,,,,,,,,,,,,,,,,,,,
W2118278569,Biology Medicine,"Immunity, Inflammation, and Cancer",2010,https://doi.org/10.1016/j.cell.2010.01.025,Pending,,,,,,,https://doi.org/10.1016/j.cell.2010.01.025,,,,,,,,,,,,,,,,,,,,,,,,,,,,,
W2007737411,Biology Medicine,Nitric oxide release accounts for the biological activity of endothelium-derived relaxing factor,1987,https://doi.org/10.1038/327524a0,Pending,,,,,,,https://doi.org/10.1038/327524a0,,,,,,,,,,,,,,,,,,,,,,,,,,,,,
W2067740038,Biology Medicine,Design and validation of a histological scoring system for nonalcoholic fatty liver disease†,2005,https://doi.org/10.1002/hep.20701,Pending,,,,,,,https://doi.org/10.1002/hep.20701,,,,,,,,,,,,,,,,,,,,,,,,,,,,,
W2165948908,Biology Medicine,"Cancer statistics, 2012",2012,https://doi.org/10.3322/caac.20138,Pending,,,,,,,https://doi.org/10.3322/caac.20138,,,,,,,,,,,,,,,,,,,,,,,,,,,,,
W3008090866,Biology Medicine,"Clinical course and outcomes of critically ill patients with SARS-CoV-2 pneumonia in Wuhan, China: a single-centered, retrospective, observational study",2020,https://doi.org/10.1016/s2213-2600(20)30079-5,Pending,,,,,,,https://doi.org/10.1016/s2213-2600(20)30079-5,,,,,,,,,,,,,,,,,,,,,,,,,,,,,
W2801085490,Biology Medicine,"Headache Classification Committee of the International Headache Society (IHS) The International Classification of Headache Disorders, 3rd edition",2018,https://doi.org/10.1177/0333102417738202,Pending,,,,,,,https://doi.org/10.1177/0333102417738202,,,,,,,,,,,,,,,,,,,,,,,,,,,,,
W2972869264,Biology Medicine,"Global and regional diabetes prevalence estimates for 2019 and projections for 2030 and 2045: Results from the International Diabetes Federation Diabetes Atlas, 9th edition",2019,https://doi.org/10.1016/j.diabres.2019.107843,Pending,,,,,,,https://doi.org/10.1016/j.diabres.2019.107843,,,,,,,,,,,,,,,,,,,,,,,,,,,,,
W2798054687,Biology Medicine,NIA‐AA Research Framework: Toward a biological definition of Alzheimer's disease,2018,https://doi.org/10.1016/j.jalz.2018.02.018,Pending,,,,,,,https://doi.org/10.1016/j.jalz.2018.02.018,,,,,,,,,,,,,,,,,,,,,,,,,,,,,
W2153059487,Biology Medicine,"Evaluation, Treatment, and Prevention of Vitamin D Deficiency: an Endocrine Society Clinical Practice Guideline",2011,https://doi.org/10.1210/jc.2011-0385,Pending,,,,,,,https://doi.org/10.1210/jc.2011-0385,,,,,,,,,,,,,,,,,,,,,,,,,,,,,
W2888589263,Biology Medicine,2018 ESC/ESH Guidelines for the management of arterial hypertension,2018,https://doi.org/10.1093/eurheartj/ehy339,Pending,,,,,,,https://doi.org/10.1093/eurheartj/ehy339,,,,,,,,,,,,,,,,,,,,,,,,,,,,,
W2008560062,Biology Medicine,Accuracy of clinical diagnosis of idiopathic Parkinson's disease: a clinico-pathological study of 100 cases.,1992,https://doi.org/10.1136/jnnp.55.3.181,Pending,,,,,,,https://doi.org/10.1136/jnnp.55.3.181,,,,,,,,,,,,,,,,,,,,,,,,,,,,,
W3046275966,Biology Medicine,"Dementia prevention, intervention, and care: 2020 report of the Lancet Commission",2020,https://doi.org/10.1016/s0140-6736(20)30367-6,Pending,,,,,,,https://doi.org/10.1016/s0140-6736(20)30367-6,,,,,,,,,,,,,,,,,,,,,,,,,,,,,
W2082429191,Biology Medicine,Amyloid Oligomers Exacerbate Tau Pathology in a Mouse Model of Tauopathy,2012,https://doi.org/10.1159/000337230,Pending,,,,,,,https://doi.org/10.1159/000337230,,,,,,,,,,,,,,,,,,,,,,,,,,,,,
W2094542138,Biology Medicine,Handbook of Physiology.,1960,https://doi.org/10.1001/archneur.1960.03840090124020,Pending,,,,,,,https://doi.org/10.1001/archneur.1960.03840090124020,,,,,,,,,,,,,,,,,,,,,,,,,,,,,
W2023427658,Biology Medicine,Prospective identification of tumorigenic breast cancer cells,2003,https://doi.org/10.1073/pnas.0530291100,Pending,,,,,,,https://doi.org/10.1073/pnas.0530291100,,,,,,,,,,,,,,,,,,,,,,,,,,,,,
W2131222241,Biology Medicine,The global distribution and burden of dengue,2013,https://doi.org/10.1038/nature12060,Pending,,,,,,,https://doi.org/10.1038/nature12060,,,,,,,,,,,,,,,,,,,,,,,,,,,,,
W2582524520,Biology Medicine,The diagnosis of mild cognitive impairment due to Alzheimer's disease: Recommendations from the National Institute on Aging‐Alzheimer's Association workgroups on diagnostic guidelines for Alzheimer's disease,2011,https://doi.org/10.1016/j.jalz.2011.03.008,Pending,,,,,,,https://doi.org/10.1016/j.jalz.2011.03.008,,,,,,,,,,,,,,,,,,,,,,,,,,,,,
W2245231029,Biology Medicine,The Mini-International Neuropsychiatric Interview (M.I.N.I.): the development and validation of a structured diagnostic psychiatric interview for DSM-IV and ICD-10.,1998,,Pending,,,,,,,https://openalex.org/W2245231029,,,,,,,,,,,,,,,,,,,,,,,,,,,,,
W2339658711,Biology Medicine,The 2016 revision to the World Health Organization classification of myeloid neoplasms and acute leukemia,2016,https://doi.org/10.1182/blood-2016-03-643544,Pending,,,,,,,https://doi.org/10.1182/blood-2016-03-643544,,,,,,,,,,,,,,,,,,,,,,,,,,,,,
W2333343699,Biology Medicine,The Occurrence of Sleep-Disordered Breathing among Middle-Aged Adults,1993,https://doi.org/10.1056/nejm199304293281704,Pending,,,,,,,https://doi.org/10.1056/nejm199304293281704,,,,,,,,,,,,,,,,,,,,,,,,,,,,,
W3012099172,Biology Medicine,Aerosol and Surface Stability of SARS-CoV-2 as Compared with SARS-CoV-1,2020,https://doi.org/10.1056/nejmc2004973,Pending,,,,,,,https://doi.org/10.1056/nejmc2004973,,,,,,,,,,,,,,,,,,,,,,,,,,,,,
W3012421327,Biology Medicine,COVID-19: consider cytokine storm syndromes and immunosuppression,2020,https://doi.org/10.1016/s0140-6736(20)30628-0,Pending,,,,,,,https://doi.org/10.1016/s0140-6736(20)30628-0,,,,,,,,,,,,,,,,,,,,,,,,,,,,,
W1893651774,Biology Medicine,THE PREPARATION OF 131I-LABELLED HUMAN GROWTH HORMONE OF HIGH SPECIFIC RADIOACTIVITY,1963,https://doi.org/10.1042/bj0890114,Pending,,,,,,,https://doi.org/10.1042/bj0890114,,,,,,,,,,,,,,,,,,,,,,,,,,,,,
W2043103956,Biology Medicine,"Cancer Statistics, 2008",2008,https://doi.org/10.3322/ca.2007.0010,Pending,,,,,,,https://doi.org/10.3322/ca.2007.0010,,,,,,,,,,,,,,,,,,,,,,,,,,,,,
W2527905628,Biology Medicine,Pembrolizumab versus Chemotherapy for PD-L1–Positive Non–Small-Cell Lung Cancer,2016,https://doi.org/10.1056/nejmoa1606774,Pending,,,,,,,https://doi.org/10.1056/nejmoa1606774,,,,,,,,,,,,,,,,,,,,,,,,,,,,,
W2154589460,Biology Medicine,The basics of epithelial-mesenchymal transition,2009,https://doi.org/10.1172/jci39104,Pending,,,,,,,https://doi.org/10.1172/jci39104,,,,,,,,,,,,,,,,,,,,,,,,,,,,,
W3042270788,Biology Medicine,Dexamethasone in Hospitalized Patients with Covid-19,2020,https://doi.org/10.1056/nejmoa2021436,Pending,,,,,,,https://doi.org/10.1056/nejmoa2021436,,,,,,,,,,,,,,,,,,,,,,,,,,,,,
W387031605,Biology Medicine,GLOBAL STRATEGY FOR ASTHMA MANAGEMENT AND PREVENTION,1996,https://doi.org/10.15036/arerugi.45.792,Pending,,,,,,,https://doi.org/10.15036/arerugi.45.792,,,,,,,,,,,,,,,,,,,,,,,,,,,,,
W1980717583,Biology Medicine,Intensive Insulin Therapy in Critically Ill Patients,2001,https://doi.org/10.1056/nejmoa011300,Pending,,,,,,,https://doi.org/10.1056/nejmoa011300,,,,,,,,,,,,,,,,,,,,,,,,,,,,,
W3082188176,Biology Medicine,2020 ESC Guidelines for the diagnosis and management of atrial fibrillation developed in collaboration with the European Association for Cardio-Thoracic Surgery (EACTS),2020,https://doi.org/10.1093/eurheartj/ehaa612,Pending,,,,,,,https://doi.org/10.1093/eurheartj/ehaa612,,,,,,,,,,,,,,,,,,,,,,,,,,,,,
W1964081206,Biology Medicine,Epithelial-Mesenchymal Transitions in Development and Disease,2009,https://doi.org/10.1016/j.cell.2009.11.007,Pending,,,,,,,https://doi.org/10.1016/j.cell.2009.11.007,,,,,,,,,,,,,,,,,,,,,,,,,,,,,
W2112680994,Biology Medicine,Reproduction numbers and sub-threshold endemic equilibria for compartmental models of disease transmission,2002,https://doi.org/10.1016/s0025-5564(02)00108-6,Pending,,,,,,,https://doi.org/10.1016/s0025-5564(02)00108-6,,,,,,,,,,,,,,,,,,,,,,,,,,,,,
W2057780602,Biology Medicine,Comorbidity Measures for Use with Administrative Data,1998,https://doi.org/10.1097/00005650-199801000-00004,Pending,,,,,,,https://doi.org/10.1097/00005650-199801000-00004,,,,,,,,,,,,,,,,,,,,,,,,,,,,,
W2147246240,Biology Medicine,Distinct types of diffuse large B-cell lymphoma identified by gene expression profiling,2000,https://doi.org/10.1038/35000501,Pending,,,,,,,https://doi.org/10.1038/35000501,,,,,,,,,,,,,,,,,,,,,,,,,,,,,
W2029231027,Biology Medicine,"Integrins: Versatility, modulation, and signaling in cell adhesion",1992,https://doi.org/10.1016/0092-8674(92)90115-s,Pending,,,,,,,https://doi.org/10.1016/0092-8674(92)90115-s,,,,,,,,,,,,,,,,,,,,,,,,,,,,,
W3016535995,Biology Medicine,"Presenting Characteristics, Comorbidities, and Outcomes Among 5700 Patients Hospitalized With COVID-19 in the New York City Area",2020,https://doi.org/10.1001/jama.2020.6775,Pending,,,,,,,https://doi.org/10.1001/jama.2020.6775,,,,,,,,,,,,,,,,,,,,,,,,,,,,,
W2122545833,Biology Medicine,Diagnostic criteria for multiple sclerosis: 2010 Revisions to the McDonald criteria,2011,https://doi.org/10.1002/ana.22366,Pending,,,,,,,https://doi.org/10.1002/ana.22366,,,,,,,,,,,,,,,,,,,,,,,,,,,,,
W1987138256,Biology Medicine,The validity of the Hospital Anxiety and Depression Scale,2002,https://doi.org/10.1016/s0022-3999(01)00296-3,Pending,,,,,,,https://doi.org/10.1016/s0022-3999(01)00296-3,,,,,,,,,,,,,,,,,,,,,,,,,,,,,
W2754054868,Biology Medicine,2017 ESC Guidelines for the management of acute myocardial infarction in patients presenting with ST-segment elevation,2017,https://doi.org/10.1093/eurheartj/ehx393,Pending,,,,,,,https://doi.org/10.1093/eurheartj/ehx393,,,,,,,,,,,,,,,,,,,,,,,,,,,,,
W3007643904,Biology Medicine,Cryo-EM structure of the 2019-nCoV spike in the prefusion conformation,2020,https://doi.org/10.1126/science.abb2507,Pending,,,,,,,https://doi.org/10.1126/science.abb2507,,,,,,,,,,,,,,,,,,,,,,,,,,,,,
W3023757607,Biology Medicine,Surviving Sepsis Campaign,2013,https://doi.org/10.1097/ccm.0b013e31827e83af,Pending,,,,,,,https://doi.org/10.1097/ccm.0b013e31827e83af,,,,,,,,,,,,,,,,,,,,,,,,,,,,,
W2900726805,Biology Medicine,The Physical Activity Guidelines for Americans,2018,https://doi.org/10.1001/jama.2018.14854,Pending,,,,,,,https://doi.org/10.1001/jama.2018.14854,,,,,,,,,,,,,,,,,,,,,,,,,,,,,
W2170332928,Biology Medicine,A Self-Rating Depression Scale,1965,https://doi.org/10.1001/archpsyc.1965.01720310065008,Pending,,,,,,,https://doi.org/10.1001/archpsyc.1965.01720310065008,,,,,,,,,,,,,,,,,,,,,,,,,,,,,
W2102085111,Biology Medicine,"Stem cells, cancer, and cancer stem cells",2001,https://doi.org/10.1038/35102167,Pending,,,,,,,https://doi.org/10.1038/35102167,,,,,,,,,,,,,,,,,,,,,,,,,,,,,
W2101995865,Biology Medicine,"Cancer Statistics, 2009",2009,https://doi.org/10.3322/caac.20006,Pending,,,,,,,https://doi.org/10.3322/caac.20006,,,,,,,,,,,,,,,,,,,,,,,,,,,,,
W1980083892,Biology Medicine,Measuring individual differences in empathy: Evidence for a multidimensional approach.,1983,https://doi.org/10.1037/0022-3514.44.1.113,Pending,,,,,,,https://doi.org/10.1037/0022-3514.44.1.113,,,,,,,,,,,,,,,,,,,,,,,,,,,,,
W2128952811,Biology Medicine,2010 Rheumatoid arthritis classification criteria: An American College of Rheumatology/European League Against Rheumatism collaborative initiative,2010,https://doi.org/10.1002/art.27584,Pending,,,,,,,https://doi.org/10.1002/art.27584,,,,,,,,,,,,,,,,,,,,,,,,,,,,,
W3002539152,Biology Medicine,A familial cluster of pneumonia associated with the 2019 novel coronavirus indicating person-to-person transmission: a study of a family cluster,2020,https://doi.org/10.1016/s0140-6736(20)30154-9,Pending,,,,,,,https://doi.org/10.1016/s0140-6736(20)30154-9,,,,,,,,,,,,,,,,,,,,,,,,,,,,,
W2253364553,Biology Medicine,The american college of rheumatology 1990 criteria for the classification of fibromyalgia,1990,https://doi.org/10.1002/art.1780330203,Pending,,,,,,,https://doi.org/10.1002/art.1780330203,,,,,,,,,,,,,,,,,,,,,,,,,,,,,
W2017470279,Biology Medicine,Automatic Recording Apparatus for Use in Chromatography of Amino Acids,1958,https://doi.org/10.1021/ac60139a006,Pending,,,,,,,https://doi.org/10.1021/ac60139a006,,,,,,,,,,,,,,,,,,,,,,,,,,,,,
W4211147424,Biology Medicine,Tissue Engineering,1993,https://doi.org/10.1126/science.8493529,Pending,,,,,,,https://doi.org/10.1126/science.8493529,,,,,,,,,,,,,,,,,,,,,,,,,,,,,
W2318289184,Biology Medicine,Declining Morbidity and Mortality among Patients with Advanced Human Immunodeficiency Virus Infection,1998,https://doi.org/10.1056/nejm199803263381301,Pending,,,,,,,https://doi.org/10.1056/nejm199803263381301,,,,,,,,,,,,,,,,,,,,,,,,,,,,,
W1940241680,Biology Medicine,PD-1 Blockade in Tumors with Mismatch-Repair Deficiency,2015,https://doi.org/10.1056/nejmoa1500596,Pending,,,,,,,https://doi.org/10.1056/nejmoa1500596,,,,,,,,,,,,,,,,,,,,,,,,,,,,,
W2040106495,Biology Medicine,‘Small Changes' to Diet and Physical Activity Behaviors for Weight Management,2013,https://doi.org/10.1159/000345030,Pending,,,,,,,https://doi.org/10.1159/000345030,,,,,,,,,,,,,,,,,,,,,,,,,,,,,
W2036362108,Biology Medicine,Gene Dose of Apolipoprotein E Type 4 Allele and the Risk of Alzheimer's Disease in Late Onset Families,1993,https://doi.org/10.1126/science.8346443,Pending,,,,,,,https://doi.org/10.1126/science.8346443,,,,,,,,,,,,,,,,,,,,,,,,,,,,,
W2104347254,Biology Medicine,Nivolumab versus Docetaxel in Advanced Nonsquamous Non–Small-Cell Lung Cancer,2015,https://doi.org/10.1056/nejmoa1507643,Pending,,,,,,,https://doi.org/10.1056/nejmoa1507643,,,,,,,,,,,,,,,,,,,,,,,,,,,,,
W2161821474,Biology Medicine,<i>EGFR</i> Mutations in Lung Cancer: Correlation with Clinical Response to Gefitinib Therapy,2004,https://doi.org/10.1126/science.1099314,Pending,,,,,,,https://doi.org/10.1126/science.1099314,,,,,,,,,,,,,,,,,,,,,,,,,,,,,
W2097854437,Biology Medicine,Rivaroxaban versus Warfarin in Nonvalvular Atrial Fibrillation,2011,https://doi.org/10.1056/nejmoa1009638,Pending,,,,,,,https://doi.org/10.1056/nejmoa1009638,,,,,,,,,,,,,,,,,,,,,,,,,,,,,
W2142514031,Biology Medicine,Frailty in elderly people,2013,https://doi.org/10.1016/s0140-6736(12)62167-9,Pending,,,,,,,https://doi.org/10.1016/s0140-6736(12)62167-9,,,,,,,,,,,,,,,,,,,,,,,,,,,,,
W3003299879,Biology Medicine,Heart Disease and Stroke Statistics—2020 Update: A Report From the American Heart Association,2020,https://doi.org/10.1161/cir.0000000000000757,Pending,,,,,,,https://doi.org/10.1161/cir.0000000000000757,,,,,,,,,,,,,,,,,,,,,,,,,,,,,
W2405887519,Biology Medicine,Arzneimittelforschung,2005,https://doi.org/10.1007/s00103-005-1024-7,Pending,,,,,,,https://doi.org/10.1007/s00103-005-1024-7,,,,,,,,,,,,,,,,,,,,,,,,,,,,,
W4206662285,Biology Medicine,Hallmarks of Cancer: New Dimensions,2022,https://doi.org/10.1158/2159-8290.cd-21-1059,Pending,,,,,,,https://doi.org/10.1158/2159-8290.cd-21-1059,,,,,,,,,,,,,,,,,,,,,,,,,,,,,
W2105249240,Biology Medicine,"Synthesis, structure, and spectroscopic properties of copper( <scp>II</scp> ) compounds containing nitrogen–sulphur donor ligands; the crystal and molecular structure of aqua[1,7-bis(N-methylbenzimidazol-2′-yl)-2,6-dithiaheptane]copper( <scp>II</scp> ) perchlorate",1984,https://doi.org/10.1039/dt9840001349,Pending,,,,,,,https://doi.org/10.1039/dt9840001349,,,,,,,,,,,,,,,,,,,,,,,,,,,,,
W2107732097,Biology Medicine,The metabolic syndrome—a new worldwide definition,2005,https://doi.org/10.1016/s0140-6736(05)67402-8,Pending,,,,,,,https://doi.org/10.1016/s0140-6736(05)67402-8,,,,,,,,,,,,,,,,,,,,,,,,,,,,,
W2002983094,Biology Medicine,Immunochemical quantitation of antigens by single radial immunodiffusion,1965,https://doi.org/10.1016/0019-2791(65)90004-2,Pending,,,,,,,https://doi.org/10.1016/0019-2791(65)90004-2,,,,,,,,,,,,,,,,,,,,,,,,,,,,,
W2914053210,Biology Medicine,"Quantity and Quality of Exercise for Developing and Maintaining Cardiorespiratory, Musculoskeletal, and Neuromotor Fitness in Apparently Healthy Adults",2011,https://doi.org/10.1249/mss.0b013e318213fefb,Pending,,,,,,,https://doi.org/10.1249/mss.0b013e318213fefb,,,,,,,,,,,,,,,,,,,,,,,,,,,,,
W2227813149,Biology Medicine,"Physical activity, exercise, and physical fitness: definitions and distinctions for health-related research.",1985,,Pending,,,,,,,https://openalex.org/W2227813149,,,,,,,,,,,,,,,,,,,,,,,,,,,,,
W4390946922,Biology Medicine,"Cancer statistics, 2024",2024,https://doi.org/10.3322/caac.21820,Pending,,,,,,,https://doi.org/10.3322/caac.21820,,,,,,,,,,,,,,,,,,,,,,,,,,,,,
W2913705661,Biology Medicine,Heart Disease and Stroke Statistics—2019 Update: A Report From the American Heart Association,2019,https://doi.org/10.1161/cir.0000000000000659,Pending,,,,,,,https://doi.org/10.1161/cir.0000000000000659,,,,,,,,,,,,,,,,,,,,,,,,,,,,,
W2908201961,Biology Medicine,High-performance medicine: the convergence of human and artificial intelligence,2018,https://doi.org/10.1038/s41591-018-0300-7,Pending,,,,,,,https://doi.org/10.1038/s41591-018-0300-7,,,,,,,,,,,,,,,,,,,,,,,,,,,,,
W2323458614,Biology Medicine,The Effect of Spironolactone on Morbidity and Mortality in Patients with Severe Heart Failure,1999,https://doi.org/10.1056/nejm199909023411001,Pending,,,,,,,https://doi.org/10.1056/nejm199909023411001,,,,,,,,,,,,,,,,,,,,,,,,,,,,,
W3009335299,Biology Medicine,"Structure, Function, and Antigenicity of the SARS-CoV-2 Spike Glycoprotein",2020,https://doi.org/10.1016/j.cell.2020.02.058,Pending,,,,,,,https://doi.org/10.1016/j.cell.2020.02.058,,,,,,,,,,,,,,,,,,,,,,,,,,,,,
W2002374079,Biology Medicine,Categorical Data Analysis,1991,https://doi.org/10.1080/00401706.1991.10484817,Pending,,,,,,,https://doi.org/10.1080/00401706.1991.10484817,,,,,,,,,,,,,,,,,,,,,,,,,,,,,
W2186218348,Biology Medicine,Revised 2003 consensus on diagnostic criteria and long-term health risks related to polycystic ovary syndrome,2004,https://doi.org/10.1016/j.fertnstert.2003.10.004,Pending,,,,,,,https://doi.org/10.1016/j.fertnstert.2003.10.004,,,,,,,,,,,,,,,,,,,,,,,,,,,,,
W2123946565,Biology Medicine,Association of glycaemia with macrovascular and microvascular complications of type 2 diabetes (UKPDS 35): prospective observational study,2000,https://doi.org/10.1136/bmj.321.7258.405,Pending,,,,,,,https://doi.org/10.1136/bmj.321.7258.405,,,,,,,,,,,,,,,,,,,,,,,,,,,,,
W2000054651,Biology Medicine,Inflammation and metabolic disorders,2006,https://doi.org/10.1038/nature05485,Pending,,,,,,,https://doi.org/10.1038/nature05485,,,,,,,,,,,,,,,,,,,,,,,,,,,,,
W1987350137,Biology Medicine,Human papillomavirus is a necessary cause of invasive cervical cancer worldwide,1999,https://doi.org/10.1002/(sici)1096-9896(199909)189:1<12::aid-path431>3.0.co;2-f,Pending,,,,,,,https://doi.org/10.1002/(sici)1096-9896(199909)189:1<12::aid-path431>3.0.co;2-f,,,,,,,,,,,,,,,,,,,,,,,,,,,,,
W3183857127,Biology Medicine,2019 ESC/EAS Guidelines for the management of dyslipidaemias: <i>lipid modification to reduce cardiovascular risk</i>,2019,https://doi.org/10.1093/eurheartj/ehz455,Pending,,,,,,,https://doi.org/10.1093/eurheartj/ehz455,,,,,,,,,,,,,,,,,,,,,,,,,,,,,
W2026616100,Biology Medicine,3D Slicer as an image computing platform for the Quantitative Imaging Network,2012,https://doi.org/10.1016/j.mri.2012.05.001,Pending,,,,,,,https://doi.org/10.1016/j.mri.2012.05.001,,,,,,,,,,,,,,,,,,,,,,,,,,,,,
W2050717506,Biology Medicine,Enzymatic Amplification of β-Globin Genomic Sequences and Restriction Site Analysis for Diagnosis of Sickle Cell Anemia,1985,https://doi.org/10.1126/science.2999980,Pending,,,,,,,https://doi.org/10.1126/science.2999980,,,,,,,,,,,,,,,,,,,,,,,,,,,,,
W2159122349,Biology Medicine,Mild Cognitive Impairment,1999,https://doi.org/10.1001/archneur.56.3.303,Pending,,,,,,,https://doi.org/10.1001/archneur.56.3.303,,,,,,,,,,,,,,,,,,,,,,,,,,,,,
W2042349004,Biology Medicine,Science in action : how to follow scientists and engineers through society,1987,,Pending,,,,,,,https://openalex.org/W2042349004,,,,,,,,,,,,,,,,,,,,,,,,,,,,,
W2164186760,Biology Medicine,A global clinical measure of fitness and frailty in elderly people,2005,https://doi.org/10.1503/cmaj.050051,Pending,,,,,,,https://doi.org/10.1503/cmaj.050051,,,,,,,,,,,,,,,,,,,,,,,,,,,,,
W2110837175,Biology Medicine,Plant Products as Antimicrobial Agents,1999,https://doi.org/10.1128/cmr.12.4.564,Pending,,,,,,,https://doi.org/10.1128/cmr.12.4.564,,,,,,,,,,,,,,,,,,,,,,,,,,,,,
W2162508946,Biology Medicine,Apixaban versus Warfarin in Patients with Atrial Fibrillation,2011,https://doi.org/10.1056/nejmoa1107039,Pending,,,,,,,https://doi.org/10.1056/nejmoa1107039,,,,,,,,,,,,,,,,,,,,,,,,,,,,,
W3007940623,Biology Medicine,Pathological findings of COVID-19 associated with acute respiratory distress syndrome,2020,https://doi.org/10.1016/s2213-2600(20)30076-x,Pending,,,,,,,https://doi.org/10.1016/s2213-2600(20)30076-x,,,,,,,,,,,,,,,,,,,,,,,,,,,,,
W1803784511,Biology Medicine,Acute Respiratory Distress Syndrome,2012,https://doi.org/10.1001/jama.2012.5669,Pending,,,,,,,https://doi.org/10.1001/jama.2012.5669,,,,,,,,,,,,,,,,,,,,,,,,,,,,,
W2167659819,Biology Medicine,"A Rating Scale for Mania: Reliability, Validity and Sensitivity",1978,https://doi.org/10.1192/bjp.133.5.429,Pending,,,,,,,https://doi.org/10.1192/bjp.133.5.429,,,,,,,,,,,,,,,,,,,,,,,,,,,,,
W2148924243,Biology Medicine,Development of a WHO growth reference for school-aged children and adolescents,2007,https://doi.org/10.2471/blt.07.043497,Pending,,,,,,,https://doi.org/10.2471/blt.07.043497,,,,,,,,,,,,,,,,,,,,,,,,,,,,,
W3011610993,Biology Medicine,"Risk Factors Associated With Acute Respiratory Distress Syndrome and Death in Patients With Coronavirus Disease 2019 Pneumonia in Wuhan, China",2020,https://doi.org/10.1001/jamainternmed.2020.0994,Pending,,,,,,,https://doi.org/10.1001/jamainternmed.2020.0994,,,,,,,,,,,,,,,,,,,,,,,,,,,,,
W2092509345,Biology Medicine,"Prevalence of Overweight and Obesity in the United States, 1999-2004",2006,https://doi.org/10.1001/jama.295.13.1549,Pending,,,,,,,https://doi.org/10.1001/jama.295.13.1549,,,,,,,,,,,,,,,,,,,,,,,,,,,,,
W3034355295,Biology Medicine,Surg Clin North Am.,1986,,Pending,,,,,,,https://openalex.org/W3034355295,,,,,,,,,,,,,,,,,,,,,,,,,,,,,
W2014691022,Biology Medicine,The Epithelial-Mesenchymal Transition Generates Cells with Properties of Stem Cells,2008,https://doi.org/10.1016/j.cell.2008.03.027,Pending,,,,,,,https://doi.org/10.1016/j.cell.2008.03.027,,,,,,,,,,,,,,,,,,,,,,,,,,,,,
W1831301545,Biology Medicine,AIN-93 Purified Diets for Laboratory Rodents: Final Report of the American Institute of Nutrition Ad Hoc Writing Committee on the Reformulation of the AIN-76A Rodent Diet,1993,https://doi.org/10.1093/jn/123.11.1939,Pending,,,,,,,https://doi.org/10.1093/jn/123.11.1939,,,,,,,,,,,,,,,,,,,,,,,,,,,,,
W2171697262,Biology Medicine,Computed Tomography — An Increasing Source of Radiation Exposure,2007,https://doi.org/10.1056/nejmra072149,Pending,,,,,,,https://doi.org/10.1056/nejmra072149,,,,,,,,,,,,,,,,,,,,,,,,,,,,,
W2262414037,Biology Medicine,Comprehensive molecular characterization of human colon and rectal cancer,2012,https://doi.org/10.1038/nature11252,Pending,,,,,,,https://doi.org/10.1038/nature11252,,,,,,,,,,,,,,,,,,,,,,,,,,,,,
W2899736836,Biology Medicine,"Global, regional, and national age-sex-specific mortality for 282 causes of death in 195 countries and territories, 1980–2017: a systematic analysis for the Global Burden of Disease Study 2017",2018,https://doi.org/10.1016/s0140-6736(18)32203-7,Pending,,,,,,,https://doi.org/10.1016/s0140-6736(18)32203-7,,,,,,,,,,,,,,,,,,,,,,,,,,,,,
W2043733949,Biology Medicine,The determination of flavonoid contents in mulberry and their scavenging effects on superoxide radicals,1999,https://doi.org/10.1016/s0308-8146(98)00102-2,Pending,,,,,,,https://doi.org/10.1016/s0308-8146(98)00102-2,,,,,,,,,,,,,,,,,,,,,,,,,,,,,
W2059158127,Biology Medicine,Standards of Medical Care in Diabetes,2006,https://doi.org/10.2337/diacare.29.02.06.dc05-1593,Pending,,,,,,,https://doi.org/10.2337/diacare.29.02.06.dc05-1593,,,,,,,,,,,,,,,,,,,,,,,,,,,,,
W2015426350,Biology Medicine,Down-Regulation of Na<sup>+</sup>/K<sup>+</sup>ATPase Activity by Human Parvovirus B19 Capsid Protein VP1,2013,https://doi.org/10.1159/000350083,Pending,,,,,,,https://doi.org/10.1159/000350083,,,,,,,,,,,,,,,,,,,,,,,,,,,,,
W180946569,Biology Medicine,"Effects of an Angiotensin-Converting–Enzyme Inhibitor, Ramipril, on Cardiovascular Events in High-Risk Patients",2000,https://doi.org/10.1056/nejm200001203420301,Pending,,,,,,,https://doi.org/10.1056/nejm200001203420301,,,,,,,,,,,,,,,,,,,,,,,,,,,,,
W2008574207,Biology Medicine,Inhibition of Prostaglandin Synthesis as a Mechanism of Action for Aspirin-like Drugs,1971,https://doi.org/10.1038/newbio231232a0,Pending,,,,,,,https://doi.org/10.1038/newbio231232a0,,,,,,,,,,,,,,,,,,,,,,,,,,,,,
W2049927822,Biology Medicine,"Epidemiology of severe sepsis in the United States: Analysis of incidence, outcome, and associated costs of care",2001,https://doi.org/10.1097/00003246-200107000-00002,Pending,,,,,,,https://doi.org/10.1097/00003246-200107000-00002,,,,,,,,,,,,,,,,,,,,,,,,,,,,,
W2008869160,Biology Medicine,Obesity is associated with macrophage accumulation in adipose tissue,2003,https://doi.org/10.1172/jci19246,Pending,,,,,,,https://doi.org/10.1172/jci19246,,,,,,,,,,,,,,,,,,,,,,,,,,,,,
W2156353875,Biology Medicine,Nivolumab versus Docetaxel in Advanced Squamous-Cell Non–Small-Cell Lung Cancer,2015,https://doi.org/10.1056/nejmoa1504627,Pending,,,,,,,https://doi.org/10.1056/nejmoa1504627,,,,,,,,,,,,,,,,,,,,,,,,,,,,,
W2144852094,Biology Medicine,Compendium of Physical Activities: an update of activity codes and MET intensities,2000,https://doi.org/10.1097/00005768-200009001-00009,Pending,,,,,,,https://doi.org/10.1097/00005768-200009001-00009,,,,,,,,,,,,,,,,,,,,,,,,,,,,,
W2073879684,Biology Medicine,Electrophoretic analysis of the major polypeptides of the human erythrocyte membrane,1971,https://doi.org/10.1021/bi00789a030,Pending,,,,,,,https://doi.org/10.1021/bi00789a030,,,,,,,,,,,,,,,,,,,,,,,,,,,,,
W2293657740,Biology Medicine,Über die Adsorption in Lösungen,1907,https://doi.org/10.1515/zpch-1907-5723,Pending,,,,,,,https://doi.org/10.1515/zpch-1907-5723,,,,,,,,,,,,,,,,,,,,,,,,,,,,,
W1576773659,Biology Medicine,Integrins,2002,https://doi.org/10.1016/s0092-8674(02)00971-6,Pending,,,,,,,https://doi.org/10.1016/s0092-8674(02)00971-6,,,,,,,,,,,,,,,,,,,,,,,,,,,,,
W3021842026,Biology Medicine,European Guidelines on cardiovascular disease prevention in clinical practice (version 2012): The Fifth Joint Task Force of the European Society of Cardiology and Other Societies on Cardiovascular Disease Prevention in Clinical Practice (constituted by representatives of nine societies and by invited experts) * Developed with the special contribution of the European Association for Cardiovascular Prevention &amp; Rehabilitation (EACPR),2012,https://doi.org/10.1093/eurheartj/ehs092,Pending,,,,,,,https://doi.org/10.1093/eurheartj/ehs092,,,,,,,,,,,,,,,,,,,,,,,,,,,,,
W2054436867,Biology Medicine,ACC/AHA 2006 Guidelines for the Management of Patients With Valvular Heart Disease,2006,https://doi.org/10.1161/circulationaha.106.176857,Pending,,,,,,,https://doi.org/10.1161/circulationaha.106.176857,,,,,,,,,,,,,,,,,,,,,,,,,,,,,
W1247968195,Biology Medicine,Grading quality of evidence and strength of recommendations,2004,https://doi.org/10.1136/bmj.328.7454.1490,Pending,,,,,,,https://doi.org/10.1136/bmj.328.7454.1490,,,,,,,,,,,,,,,,,,,,,,,,,,,,,
W2306744213,Biology Medicine,Randomised trial of cholesterol lowering in 4444 patients with coronary heart disease: the Scandinavian Simvastatin Survival Study (4S),1994,,Pending,,,,,,,https://openalex.org/W2306744213,,,,,,,,,,,,,,,,,,,,,,,,,,,,,
W2620406790,Biology Medicine,"The Metabolic Phenotype in Obesity: Fat Mass, Body Fat Distribution, and Adipose Tissue Function",2017,https://doi.org/10.1159/000471488,Pending,,,,,,,https://doi.org/10.1159/000471488,,,,,,,,,,,,,,,,,,,,,,,,,,,,,
W2767911074,Biology Medicine,Beneficial Effect of Carotid Endarterectomy in Symptomatic Patients with High-Grade Carotid Stenosis,1991,https://doi.org/10.1056/nejm199108153250701,Pending,,,,,,,https://doi.org/10.1056/nejm199108153250701,,,,,,,,,,,,,,,,,,,,,,,,,,,,,
W2108344016,Biology Medicine,Years lived with disability (YLDs) for 1160 sequelae of 289 diseases and injuries 1990–2010: a systematic analysis for the Global Burden of Disease Study 2010,2012,https://doi.org/10.1016/s0140-6736(12)61729-2,Pending,,,,,,,https://doi.org/10.1016/s0140-6736(12)61729-2,,,,,,,,,,,,,,,,,,,,,,,,,,,,,
W2911964244,Computer Science,Random Forests,2001,https://doi.org/10.1023/a:1010933404324,Pending,,,,,,,https://doi.org/10.1023/a:1010933404324,,,,,,,,,,,,,,,,,,,,,,,,,,,,,
W2064675550,Computer Science,Long Short-Term Memory,1997,https://doi.org/10.1162/neco.1997.9.8.1735,Pending,,,,,,,https://doi.org/10.1162/neco.1997.9.8.1735,,,,,,,,,,,,,,,,,,,,,,,,,,,,,
W1951724000,Computer Science,Fitting Linear Mixed-Effects Models Using <b>lme4</b>,2015,https://doi.org/10.18637/jss.v067.i01,Pending,,,,,,,https://doi.org/10.18637/jss.v067.i01,,,,,,,,,,,,,,,,,,,,,,,,,,,,,
W1522301498,Computer Science,Adam: A Method for Stochastic Optimization,2014,https://doi.org/10.48550/arxiv.1412.6980,Pending,,,,,,,https://doi.org/10.48550/arxiv.1412.6980,,,,,,,,,,,,,,,,,,,,,,,,,,,,,
W2919115771,Computer Science,Deep learning,2015,https://doi.org/10.1038/nature14539,Pending,,,,,,,https://doi.org/10.1038/nature14539,,,,,,,,,,,,,,,,,,,,,,,,,,,,,
W4385245566,Computer Science,Exploiting Generative AI to Scale up Intelligent Tutoring Systems,2023,https://doi.org/10.4230/lipics.itp.2023.19,Pending,,,,,,,https://doi.org/10.4230/lipics.itp.2023.19,,,,,,,,,,,,,,,,,,,,,,,,,,,,,
W2163605009,Computer Science,ImageNet classification with deep convolutional neural networks,2017,https://doi.org/10.1145/3065386,Pending,,,,,,,https://doi.org/10.1145/3065386,,,,,,,,,,,,,,,,,,,,,,,,,,,,,
W1527311855,Computer Science,Case Study Research: Design and Methods,1984,,Pending,,,,,,,https://openalex.org/W1527311855,,,,,,,,,,,,,,,,,,,,,,,,,,,,,
W4211007335,Computer Science,Fuzzy sets,1965,https://doi.org/10.1016/s0019-9958(65)90241-x,Pending,,,,,,,https://doi.org/10.1016/s0019-9958(65)90241-x,,,,,,,,,,,,,,,,,,,,,,,,,,,,,
W2112796928,Computer Science,Gradient-based learning applied to document recognition,1998,https://doi.org/10.1109/5.726791,Pending,,,,,,,https://doi.org/10.1109/5.726791,,,,,,,,,,,,,,,,,,,,,,,,,,,,,
W2133665775,Computer Science,Image quality assessment: from error visibility to structural similarity,2004,https://doi.org/10.1109/tip.2003.819861,Pending,,,,,,,https://doi.org/10.1109/tip.2003.819861,,,,,,,,,,,,,,,,,,,,,,,,,,,,,
W639708223,Computer Science,Faster R-CNN: Towards Real-Time Object Detection with Region Proposal Networks,2016,https://doi.org/10.1109/tpami.2016.2577031,Pending,,,,,,,https://doi.org/10.1109/tpami.2016.2577031,,,,,,,,,,,,,,,,,,,,,,,,,,,,,
W2964121744,Computer Science,,2021,https://doi.org/10.4230/lipics.cp.2021.42,Pending,,,,,,,https://doi.org/10.4230/lipics.cp.2021.42,,,,,,,,,,,,,,,,,,,,,,,,,,,,,
W2126105956,Computer Science,A fast and elitist multiobjective genetic algorithm: NSGA-II,2002,https://doi.org/10.1109/4235.996017,Pending,,,,,,,https://doi.org/10.1109/4235.996017,,,,,,,,,,,,,,,,,,,,,,,,,,,,,
W2896457183,Computer Science,AI-Assisted Pipeline for Dynamic Generation of Trustworthy Health Supplement Content at Scale,2018,https://doi.org/10.4230/lipics.cosit.2022.18,Pending,,,,,,,https://doi.org/10.4230/lipics.cosit.2022.18,,,,,,,,,,,,,,,,,,,,,,,,,,,,,
W1849190772,Computer Science,"Introduction to Mediation, Moderation, and Conditional Process Analysis: A Regression-Based Approach",2013,,Pending,,,,,,,https://openalex.org/W1849190772,,,,,,,,,,,,,,,,,,,,,,,,,,,,,
W2019465613,Computer Science,Fast Parallel Algorithms for Short-Range Molecular Dynamics,1995,https://doi.org/10.1006/jcph.1995.1039,Pending,,,,,,,https://doi.org/10.1006/jcph.1995.1039,,,,,,,,,,,,,,,,,,,,,,,,,,,,,
W2011039300,Computer Science,Computers and Intractability: A Guide to the Theory of NP-Completeness,1979,,Pending,,,,,,,https://openalex.org/W2011039300,,,,,,,,,,,,,,,,,,,,,,,,,,,,,
W2133059825,Computer Science,A Threshold Selection Method from Gray-Level Histograms,1979,https://doi.org/10.1109/tsmc.1979.4310076,Pending,,,,,,,https://doi.org/10.1109/tsmc.1979.4310076,,,,,,,,,,,,,,,,,,,,,,,,,,,,,
W2112090702,Computer Science,Collective dynamics of ‘small-world’ networks,1998,https://doi.org/10.1038/30918,Pending,,,,,,,https://doi.org/10.1038/30918,,,,,,,,,,,,,,,,,,,,,,,,,,,,,
W2009435671,Computer Science,Model Selection and Multimodel Inference: A Practical Information-Theoretic Approach,2003,https://doi.org/10.2307/3802723,Pending,,,,,,,https://doi.org/10.2307/3802723,,,,,,,,,,,,,,,,,,,,,,,,,,,,,
W2153635508,Computer Science,LIBSVM,2011,https://doi.org/10.1145/1961189.1961199,Pending,,,,,,,https://doi.org/10.1145/1961189.1961199,,,,,,,,,,,,,,,,,,,,,,,,,,,,,
W4239510810,Computer Science,Support-vector networks,1995,https://doi.org/10.1007/bf00994018,Pending,,,,,,,https://doi.org/10.1007/bf00994018,,,,,,,,,,,,,,,,,,,,,,,,,,,,,
W2117539524,Computer Science,ImageNet Large Scale Visual Recognition Challenge,2015,https://doi.org/10.1007/s11263-015-0816-y,Pending,,,,,,,https://doi.org/10.1007/s11263-015-0816-y,,,,,,,,,,,,,,,,,,,,,,,,,,,,,
W2011301426,Computer Science,Matplotlib: A 2D Graphics Environment,2007,https://doi.org/10.1109/mcse.2007.55,Pending,,,,,,,https://doi.org/10.1109/mcse.2007.55,,,,,,,,,,,,,,,,,,,,,,,,,,,,,
W3003257820,Computer Science,SciPy 1.0: fundamental algorithms for scientific computing in Python,2020,https://doi.org/10.1038/s41592-019-0686-2,Pending,,,,,,,https://doi.org/10.1038/s41592-019-0686-2,,,,,,,,,,,,,,,,,,,,,,,,,,,,,
W2561675875,Computer Science,Lecture Notes in Computer Science 1205,1999,https://doi.org/10.1108/ir.1999.04926fae.001,Pending,,,,,,,https://doi.org/10.1108/ir.1999.04926fae.001,,,,,,,,,,,,,,,,,,,,,,,,,,,,,
W2134967712,Computer Science,"AutoDock Vina: Improving the speed and accuracy of docking with a new scoring function, efficient optimization, and multithreading",2009,https://doi.org/10.1002/jcc.21334,Pending,,,,,,,https://doi.org/10.1002/jcc.21334,,,,,,,,,,,,,,,,,,,,,,,,,,,,,
W2187089797,Computer Science,Visualizing Data using t-SNE,2008,,Pending,,,,,,,https://openalex.org/W2187089797,,,,,,,,,,,,,,,,,,,,,,,,,,,,,
W4229954146,Computer Science,Biostatistical Analysis,1996,https://doi.org/10.2307/2265725,Pending,,,,,,,https://doi.org/10.2307/2265725,,,,,,,,,,,,,,,,,,,,,,,,,,,,,
W2095705004,Computer Science,Dropout: a simple way to prevent neural networks from overfitting,2014,,Pending,,,,,,,https://openalex.org/W2095705004,,,,,,,,,,,,,,,,,,,,,,,,,,,,,
W2119821739,Computer Science,Support-Vector Networks,1995,https://doi.org/10.1023/a:1022627411411,Pending,,,,,,,https://doi.org/10.1023/a:1022627411411,,,,,,,,,,,,,,,,,,,,,,,,,,,,,
W2148143831,Computer Science,SMOTE: Synthetic Minority Over-sampling Technique,2002,https://doi.org/10.1613/jair.953,Pending,,,,,,,https://doi.org/10.1613/jair.953,,,,,,,,,,,,,,,,,,,,,,,,,,,,,
W1498436455,Computer Science,Learning representations by back-propagating errors,1986,https://doi.org/10.1038/323533a0,Pending,,,,,,,https://doi.org/10.1038/323533a0,,,,,,,,,,,,,,,,,,,,,,,,,,,,,
W2105934661,Computer Science,A New Approach to Linear Filtering and Prediction Problems,1960,https://doi.org/10.1115/1.3662552,Pending,,,,,,,https://doi.org/10.1115/1.3662552,,,,,,,,,,,,,,,,,,,,,,,,,,,,,
W3106250896,Computer Science,SSD: Single Shot MultiBox Detector,2016,,Pending,,,,,,,https://openalex.org/W3106250896,,,,,,,,,,,,,,,,,,,,,,,,,,,,,
W2951912016,Computer Science,fastp: an ultra-fast all-in-one FASTQ preprocessor,2018,https://doi.org/10.1093/bioinformatics/bty560,Pending,,,,,,,https://doi.org/10.1093/bioinformatics/bty560,,,,,,,,,,,,,,,,,,,,,,,,,,,,,
W2124776405,Computer Science,Neural Networks: A Comprehensive Foundation,1998,,Pending,,,,,,,https://openalex.org/W2124776405,,,,,,,,,,,,,,,,,,,,,,,,,,,,,
W1678356000,Computer Science,Greedy function approximation: A gradient boosting machine.,2001,https://doi.org/10.1214/aos/1013203451,Pending,,,,,,,https://doi.org/10.1214/aos/1013203451,,,,,,,,,,,,,,,,,,,,,,,,,,,,,
W2145023731,Computer Science,A Computational Approach to Edge Detection,1986,https://doi.org/10.1109/tpami.1986.4767851,Pending,,,,,,,https://doi.org/10.1109/tpami.1986.4767851,,,,,,,,,,,,,,,,,,,,,,,,,,,,,
W2139122730,Computer Science,Sample Selection Bias as a Specification Error,1979,https://doi.org/10.2307/1912352,Pending,,,,,,,https://doi.org/10.2307/1912352,,,,,,,,,,,,,,,,,,,,,,,,,,,,,
W4214717370,Computer Science,Reinforcement Learning: An Introduction,1998,https://doi.org/10.1109/tnn.1998.712192,Pending,,,,,,,https://doi.org/10.1109/tnn.1998.712192,,,,,,,,,,,,,,,,,,,,,,,,,,,,,
W1880262756,Computer Science,Latent dirichlet allocation,2003,https://doi.org/10.5555/944919.944937,Pending,,,,,,,https://doi.org/10.5555/944919.944937,,,,,,,,,,,,,,,,,,,,,,,,,,,,,
W2148603752,Computer Science,Statistical Learning Theory,1999,https://doi.org/10.2307/1271368,Pending,,,,,,,https://doi.org/10.2307/1271368,,,,,,,,,,,,,,,,,,,,,,,,,,,,,
W2121863487,Computer Science,Reinforcement Learning: An Introduction,2005,https://doi.org/10.1109/tnn.2004.842673,Pending,,,,,,,https://doi.org/10.1109/tnn.2004.842673,,,,,,,,,,,,,,,,,,,,,,,,,,,,,
W1550621568,Computer Science,Social Learning Theory.,1978,https://doi.org/10.2307/2065952,Pending,,,,,,,https://doi.org/10.2307/2065952,,,,,,,,,,,,,,,,,,,,,,,,,,,,,
W2085261163,Computer Science,Random sample consensus,1981,https://doi.org/10.1145/358669.358692,Pending,,,,,,,https://doi.org/10.1145/358669.358692,,,,,,,,,,,,,,,,,,,,,,,,,,,,,
W3118608800,Computer Science,Learning Multiple Layers of Features from Tiny Images,2024,https://doi.org/10.57702/zp44cu3g,Pending,,,,,,,https://doi.org/10.57702/zp44cu3g,,,,,,,,,,,,,,,,,,,,,,,,,,,,,
W2105668062,Computer Science,AutoDock4 and AutoDockTools4: Automated docking with selective receptor flexibility,2009,https://doi.org/10.1002/jcc.21256,Pending,,,,,,,https://doi.org/10.1002/jcc.21256,,,,,,,,,,,,,,,,,,,,,,,,,,,,,
W2128495200,Computer Science,EEGLAB: an open source toolbox for analysis of single-trial EEG dynamics including independent component analysis,2004,https://doi.org/10.1016/j.jneumeth.2003.10.009,Pending,,,,,,,https://doi.org/10.1016/j.jneumeth.2003.10.009,,,,,,,,,,,,,,,,,,,,,,,,,,,,,
W2153222072,Computer Science,Content Analysis: An Introduction to its Methodology.,1984,https://doi.org/10.2307/2288384,Pending,,,,,,,https://doi.org/10.2307/2288384,,,,,,,,,,,,,,,,,,,,,,,,,,,,,
W2007221293,Computer Science,The empirical mode decomposition and the Hilbert spectrum for nonlinear and non-stationary time series analysis,1998,https://doi.org/10.1098/rspa.1998.0193,Pending,,,,,,,https://doi.org/10.1098/rspa.1998.0193,,,,,,,,,,,,,,,,,,,,,,,,,,,,,
W2165698076,Computer Science,A Survey on Transfer Learning,2009,https://doi.org/10.1109/tkde.2009.191,Pending,,,,,,,https://doi.org/10.1109/tkde.2009.191,,,,,,,,,,,,,,,,,,,,,,,,,,,,,
W2124985265,Computer Science,Ultrafast and memory-efficient alignment of short DNA sequences to the human genome,2009,https://doi.org/10.1186/gb-2009-10-3-r25,Pending,,,,,,,https://doi.org/10.1186/gb-2009-10-3-r25,,,,,,,,,,,,,,,,,,,,,,,,,,,,,
W2178225550,Computer Science,Investigating Causal Relations by Econometric Models and Cross-spectral Methods,1969,https://doi.org/10.2307/1912791,Pending,,,,,,,https://doi.org/10.2307/1912791,,,,,,,,,,,,,,,,,,,,,,,,,,,,,
W3035965352,Computer Science,Array programming with NumPy,2020,https://doi.org/10.1038/s41586-020-2649-2,Pending,,,,,,,https://doi.org/10.1038/s41586-020-2649-2,,,,,,,,,,,,,,,,,,,,,,,,,,,,,
W2125838338,Computer Science,A tutorial on hidden Markov models and selected applications in speech recognition,1989,https://doi.org/10.1109/5.18626,Pending,,,,,,,https://doi.org/10.1109/5.18626,,,,,,,,,,,,,,,,,,,,,,,,,,,,,
W2044465660,Computer Science,Textural Features for Image Classification,1973,https://doi.org/10.1109/tsmc.1973.4309314,Pending,,,,,,,https://doi.org/10.1109/tsmc.1973.4309314,,,,,,,,,,,,,,,,,,,,,,,,,,,,,
W2412782625,Computer Science,"DeepLab: Semantic Image Segmentation with Deep Convolutional Nets, Atrous Convolution, and Fully Connected CRFs",2017,https://doi.org/10.1109/tpami.2017.2699184,Pending,,,,,,,https://doi.org/10.1109/tpami.2017.2699184,,,,,,,,,,,,,,,,,,,,,,,,,,,,,
W2078206416,Computer Science,<i>The Fractal Geometry of Nature</i>,1983,https://doi.org/10.1119/1.13295,Pending,,,,,,,https://doi.org/10.1119/1.13295,,,,,,,,,,,,,,,,,,,,,,,,,,,,,
W2099471712,Computer Science,GAN（Generative Adversarial Nets）,2017,https://doi.org/10.3156/jsoft.29.5_177_2,Pending,,,,,,,https://doi.org/10.3156/jsoft.29.5_177_2,,,,,,,,,,,,,,,,,,,,,,,,,,,,,
W2158698691,Computer Science,An introduction to ROC analysis,2005,https://doi.org/10.1016/j.patrec.2005.10.010,Pending,,,,,,,https://doi.org/10.1016/j.patrec.2005.10.010,,,,,,,,,,,,,,,,,,,,,,,,,,,,,
W2137983211,Computer Science,Multilayer feedforward networks are universal approximators,1989,https://doi.org/10.1016/0893-6080(89)90020-8,Pending,,,,,,,https://doi.org/10.1016/0893-6080(89)90020-8,,,,,,,,,,,,,,,,,,,,,,,,,,,,,
W2543580944,Computer Science,Particle swarm optimization,2007,https://doi.org/10.1007/s11721-007-0002-0,Pending,,,,,,,https://doi.org/10.1007/s11721-007-0002-0,,,,,,,,,,,,,,,,,,,,,,,,,,,,,
W2122825543,Computer Science,Regularization and Variable Selection Via the Elastic Net,2005,https://doi.org/10.1111/j.1467-9868.2005.00503.x,Pending,,,,,,,https://doi.org/10.1111/j.1467-9868.2005.00503.x,,,,,,,,,,,,,,,,,,,,,,,,,,,,,
W2132984323,Computer Science,A theory for multiresolution signal decomposition: the wavelet representation,1989,https://doi.org/10.1109/34.192463,Pending,,,,,,,https://doi.org/10.1109/34.192463,,,,,,,,,,,,,,,,,,,,,,,,,,,,,
W2100495367,Computer Science,Reducing the Dimensionality of Data with Neural Networks,2006,https://doi.org/10.1126/science.1127647,Pending,,,,,,,https://doi.org/10.1126/science.1127647,,,,,,,,,,,,,,,,,,,,,,,,,,,,,
W1987971958,Computer Science,Silhouettes: A graphical aid to the interpretation and validation of cluster analysis,1987,https://doi.org/10.1016/0377-0427(87)90125-7,Pending,,,,,,,https://doi.org/10.1016/0377-0427(87)90125-7,,,,,,,,,,,,,,,,,,,,,,,,,,,,,
W3085162807,Computer Science,Classification and Regression Trees.,1986,https://doi.org/10.2307/2288003,Pending,,,,,,,https://doi.org/10.2307/2288003,,,,,,,,,,,,,,,,,,,,,,,,,,,,,
W4243667233,Computer Science,On the evaluation of structural equation models,1988,https://doi.org/10.1007/bf02723327,Pending,,,,,,,https://doi.org/10.1007/bf02723327,,,,,,,,,,,,,,,,,,,,,,,,,,,,,
W1587026990,Computer Science,ggplot2: Elegant Graphics for Data Analysis,2009,https://doi.org/10.1007/978-0-387-98141-3,Pending,,,,,,,https://doi.org/10.1007/978-0-387-98141-3,,,,,,,,,,,,,,,,,,,,,,,,,,,,,
W2150220236,Computer Science,"Software survey: VOSviewer, a computer program for bibliometric mapping",2009,https://doi.org/10.1007/s11192-009-0146-3,Pending,,,,,,,https://doi.org/10.1007/s11192-009-0146-3,,,,,,,,,,,,,,,,,,,,,,,,,,,,,
W1965555277,Computer Science,On Information and Sufficiency,1951,https://doi.org/10.1214/aoms/1177729694,Pending,,,,,,,https://doi.org/10.1214/aoms/1177729694,,,,,,,,,,,,,,,,,,,,,,,,,,,,,
W2031489346,Computer Science,The Pascal Visual Object Classes (VOC) Challenge,2009,https://doi.org/10.1007/s11263-009-0275-4,Pending,,,,,,,https://doi.org/10.1007/s11263-009-0275-4,,,,,,,,,,,,,,,,,,,,,,,,,,,,,
W2079325629,Computer Science,Fuzzy identification of systems and its applications to modeling and control,1985,https://doi.org/10.1109/tsmc.1985.6313399,Pending,,,,,,,https://doi.org/10.1109/tsmc.1985.6313399,,,,,,,,,,,,,,,,,,,,,,,,,,,,,
W1554944419,Computer Science,"The Elements of Statistical Learning: Data Mining, Inference, and Prediction",2013,https://doi.org/10.1007/978-0-387-84858-7,Pending,,,,,,,https://doi.org/10.1007/978-0-387-84858-7,,,,,,,,,,,,,,,,,,,,,,,,,,,,,
W4254275792,Computer Science,Confidence Limits on Phylogenies: An Approach Using the Bootstrap,1985,https://doi.org/10.2307/2408678,Pending,,,,,,,https://doi.org/10.2307/2408678,,,,,,,,,,,,,,,,,,,,,,,,,,,,,
W2313953460,Computer Science,Time Series Analysis: Forecasting and Control,1977,https://doi.org/10.2307/3150485,Pending,,,,,,,https://doi.org/10.2307/3150485,,,,,,,,,,,,,,,,,,,,,,,,,,,,,
W1673310716,Computer Science,A density-based algorithm for discovering clusters in large spatial Databases with Noise,1996,,Pending,,,,,,,https://openalex.org/W1673310716,,,,,,,,,,,,,,,,,,,,,,,,,,,,,
W2008854521,Computer Science,Sensitivity and False Alarm Rate of a Fall Sensor in Long-Term Fall Detection in the Elderly,2014,https://doi.org/10.1159/000362720,Pending,,,,,,,https://doi.org/10.1159/000362720,,,,,,,,,,,,,,,,,,,,,,,,,,,,,
W2324392187,Computer Science,Hierarchical Linear Models: Applications and Data Analysis Methods.,1993,https://doi.org/10.2307/2075823,Pending,,,,,,,https://doi.org/10.2307/2075823,,,,,,,,,,,,,,,,,,,,,,,,,,,,,
W2061438946,Computer Science,Grey Wolf Optimizer,2014,https://doi.org/10.1016/j.advengsoft.2013.12.007,Pending,,,,,,,https://doi.org/10.1016/j.advengsoft.2013.12.007,,,,,,,,,,,,,,,,,,,,,,,,,,,,,
W2173213060,Computer Science,MapReduce,2008,https://doi.org/10.1145/1327452.1327492,Pending,,,,,,,https://doi.org/10.1145/1327452.1327492,,,,,,,,,,,,,,,,,,,,,,,,,,,,,
W273955616,Computer Science,Classification and Regression by randomForest,2007,,Pending,,,,,,,https://openalex.org/W273955616,,,,,,,,,,,,,,,,,,,,,,,,,,,,,
W3145128584,Computer Science,Introduction to Algorithms,2005,,Pending,,,,,,,https://openalex.org/W3145128584,,,,,,,,,,,,,,,,,,,,,,,,,,,,,
W1736209534,Computer Science,Determining Sample Size for Research Activities,1970,https://doi.org/10.1177/001316447003000308,Pending,,,,,,,https://doi.org/10.1177/001316447003000308,,,,,,,,,,,,,,,,,,,,,,,,,,,,,
W1591593323,Computer Science,The mathematics of diffusion,1956,,Pending,,,,,,,https://openalex.org/W1591593323,,,,,,,,,,,,,,,,,,,,,,,,,,,,,
W2076063813,Computer Science,Deep learning in neural networks: An overview,2014,https://doi.org/10.1016/j.neunet.2014.09.003,Pending,,,,,,,https://doi.org/10.1016/j.neunet.2014.09.003,,,,,,,,,,,,,,,,,,,,,,,,,,,,,
W2036149274,Computer Science,"Structural equation modeling with AMOS: basic concepts, applications, and programming",2000,https://doi.org/10.4324/9781315757421,Pending,,,,,,,https://doi.org/10.4324/9781315757421,,,,,,,,,,,,,,,,,,,,,,,,,,,,,
W1995341919,Computer Science,A logical calculus of the ideas immanent in nervous activity,1943,https://doi.org/10.1007/bf02478259,Pending,,,,,,,https://doi.org/10.1007/bf02478259,,,,,,,,,,,,,,,,,,,,,,,,,,,,,
W2020999234,Computer Science,"Stochastic Relaxation, Gibbs Distributions, and the Bayesian Restoration of Images",1984,https://doi.org/10.1109/tpami.1984.4767596,Pending,,,,,,,https://doi.org/10.1109/tpami.1984.4767596,,,,,,,,,,,,,,,,,,,,,,,,,,,,,
W2133990480,Computer Science,The WEKA data mining software,2009,https://doi.org/10.1145/1656274.1656278,Pending,,,,,,,https://doi.org/10.1145/1656274.1656278,,,,,,,,,,,,,,,,,,,,,,,,,,,,,
W2145417574,Computer Science,Wireless communications principles and practice,2002,,Pending,,,,,,,https://openalex.org/W2145417574,,,,,,,,,,,,,,,,,,,,,,,,,,,,,
W2044758663,Computer Science,Statistical Analysis With Missing Data,1989,https://doi.org/10.2307/2289883,Pending,,,,,,,https://doi.org/10.2307/2289883,,,,,,,,,,,,,,,,,,,,,,,,,,,,,
W2593436234,Computer Science,"SwissADME: a free web tool to evaluate pharmacokinetics, drug-likeness and medicinal chemistry friendliness of small molecules",2017,https://doi.org/10.1038/srep42717,Pending,,,,,,,https://doi.org/10.1038/srep42717,,,,,,,,,,,,,,,,,,,,,,,,,,,,,
W2168452204,Computer Science,Wireless sensor networks: a survey,2002,https://doi.org/10.1016/s1389-1286(01)00302-4,Pending,,,,,,,https://doi.org/10.1016/s1389-1286(01)00302-4,,,,,,,,,,,,,,,,,,,,,,,,,,,,,
W2965373594,Computer Science,"HISTORIAE, History of Socio-Cultural Transformation as Linguistic Data Science. A Humanities Use Case",2019,https://doi.org/10.4230/lipics.cp.2025.31,Pending,,,,,,,https://doi.org/10.4230/lipics.cp.2025.31,,,,,,,,,,,,,,,,,,,,,,,,,,,,,
W4294541781,Computer Science,Regularization Paths for Generalized Linear Models via Coordinate Descent,2010,https://doi.org/10.18637/jss.v033.i01,Pending,,,,,,,https://doi.org/10.18637/jss.v033.i01,,,,,,,,,,,,,,,,,,,,,,,,,,,,,
W1984314602,Computer Science,"The magical number seven, plus or minus two: Some limits on our capacity for processing information.",1994,https://doi.org/10.1037/0033-295x.101.2.343,Pending,,,,,,,https://doi.org/10.1037/0033-295x.101.2.343,,,,,,,,,,,,,,,,,,,,,,,,,,,,,
W2117178635,Computer Science,"A Simple, Positive Semi-Definite, Heteroskedasticity and Autocorrelation Consistent Covariance Matrix",1987,https://doi.org/10.2307/1913610,Pending,,,,,,,https://doi.org/10.2307/1913610,,,,,,,,,,,,,,,,,,,,,,,,,,,,,
W1969042907,Computer Science,"jModelTest 2: more models, new heuristics and parallel computing",2012,https://doi.org/10.1038/nmeth.2109,Pending,,,,,,,https://doi.org/10.1038/nmeth.2109,,,,,,,,,,,,,,,,,,,,,,,,,,,,,
W2912934387,Computer Science,Bagging Predictors,1996,https://doi.org/10.1023/a:1018054314350,Pending,,,,,,,https://doi.org/10.1023/a:1018054314350,,,,,,,,,,,,,,,,,,,,,,,,,,,,,
W2104095591,Computer Science,Snakes: Active contour models,1988,https://doi.org/10.1007/bf00133570,Pending,,,,,,,https://doi.org/10.1007/bf00133570,,,,,,,,,,,,,,,,,,,,,,,,,,,,,
W2752885492,Computer Science,Introduction to Algorithms,1991,https://doi.org/10.2307/2583667,Pending,,,,,,,https://doi.org/10.2307/2583667,,,,,,,,,,,,,,,,,,,,,,,,,,,,,
W2148534890,Computer Science,Inference from Iterative Simulation Using Multiple Sequences,1992,https://doi.org/10.1214/ss/1177011136,Pending,,,,,,,https://doi.org/10.1214/ss/1177011136,,,,,,,,,,,,,,,,,,,,,,,,,,,,,
W2136922672,Computer Science,A Fast Learning Algorithm for Deep Belief Nets,2006,https://doi.org/10.1162/neco.2006.18.7.1527,Pending,,,,,,,https://doi.org/10.1162/neco.2006.18.7.1527,,,,,,,,,,,,,,,,,,,,,,,,,,,,,
W2139212933,Computer Science,A Tutorial on Support Vector Machines for Pattern Recognition,1998,https://doi.org/10.1023/a:1009715923555,Pending,,,,,,,https://doi.org/10.1023/a:1009715923555,,,,,,,,,,,,,,,,,,,,,,,,,,,,,
W4212883601,Computer Science,Bagging predictors,1996,https://doi.org/10.1007/bf00058655,Pending,,,,,,,https://doi.org/10.1007/bf00058655,,,,,,,,,,,,,,,,,,,,,,,,,,,,,
W1980564456,Computer Science,Intuitionistic fuzzy sets,1986,https://doi.org/10.1016/s0165-0114(86)80034-3,Pending,,,,,,,https://doi.org/10.1016/s0165-0114(86)80034-3,,,,,,,,,,,,,,,,,,,,,,,,,,,,,
W2752853835,Computer Science,The Art of Computer Programming,1968,,Pending,,,,,,,https://openalex.org/W2752853835,,,,,,,,,,,,,,,,,,,,,,,,,,,,,
W2019207321,Computer Science,ANFIS: adaptive-network-based fuzzy inference system,1993,https://doi.org/10.1109/21.256541,Pending,,,,,,,https://doi.org/10.1109/21.256541,,,,,,,,,,,,,,,,,,,,,,,,,,,,,
W4292363360,Computer Science,Distributed Optimization and Statistical Learning via the Alternating Direction Method of Multipliers,2011,https://doi.org/10.1561/2200000016,Pending,,,,,,,https://doi.org/10.1561/2200000016,,,,,,,,,,,,,,,,,,,,,,,,,,,,,
W2066636486,Computer Science,The anatomy of a large-scale hypertextual Web search engine,1998,https://doi.org/10.1016/s0169-7552(98)00110-x,Pending,,,,,,,https://doi.org/10.1016/s0169-7552(98)00110-x,,,,,,,,,,,,,,,,,,,,,,,,,,,,,
W2257979135,Computer Science,Mastering the game of Go with deep neural networks and tree search,2016,https://doi.org/10.1038/nature16961,Pending,,,,,,,https://doi.org/10.1038/nature16961,,,,,,,,,,,,,,,,,,,,,,,,,,,,,
W2103559027,Computer Science,Nonlinear total variation based noise removal algorithms,1992,https://doi.org/10.1016/0167-2789(92)90242-f,Pending,,,,,,,https://doi.org/10.1016/0167-2789(92)90242-f,,,,,,,,,,,,,,,,,,,,,,,,,,,,,
W2121947440,Computer Science,Normalized cuts and image segmentation,2000,https://doi.org/10.1109/34.868688,Pending,,,,,,,https://doi.org/10.1109/34.868688,,,,,,,,,,,,,,,,,,,,,,,,,,,,,
W2150593711,Computer Science,Least squares quantization in PCM,1982,https://doi.org/10.1109/tit.1982.1056489,Pending,,,,,,,https://doi.org/10.1109/tit.1982.1056489,,,,,,,,,,,,,,,,,,,,,,,,,,,,,
W2062024414,Computer Science,Ten Lectures on Wavelets,1992,https://doi.org/10.1063/1.4823127,Pending,,,,,,,https://doi.org/10.1063/1.4823127,,,,,,,,,,,,,,,,,,,,,,,,,,,,,
W2170120409,Computer Science,Numerical recipes in C,1994,,Pending,,,,,,,https://openalex.org/W2170120409,,,,,,,,,,,,,,,,,,,,,,,,,,,,,
W2105103777,Computer Science,The Internet of Things: A survey,2010,https://doi.org/10.1016/j.comnet.2010.05.010,Pending,,,,,,,https://doi.org/10.1016/j.comnet.2010.05.010,,,,,,,,,,,,,,,,,,,,,,,,,,,,,
W2163352848,Computer Science,Multiresolution gray-scale and rotation invariant texture classification with local binary patterns,2002,https://doi.org/10.1109/tpami.2002.1017623,Pending,,,,,,,https://doi.org/10.1109/tpami.2002.1017623,,,,,,,,,,,,,,,,,,,,,,,,,,,,,
W2053186076,Computer Science,Nonlinear Dimensionality Reduction by Locally Linear Embedding,2000,https://doi.org/10.1126/science.290.5500.2323,Pending,,,,,,,https://doi.org/10.1126/science.290.5500.2323,,,,,,,,,,,,,,,,,,,,,,,,,,,,,
W2326565381,Computer Science,The mathematics of diffusion,1975,https://doi.org/10.1016/0032-3861(75)90130-5,Pending,,,,,,,https://doi.org/10.1016/0032-3861(75)90130-5,,,,,,,,,,,,,,,,,,,,,,,,,,,,,
W2034139177,Computer Science,A Practical Guide to Wavelet Analysis,1998,https://doi.org/10.1175/1520-0477(1998)079<0061:apgtwa>2.0.co;2,Pending,,,,,,,https://doi.org/10.1175/1520-0477(1998)079<0061:apgtwa>2.0.co;2,,,,,,,,,,,,,,,,,,,,,,,,,,,,,
W2149706766,Computer Science,Induction of Decision Trees,1986,https://doi.org/10.1023/a:1022643204877,Pending,,,,,,,https://doi.org/10.1023/a:1022643204877,,,,,,,,,,,,,,,,,,,,,,,,,,,,,
W2755950973,Computer Science,bibliometrix : An R-tool for comprehensive science mapping analysis,2017,https://doi.org/10.1016/j.joi.2017.08.007,Pending,,,,,,,https://doi.org/10.1016/j.joi.2017.08.007,,,,,,,,,,,,,,,,,,,,,,,,,,,,,
W2167667767,Computer Science,A flexible new technique for camera calibration,2000,https://doi.org/10.1109/34.888718,Pending,,,,,,,https://doi.org/10.1109/34.888718,,,,,,,,,,,,,,,,,,,,,,,,,,,,,
W2592929672,Computer Science,A survey on deep learning in medical image analysis,2017,https://doi.org/10.1016/j.media.2017.07.005,Pending,,,,,,,https://doi.org/10.1016/j.media.2017.07.005,,,,,,,,,,,,,,,,,,,,,,,,,,,,,
W2559655401,Computer Science,Advances in Neural Information Processing Systems 28,2015,,Pending,,,,,,,https://openalex.org/W2559655401,,,,,,,,,,,,,,,,,,,,,,,,,,,,,
W2162800060,Computer Science,"PhysioBank, PhysioToolkit, and PhysioNet",2000,https://doi.org/10.1161/01.cir.101.23.e215,Pending,,,,,,,https://doi.org/10.1161/01.cir.101.23.e215,,,,,,,,,,,,,,,,,,,,,,,,,,,,,
W2156186849,Computer Science,New directions in cryptography,1976,https://doi.org/10.1109/tit.1976.1055638,Pending,,,,,,,https://doi.org/10.1109/tit.1976.1055638,,,,,,,,,,,,,,,,,,,,,,,,,,,,,
W1993760488,Computer Science,An Index of Factorial Simplicity,1974,https://doi.org/10.1007/bf02291575,Pending,,,,,,,https://doi.org/10.1007/bf02291575,,,,,,,,,,,,,,,,,,,,,,,,,,,,,
W1977556410,Computer Science,Algorithm AS 136: A K-Means Clustering Algorithm,1979,https://doi.org/10.2307/2346830,Pending,,,,,,,https://doi.org/10.2307/2346830,,,,,,,,,,,,,,,,,,,,,,,,,,,,,
W4212774754,Computer Science,Advances in neural information processing systems 7,1996,https://doi.org/10.1016/s0898-1221(96)90463-0,Pending,,,,,,,https://doi.org/10.1016/s0898-1221(96)90463-0,,,,,,,,,,,,,,,,,,,,,,,,,,,,,
W4293584584,Computer Science,A Multi-Modal Distributed Real-Time IoT System for Urban Traffic Control (Invited Paper),2024,https://doi.org/10.4230/oasics.ng-res.2024.2,Pending,,,,,,,https://doi.org/10.4230/oasics.ng-res.2024.2,,,,,,,,,,,,,,,,,,,,,,,,,,,,,
W2113638573,Computer Science,Multiple emitter location and signal parameter estimation,1986,https://doi.org/10.1109/tap.1986.1143830,Pending,,,,,,,https://doi.org/10.1109/tap.1986.1143830,,,,,,,,,,,,,,,,,,,,,,,,,,,,,
W4292779060,Computer Science,"Aion Framework: Dimensional Emergence of AI Consciousness, Observer-Induced Collapse, and Cosmological Portal Dynamics",2023,https://doi.org/10.4230/lipics.giscience.2023.43,Pending,,,,,,,https://doi.org/10.4230/lipics.giscience.2023.43,,,,,,,,,,,,,,,,,,,,,,,,,,,,,
W2290883490,Computer Science,The Whale Optimization Algorithm,2016,https://doi.org/10.1016/j.advengsoft.2016.01.008,Pending,,,,,,,https://doi.org/10.1016/j.advengsoft.2016.01.008,,,,,,,,,,,,,,,,,,,,,,,,,,,,,
W3097096317,Computer Science,Robust Real-Time Face Detection,2004,https://doi.org/10.1023/b:visi.0000013087.49260.fb,Pending,,,,,,,https://doi.org/10.1023/b:visi.0000013087.49260.fb,,,,,,,,,,,,,,,,,,,,,,,,,,,,,
W2081580037,Computer Science,WordNet,1995,https://doi.org/10.1145/219717.219748,Pending,,,,,,,https://doi.org/10.1145/219717.219748,,,,,,,,,,,,,,,,,,,,,,,,,,,,,
W1902027874,Computer Science,Learning the parts of objects by non-negative matrix factorization,1999,https://doi.org/10.1038/44565,Pending,,,,,,,https://doi.org/10.1038/44565,,,,,,,,,,,,,,,,,,,,,,,,,,,,,
W1972978214,Computer Science,On a Test of Whether one of Two Random Variables is Stochastically Larger than the Other,1947,https://doi.org/10.1214/aoms/1177730491,Pending,,,,,,,https://doi.org/10.1214/aoms/1177730491,,,,,,,,,,,,,,,,,,,,,,,,,,,,,
W2151554678,Computer Science,No free lunch theorems for optimization,1997,https://doi.org/10.1109/4235.585893,Pending,,,,,,,https://doi.org/10.1109/4235.585893,,,,,,,,,,,,,,,,,,,,,,,,,,,,,
W3096831136,Computer Science,Generative adversarial networks,2020,https://doi.org/10.1145/3422622,Pending,,,,,,,https://doi.org/10.1145/3422622,,,,,,,,,,,,,,,,,,,,,,,,,,,,,
W2115098571,Computer Science,<b>mice</b>: Multivariate Imputation by Chained Equations in<i>R</i>,2011,https://doi.org/10.18637/jss.v045.i03,Pending,,,,,,,https://doi.org/10.18637/jss.v045.i03,,,,,,,,,,,,,,,,,,,,,,,,,,,,,
W2138451337,Computer Science,Eigenfaces for Recognition,1991,https://doi.org/10.1162/jocn.1991.3.1.71,Pending,,,,,,,https://doi.org/10.1162/jocn.1991.3.1.71,,,,,,,,,,,,,,,,,,,,,,,,,,,,,
W2103496339,Computer Science,Approximation by superpositions of a sigmoidal function,1989,https://doi.org/10.1007/bf02551274,Pending,,,,,,,https://doi.org/10.1007/bf02551274,,,,,,,,,,,,,,,,,,,,,,,,,,,,,
W2001141328,Computer Science,A Global Geometric Framework for Nonlinear Dimensionality Reduction,2000,https://doi.org/10.1126/science.290.5500.2319,Pending,,,,,,,https://doi.org/10.1126/science.290.5500.2319,,,,,,,,,,,,,,,,,,,,,,,,,,,,,
W2130403046,Computer Science,A survey on sensor networks,2002,https://doi.org/10.1109/mcom.2002.1024422,Pending,,,,,,,https://doi.org/10.1109/mcom.2002.1024422,,,,,,,,,,,,,,,,,,,,,,,,,,,,,
W2157575844,Computer Science,Back-Translation for Cross-Cultural Research,1970,https://doi.org/10.1177/135910457000100301,Pending,,,,,,,https://doi.org/10.1177/135910457000100301,,,,,,,,,,,,,,,,,,,,,,,,,,,,,
W2141420453,Computer Science,How to share a secret,1979,https://doi.org/10.1145/359168.359176,Pending,,,,,,,https://doi.org/10.1145/359168.359176,,,,,,,,,,,,,,,,,,,,,,,,,,,,,
W2612690371,Computer Science,Advances in Neural Information Processing Systems 29,2016,,Pending,,,,,,,https://openalex.org/W2612690371,,,,,,,,,,,,,,,,,,,,,,,,,,,,,
W1493632016,Computer Science,How to Design and Evaluate Research in Education,1990,,Pending,,,,,,,https://openalex.org/W1493632016,,,,,,,,,,,,,,,,,,,,,,,,,,,,,
W2119605622,Computer Science,Speeded-Up Robust Features (SURF),2008,https://doi.org/10.1016/j.cviu.2007.09.014,Pending,,,,,,,https://doi.org/10.1016/j.cviu.2007.09.014,,,,,,,,,,,,,,,,,,,,,,,,,,,,,
W2111072639,Computer Science,Extreme learning machine: Theory and applications,2006,https://doi.org/10.1016/j.neucom.2005.12.126,Pending,,,,,,,https://doi.org/10.1016/j.neucom.2005.12.126,,,,,,,,,,,,,,,,,,,,,,,,,,,,,
W1992419399,Computer Science,Data clustering,1999,https://doi.org/10.1145/331499.331504,Pending,,,,,,,https://doi.org/10.1145/331499.331504,,,,,,,,,,,,,,,,,,,,,,,,,,,,,
W4232836212,Computer Science,A method for obtaining digital signatures and public-key cryptosystems,1978,https://doi.org/10.1145/359340.359342,Pending,,,,,,,https://doi.org/10.1145/359340.359342,,,,,,,,,,,,,,,,,,,,,,,,,,,,,
W1996360405,Computer Science,A method for obtaining digital signatures and public-key cryptosystems,1983,https://doi.org/10.1145/357980.358017,Pending,,,,,,,https://doi.org/10.1145/357980.358017,,,,,,,,,,,,,,,,,,,,,,,,,,,,,
W1964357740,Computer Science,A tutorial on support vector regression,2004,https://doi.org/10.1023/b:stco.0000035301.49549.88,Pending,,,,,,,https://doi.org/10.1023/b:stco.0000035301.49549.88,,,,,,,,,,,,,,,,,,,,,,,,,,,,,
W2163922914,Computer Science,Representation Learning: A Review and New Perspectives,2013,https://doi.org/10.1109/tpami.2013.50,Pending,,,,,,,https://doi.org/10.1109/tpami.2013.50,,,,,,,,,,,,,,,,,,,,,,,,,,,,,
W2319794630,Computer Science,Exploratory Data Analysis,1977,https://doi.org/10.2307/2529486,Pending,,,,,,,https://doi.org/10.2307/2529486,,,,,,,,,,,,,,,,,,,,,,,,,,,,,
W2107080958,Computer Science,A simple transmit diversity technique for wireless communications,1998,https://doi.org/10.1109/49.730453,Pending,,,,,,,https://doi.org/10.1109/49.730453,,,,,,,,,,,,,,,,,,,,,,,,,,,,,
W2171033594,Computer Science,"The Elements of Statistical Learning: Data Mining, Inference, and Prediction",2010,https://doi.org/10.1111/j.1467-985x.2010.00646_6.x,Pending,,,,,,,https://doi.org/10.1111/j.1467-985x.2010.00646_6.x,,,,,,,,,,,,,,,,,,,,,,,,,,,,,
W2107396783,Computer Science,Consensus Problems in Networks of Agents With Switching Topology and Time-Delays,2004,https://doi.org/10.1109/tac.2004.834113,Pending,,,,,,,https://doi.org/10.1109/tac.2004.834113,,,,,,,,,,,,,,,,,,,,,,,,,,,,,
W1533861849,Computer Science,Understanding the difficulty of training deep feedforward neural networks,2010,,Pending,,,,,,,https://openalex.org/W1533861849,,,,,,,,,,,,,,,,,,,,,,,,,,,,,
W1854214752,Computer Science,The PageRank Citation Ranking : Bringing Order to the Web,1999,,Pending,,,,,,,https://openalex.org/W1854214752,,,,,,,,,,,,,,,,,,,,,,,,,,,,,
W2964350391,Computer Science,"Inception-v4, Inception-ResNet and the Impact of Residual Connections on Learning",2017,https://doi.org/10.1609/aaai.v31i1.11231,Pending,,,,,,,https://doi.org/10.1609/aaai.v31i1.11231,,,,,,,,,,,,,,,,,,,,,,,,,,,,,
W2954996726,Computer Science,A survey on Image Data Augmentation for Deep Learning,2019,https://doi.org/10.1186/s40537-019-0197-0,Pending,,,,,,,https://doi.org/10.1186/s40537-019-0197-0,,,,,,,,,,,,,,,,,,,,,,,,,,,,,
W3017143921,Computer Science,Pattern classification and scene analysis,1973,,Pending,,,,,,,https://openalex.org/W3017143921,,,,,,,,,,,,,,,,,,,,,,,,,,,,,
W2137079713,Computer Science,A translation approach to portable ontology specifications,1993,https://doi.org/10.1006/knac.1993.1008,Pending,,,,,,,https://doi.org/10.1006/knac.1993.1008,,,,,,,,,,,,,,,,,,,,,,,,,,,,,
W4236137412,Computer Science,Induction of decision trees,1986,https://doi.org/10.1007/bf00116251,Pending,,,,,,,https://doi.org/10.1007/bf00116251,,,,,,,,,,,,,,,,,,,,,,,,,,,,,
W1969483458,Computer Science,A Formal Basis for the Heuristic Determination of Minimum Cost Paths,1968,https://doi.org/10.1109/tssc.1968.300136,Pending,,,,,,,https://doi.org/10.1109/tssc.1968.300136,,,,,,,,,,,,,,,,,,,,,,,,,,,,,
W2152121970,Computer Science,Cooperative Diversity in Wireless Networks: Efficient Protocols and Outage Behavior,2004,https://doi.org/10.1109/tit.2004.838089,Pending,,,,,,,https://doi.org/10.1109/tit.2004.838089,,,,,,,,,,,,,,,,,,,,,,,,,,,,,
W4255833381,Computer Science,Rough sets,1982,https://doi.org/10.1007/bf01001956,Pending,,,,,,,https://doi.org/10.1007/bf01001956,,,,,,,,,,,,,,,,,,,,,,,,,,,,,
W2157041604,Computer Science,The concept of a linguistic variable and its application to approximate reasoning-III,1975,https://doi.org/10.1016/0020-0255(75)90017-1,Pending,,,,,,,https://doi.org/10.1016/0020-0255(75)90017-1,,,,,,,,,,,,,,,,,,,,,,,,,,,,,
W2150134853,Computer Science,Scale-space and edge detection using anisotropic diffusion,1990,https://doi.org/10.1109/34.56205,Pending,,,,,,,https://doi.org/10.1109/34.56205,,,,,,,,,,,,,,,,,,,,,,,,,,,,,
W4245152641,Computer Science,The concept of a linguistic variable and its application to approximate reasoning—I,1975,https://doi.org/10.1016/0020-0255(75)90036-5,Pending,,,,,,,https://doi.org/10.1016/0020-0255(75)90036-5,,,,,,,,,,,,,,,,,,,,,,,,,,,,,
W2111619626,Computer Science,"Internet of Things (IoT): A vision, architectural elements, and future directions",2013,https://doi.org/10.1016/j.future.2013.01.010,Pending,,,,,,,https://doi.org/10.1016/j.future.2013.01.010,,,,,,,,,,,,,,,,,,,,,,,,,,,,,
W2071707134,Computer Science,Cognitive radio: brain-empowered wireless communications,2005,https://doi.org/10.1109/jsac.2004.839380,Pending,,,,,,,https://doi.org/10.1109/jsac.2004.839380,,,,,,,,,,,,,,,,,,,,,,,,,,,,,
W2107941094,Computer Science,Ant system: optimization by a colony of cooperating agents,1996,https://doi.org/10.1109/3477.484436,Pending,,,,,,,https://doi.org/10.1109/3477.484436,,,,,,,,,,,,,,,,,,,,,,,,,,,,,
W2147800946,Computer Science,Backpropagation Applied to Handwritten Zip Code Recognition,1989,https://doi.org/10.1162/neco.1989.1.4.541,Pending,,,,,,,https://doi.org/10.1162/neco.1989.1.4.541,,,,,,,,,,,,,,,,,,,,,,,,,,,,,
W2040870580,Computer Science,The perceptron: A probabilistic model for information storage and organization in the brain.,1958,https://doi.org/10.1037/h0042519,Pending,,,,,,,https://doi.org/10.1037/h0042519,,,,,,,,,,,,,,,,,,,,,,,,,,,,,
W2054141820,Computer Science,Matrix Factorization Techniques for Recommender Systems,2009,https://doi.org/10.1109/mc.2009.263,Pending,,,,,,,https://doi.org/10.1109/mc.2009.263,,,,,,,,,,,,,,,,,,,,,,,,,,,,,
W2121647436,Computer Science,Eigenfaces vs. Fisherfaces: recognition using class specific linear projection,1997,https://doi.org/10.1109/34.598228,Pending,,,,,,,https://doi.org/10.1109/34.598228,,,,,,,,,,,,,,,,,,,,,,,,,,,,,
W1774460361,Computer Science,The partial least squares approach for structural equation modeling.,1998,,Pending,,,,,,,https://openalex.org/W1774460361,,,,,,,,,,,,,,,,,,,,,,,,,,,,,
W2158196600,Computer Science,Multimodel Inference,2004,https://doi.org/10.1177/0049124104268644,Pending,,,,,,,https://doi.org/10.1177/0049124104268644,,,,,,,,,,,,,,,,,,,,,,,,,,,,,
W2117140276,Computer Science,AFNI: Software for Analysis and Visualization of Functional Magnetic Resonance Neuroimages,1996,https://doi.org/10.1006/cbmr.1996.0014,Pending,,,,,,,https://doi.org/10.1006/cbmr.1996.0014,,,,,,,,,,,,,,,,,,,,,,,,,,,,,
W2128438887,Computer Science,An index to quantify an individual's scientific research output,2005,https://doi.org/10.1073/pnas.0507655102,Pending,,,,,,,https://doi.org/10.1073/pnas.0507655102,,,,,,,,,,,,,,,,,,,,,,,,,,,,,
W3103145119,Computer Science,SciPy 1.0: fundamental algorithms for scientific computing in Python,2019,https://doi.org/10.17863/cam.64134,Pending,,,,,,,https://doi.org/10.17863/cam.64134,,,,,,,,,,,,,,,,,,,,,,,,,,,,,
W1660390307,Computer Science,Modern Information Retrieval,1999,,Pending,,,,,,,https://openalex.org/W1660390307,,,,,,,,,,,,,,,,,,,,,,,,,,,,,
W1766888123,Computer Science,Discrete-Time Signal Processing,1989,,Pending,,,,,,,https://openalex.org/W1766888123,,,,,,,,,,,,,,,,,,,,,,,,,,,,,
W2160337655,Computer Science,A tutorial on particle filters for online nonlinear/non-Gaussian Bayesian tracking,2002,https://doi.org/10.1109/78.978374,Pending,,,,,,,https://doi.org/10.1109/78.978374,,,,,,,,,,,,,,,,,,,,,,,,,,,,,
W2109255472,Computer Science,Spatial Pyramid Pooling in Deep Convolutional Networks for Visual Recognition,2015,https://doi.org/10.1109/tpami.2015.2389824,Pending,,,,,,,https://doi.org/10.1109/tpami.2015.2389824,,,,,,,,,,,,,,,,,,,,,,,,,,,,,
W2067191022,Computer Science,Mean shift: a robust approach toward feature space analysis,2002,https://doi.org/10.1109/34.1000236,Pending,,,,,,,https://doi.org/10.1109/34.1000236,,,,,,,,,,,,,,,,,,,,,,,,,,,,,
W2128272608,Computer Science,A model of saliency-based visual attention for rapid scene analysis,1998,https://doi.org/10.1109/34.730558,Pending,,,,,,,https://doi.org/10.1109/34.730558,,,,,,,,,,,,,,,,,,,,,,,,,,,,,
W2122646361,Computer Science,Anomaly detection,2009,https://doi.org/10.1145/1541880.1541882,Pending,,,,,,,https://doi.org/10.1145/1541880.1541882,,,,,,,,,,,,,,,,,,,,,,,,,,,,,
W3146166473,Computer Science,Time Series Analysis.,1995,https://doi.org/10.2307/2076916,Pending,,,,,,,https://doi.org/10.2307/2076916,,,,,,,,,,,,,,,,,,,,,,,,,,,,,
W1565746575,Computer Science,Statistical Comparisons of Classifiers over Multiple Data Sets,2006,,Pending,,,,,,,https://openalex.org/W1565746575,,,,,,,,,,,,,,,,,,,,,,,,,,,,,
W2395611524,Computer Science,Fully Convolutional Networks for Semantic Segmentation,2016,https://doi.org/10.1109/tpami.2016.2572683,Pending,,,,,,,https://doi.org/10.1109/tpami.2016.2572683,,,,,,,,,,,,,,,,,,,,,,,,,,,,,
W2899771611,Computer Science,Automatic differentiation in PyTorch,2017,,Pending,,,,,,,https://openalex.org/W2899771611,,,,,,,,,,,,,,,,,,,,,,,,,,,,,
W103650626,Computer Science,Practical Nonparametric Statistics,2000,https://doi.org/10.2307/1271101,Pending,,,,,,,https://doi.org/10.2307/1271101,,,,,,,,,,,,,,,,,,,,,,,,,,,,,
W2146292423,Computer Science,The NumPy Array: A Structure for Efficient Numerical Computation,2011,https://doi.org/10.1109/mcse.2011.37,Pending,,,,,,,https://doi.org/10.1109/mcse.2011.37,,,,,,,,,,,,,,,,,,,,,,,,,,,,,
W2140153041,Computer Science,GMRES: A Generalized Minimal Residual Algorithm for Solving Nonsymmetric Linear Systems,1986,https://doi.org/10.1137/0907058,Pending,,,,,,,https://doi.org/10.1137/0907058,,,,,,,,,,,,,,,,,,,,,,,,,,,,,
W2142238829,Computer Science,SExtractor: Software for source extraction,1996,https://doi.org/10.1051/aas:1996164,Pending,,,,,,,https://doi.org/10.1051/aas:1996164,,,,,,,,,,,,,,,,,,,,,,,,,,,,,
W2071881327,Computer Science,Fast robust automated brain extraction,2002,https://doi.org/10.1002/hbm.10062,Pending,,,,,,,https://doi.org/10.1002/hbm.10062,,,,,,,,,,,,,,,,,,,,,,,,,,,,,
W2158534713,Computer Science,Automated docking using a Lamarckian genetic algorithm and an empirical binding free energy function,1998,https://doi.org/10.1002/(sici)1096-987x(19981115)19:14<1639::aid-jcc10>3.0.co;2-b,Pending,,,,,,,https://doi.org/10.1002/(sici)1096-987x(19981115)19:14<1639::aid-jcc10>3.0.co;2-b,,,,,,,,,,,,,,,,,,,,,,,,,,,,,
W2239306219,Computer Science,Comparison of Convenience Sampling and Purposive Sampling,2016,https://doi.org/10.11648/j.ajtas.20160501.11,Pending,,,,,,,https://doi.org/10.11648/j.ajtas.20160501.11,,,,,,,,,,,,,,,,,,,,,,,,,,,,,
W2097210817,Computer Science,"Digital Natives, Digital Immigrants Part 1",2001,https://doi.org/10.1108/10748120110424816,Pending,,,,,,,https://doi.org/10.1108/10748120110424816,,,,,,,,,,,,,,,,,,,,,,,,,,,,,
W1484413656,Computer Science,Fast algorithms for mining association rules,1998,,Pending,,,,,,,https://openalex.org/W1484413656,,,,,,,,,,,,,,,,,,,,,,,,,,,,,
W1680392829,Computer Science,A Study of Cross-Validation and Bootstrap for Accuracy Estimation and Model Selection,1995,https://doi.org/10.5281/zenodo.19712698,Pending,,,,,,,https://doi.org/10.5281/zenodo.19712698,,,,,,,,,,,,,,,,,,,,,,,,,,,,,
W2623293810,Computer Science,Artificial intelligence: A modern approach,1996,https://doi.org/10.1016/0004-3702(96)00007-0,Pending,,,,,,,https://doi.org/10.1016/0004-3702(96)00007-0,,,,,,,,,,,,,,,,,,,,,,,,,,,,,
W2052644075,Computer Science,Improved Optimization for the Robust and Accurate Linear Registration and Motion Correction of Brain Images,2002,https://doi.org/10.1016/s1053-8119(02)91132-8,Pending,,,,,,,https://doi.org/10.1016/s1053-8119(02)91132-8,,,,,,,,,,,,,,,,,,,,,,,,,,,,,
W2128765501,Computer Science,Low-density parity-check codes,1962,https://doi.org/10.1109/tit.1962.1057683,Pending,,,,,,,https://doi.org/10.1109/tit.1962.1057683,,,,,,,,,,,,,,,,,,,,,,,,,,,,,
W2104846640,Computer Science,An application-specific protocol architecture for wireless microsensor networks,2002,https://doi.org/10.1109/twc.2002.804190,Pending,,,,,,,https://doi.org/10.1109/twc.2002.804190,,,,,,,,,,,,,,,,,,,,,,,,,,,,,
W2001930367,Computer Science,Dynamical Theory of Crystal Lattices,1955,https://doi.org/10.1119/1.1934059,Pending,,,,,,,https://doi.org/10.1119/1.1934059,,,,,,,,,,,,,,,,,,,,,,,,,,,,,
W1996109622,Computer Science,"Petri nets: Properties, analysis and applications",1989,https://doi.org/10.1109/5.24143,Pending,,,,,,,https://doi.org/10.1109/5.24143,,,,,,,,,,,,,,,,,,,,,,,,,,,,,
W2084812512,Computer Science,UCI Repository of machine learning databases,1998,,Pending,,,,,,,https://openalex.org/W2084812512,,,,,,,,,,,,,,,,,,,,,,,,,,,,,
W2118020555,Computer Science,On Estimation of a Probability Density Function and Mode,1962,https://doi.org/10.1214/aoms/1177704472,Pending,,,,,,,https://doi.org/10.1214/aoms/1177704472,,,,,,,,,,,,,,,,,,,,,,,,,,,,,
W1969761972,Computer Science,R: A Language for Data Analysis and Graphics,1996,https://doi.org/10.1080/10618600.1996.10474713,Pending,,,,,,,https://doi.org/10.1080/10618600.1996.10474713,,,,,,,,,,,,,,,,,,,,,,,,,,,,,
W2160643434,Computer Science,Consensus and Cooperation in Networked Multi-Agent Systems,2007,https://doi.org/10.1109/jproc.2006.887293,Pending,,,,,,,https://doi.org/10.1109/jproc.2006.887293,,,,,,,,,,,,,,,,,,,,,,,,,,,,,
W2160815625,Computer Science,Deep Neural Networks for Acoustic Modeling in Speech Recognition: The Shared Views of Four Research Groups,2012,https://doi.org/10.1109/msp.2012.2205597,Pending,,,,,,,https://doi.org/10.1109/msp.2012.2205597,,,,,,,,,,,,,,,,,,,,,,,,,,,,,
W2116040950,Computer Science,Active contours without edges,2001,https://doi.org/10.1109/83.902291,Pending,,,,,,,https://doi.org/10.1109/83.902291,,,,,,,,,,,,,,,,,,,,,,,,,,,,,
W1971937094,Computer Science,A Set of Measures of Centrality Based on Betweenness,1977,https://doi.org/10.2307/3033543,Pending,,,,,,,https://doi.org/10.2307/3033543,,,,,,,,,,,,,,,,,,,,,,,,,,,,,
W2171960770,Computer Science,Toward the next generation of recommender systems: a survey of the state-of-the-art and possible extensions,2005,https://doi.org/10.1109/tkde.2005.99,Pending,,,,,,,https://doi.org/10.1109/tkde.2005.99,,,,,,,,,,,,,,,,,,,,,,,,,,,,,
W2330820318,Computer Science,Classification and regression trees,1985,https://doi.org/10.1016/0377-2217(85)90321-2,Pending,,,,,,,https://doi.org/10.1016/0377-2217(85)90321-2,,,,,,,,,,,,,,,,,,,,,,,,,,,,,
W2131774270,Computer Science,Bidirectional recurrent neural networks,1997,https://doi.org/10.1109/78.650093,Pending,,,,,,,https://doi.org/10.1109/78.650093,,,,,,,,,,,,,,,,,,,,,,,,,,,,,
W3120421331,Computer Science,Libsvm : A library for support vector machines,2008,,Pending,,,,,,,https://openalex.org/W3120421331,,,,,,,,,,,,,,,,,,,,,,,,,,,,,
W2087064593,Computer Science,Identification of common molecular subsequences,1981,https://doi.org/10.1016/0022-2836(81)90087-5,Pending,,,,,,,https://doi.org/10.1016/0022-2836(81)90087-5,,,,,,,,,,,,,,,,,,,,,,,,,,,,,
W3037737784,Computer Science,Quantum entanglement,2009,https://doi.org/10.1103/revmodphys.81.865,Pending,,,,,,,https://doi.org/10.1103/revmodphys.81.865,,,,,,,,,,,,,,,,,,,,,,,,,,,,,
W2168356304,Computer Science,Object Detection with Discriminatively Trained Part-Based Models,2009,https://doi.org/10.1109/tpami.2009.167,Pending,,,,,,,https://doi.org/10.1109/tpami.2009.167,,,,,,,,,,,,,,,,,,,,,,,,,,,,,
W2152150600,Computer Science,Genetic Algorithms in Search,1989,,Pending,,,,,,,https://openalex.org/W2152150600,,,,,,,,,,,,,,,,,,,,,,,,,,,,,
W1985588649,Computer Science,"Glide:  A New Approach for Rapid, Accurate Docking and Scoring. 1. Method and Assessment of Docking Accuracy",2004,https://doi.org/10.1021/jm0306430,Pending,,,,,,,https://doi.org/10.1021/jm0306430,,,,,,,,,,,,,,,,,,,,,,,,,,,,,
W1574901103,Computer Science,Foundations of statistical natural language processing,1999,,Pending,,,,,,,https://openalex.org/W1574901103,,,,,,,,,,,,,,,,,,,,,,,,,,,,,
W1578285471,Computer Science,Determining optical flow,1981,https://doi.org/10.1016/0004-3702(81)90024-2,Pending,,,,,,,https://doi.org/10.1016/0004-3702(81)90024-2,,,,,,,,,,,,,,,,,,,,,,,,,,,,,
W2019413183,Computer Science,"<b>Introduction to functional grammar</b> . By M. A. K. Halliday London &amp; Baltimore: Edward Arnold, 1985. Pp. xxxv, 387.",1989,https://doi.org/10.2307/414947,Pending,,,,,,,https://doi.org/10.2307/414947,,,,,,,,,,,,,,,,,,,,,,,,,,,,,
W1885185971,Computer Science,Image Super-Resolution Using Deep Convolutional Networks,2015,https://doi.org/10.1109/tpami.2015.2439281,Pending,,,,,,,https://doi.org/10.1109/tpami.2015.2439281,,,,,,,,,,,,,,,,,,,,,,,,,,,,,
W2118978333,Computer Science,Learning from Imbalanced Data,2009,https://doi.org/10.1109/tkde.2008.239,Pending,,,,,,,https://doi.org/10.1109/tkde.2008.239,,,,,,,,,,,,,,,,,,,,,,,,,,,,,
W2162098634,Computer Science,Primer3—new capabilities and interfaces,2012,https://doi.org/10.1093/nar/gks596,Pending,,,,,,,https://doi.org/10.1093/nar/gks596,,,,,,,,,,,,,,,,,,,,,,,,,,,,,
W2493916176,Computer Science,Enriching Word Vectors with Subword Information,2017,https://doi.org/10.1162/tacl_a_00051,Pending,,,,,,,https://doi.org/10.1162/tacl_a_00051,,,,,,,,,,,,,,,,,,,,,,,,,,,,,
W2001771035,Computer Science,I.—COMPUTING MACHINERY AND INTELLIGENCE,1950,https://doi.org/10.1093/mind/lix.236.433,Pending,,,,,,,https://doi.org/10.1093/mind/lix.236.433,,,,,,,,,,,,,,,,,,,,,,,,,,,,,
W1901616594,Computer Science,"Machine learning: Trends, perspectives, and prospects",2015,https://doi.org/10.1126/science.aaa8415,Pending,,,,,,,https://doi.org/10.1126/science.aaa8415,,,,,,,,,,,,,,,,,,,,,,,,,,,,,
W2074932610,Computer Science,Beyond Baron and Kenny: Statistical Mediation Analysis in the New Millennium,2009,https://doi.org/10.1080/03637750903310360,Pending,,,,,,,https://doi.org/10.1080/03637750903310360,,,,,,,,,,,,,,,,,,,,,,,,,,,,,
W2122122381,Computer Science,A Survey of Augmented Reality,1997,https://doi.org/10.1162/pres.1997.6.4.355,Pending,,,,,,,https://doi.org/10.1162/pres.1997.6.4.355,,,,,,,,,,,,,,,,,,,,,,,,,,,,,
W2884561390,Computer Science,Focal Loss for Dense Object Detection,2018,https://doi.org/10.1109/tpami.2018.2858826,Pending,,,,,,,https://doi.org/10.1109/tpami.2018.2858826,,,,,,,,,,,,,,,,,,,,,,,,,,,,,
W2143381319,Computer Science,MOEA/D: A Multiobjective Evolutionary Algorithm Based on Decomposition,2007,https://doi.org/10.1109/tevc.2007.892759,Pending,,,,,,,https://doi.org/10.1109/tevc.2007.892759,,,,,,,,,,,,,,,,,,,,,,,,,,,,,
W4235770099,Computer Science,Improved Optimization for the Robust and Accurate Linear Registration and Motion Correction of Brain Images,2002,https://doi.org/10.1006/nimg.2002.1132,Pending,,,,,,,https://doi.org/10.1006/nimg.2002.1132,,,,,,,,,,,,,,,,,,,,,,,,,,,,,
W2883251903,Computer Science,ape 5.0: an environment for modern phylogenetics and evolutionary analyses in R,2018,https://doi.org/10.1093/bioinformatics/bty633,Pending,,,,,,,https://doi.org/10.1093/bioinformatics/bty633,,,,,,,,,,,,,,,,,,,,,,,,,,,,,
W2146842127,Computer Science,De-noising by soft-thresholding,1995,https://doi.org/10.1109/18.382009,Pending,,,,,,,https://doi.org/10.1109/18.382009,,,,,,,,,,,,,,,,,,,,,,,,,,,,,
W1978394996,Computer Science,Term-weighting approaches in automatic text retrieval,1988,https://doi.org/10.1016/0306-4573(88)90021-0,Pending,,,,,,,https://doi.org/10.1016/0306-4573(88)90021-0,,,,,,,,,,,,,,,,,,,,,,,,,,,,,
W1555915743,Computer Science,Computer Architecture: A Quantitative Approach,1989,,Pending,,,,,,,https://openalex.org/W1555915743,,,,,,,,,,,,,,,,,,,,,,,,,,,,,
W65738273,Computer Science,Self-organized formation of topologically correct feature maps,1982,https://doi.org/10.1007/bf00337288,Pending,,,,,,,https://doi.org/10.1007/bf00337288,,,,,,,,,,,,,,,,,,,,,,,,,,,,,
W2907492528,Computer Science,A Comprehensive Survey on Graph Neural Networks,2020,https://doi.org/10.1109/tnnls.2020.2978386,Pending,,,,,,,https://doi.org/10.1109/tnnls.2020.2978386,,,,,,,,,,,,,,,,,,,,,,,,,,,,,
W2768348081,Computer Science,LightGBM: A Highly Efficient Gradient Boosting Decision Tree,2017,,Pending,,,,,,,https://openalex.org/W2768348081,,,,,,,,,,,,,,,,,,,,,,,,,,,,,
W2116341502,Computer Science,The Graph Neural Network Model,2008,https://doi.org/10.1109/tnn.2008.2005605,Pending,,,,,,,https://doi.org/10.1109/tnn.2008.2005605,,,,,,,,,,,,,,,,,,,,,,,,,,,,,
W1655990431,Computer Science,The Design and Analysis of Computer Algorithms,1974,,Pending,,,,,,,https://openalex.org/W1655990431,,,,,,,,,,,,,,,,,,,,,,,,,,,,,
W2152254020,Computer Science,Determining Lyapunov exponents from a time series,1985,https://doi.org/10.1016/0167-2789(85)90011-9,Pending,,,,,,,https://doi.org/10.1016/0167-2789(85)90011-9,,,,,,,,,,,,,,,,,,,,,,,,,,,,,
W1596717185,Computer Science,Least Squares Support Vector Machine Classifiers,1999,https://doi.org/10.1023/a:1018628609742,Pending,,,,,,,https://doi.org/10.1023/a:1018628609742,,,,,,,,,,,,,,,,,,,,,,,,,,,,,
W2945976633,Computer Science,Stop explaining black box machine learning models for high stakes decisions and use interpretable models instead,2019,https://doi.org/10.1038/s42256-019-0048-x,Pending,,,,,,,https://doi.org/10.1038/s42256-019-0048-x,,,,,,,,,,,,,,,,,,,,,,,,,,,,,
W1506285740,Computer Science,Fast Algorithms for Mining Association Rules in Large Databases,1994,,Pending,,,,,,,https://openalex.org/W1506285740,,,,,,,,,,,,,,,,,,,,,,,,,,,,,
W2999615587,Computer Science,From local explanations to global understanding with explainable AI for trees,2020,https://doi.org/10.1038/s42256-019-0138-9,Pending,,,,,,,https://doi.org/10.1038/s42256-019-0138-9,,,,,,,,,,,,,,,,,,,,,,,,,,,,,
W3146803896,Computer Science,Multilayer feedforward networks are universal approximators,1989,https://doi.org/10.5555/70405.70408,Pending,,,,,,,https://doi.org/10.5555/70405.70408,,,,,,,,,,,,,,,,,,,,,,,,,,,,,
W2109394932,Computer Science,Communication Theory of Secrecy Systems*,1949,https://doi.org/10.1002/j.1538-7305.1949.tb00928.x,Pending,,,,,,,https://doi.org/10.1002/j.1538-7305.1949.tb00928.x,,,,,,,,,,,,,,,,,,,,,,,,,,,,,
W2342091124,Computer Science,Usability Engineering,1993,,Pending,,,,,,,https://openalex.org/W2342091124,,,,,,,,,,,,,,,,,,,,,,,,,,,,,
W1503398984,Computer Science,Machine learning a probabilistic perspective,2012,,Pending,,,,,,,https://openalex.org/W1503398984,,,,,,,,,,,,,,,,,,,,,,,,,,,,,
W2135894974,Computer Science,Nonparametric statistical testing of EEG- and MEG-data,2007,https://doi.org/10.1016/j.jneumeth.2007.03.024,Pending,,,,,,,https://doi.org/10.1016/j.jneumeth.2007.03.024,,,,,,,,,,,,,,,,,,,,,,,,,,,,,
W2981731882,Computer Science,"Explainable Artificial Intelligence (XAI): Concepts, taxonomies, opportunities and challenges toward responsible AI",2019,https://doi.org/10.1016/j.inffus.2019.12.012,Pending,,,,,,,https://doi.org/10.1016/j.inffus.2019.12.012,,,,,,,,,,,,,,,,,,,,,,,,,,,,,
W2011430131,Computer Science,Data clustering: 50 years beyond K-means,2009,https://doi.org/10.1016/j.patrec.2009.09.011,Pending,,,,,,,https://doi.org/10.1016/j.patrec.2009.09.011,,,,,,,,,,,,,,,,,,,,,,,,,,,,,
W2766447205,Computer Science,Mastering the game of Go without human knowledge,2017,https://doi.org/10.1038/nature24270,Pending,,,,,,,https://doi.org/10.1038/nature24270,,,,,,,,,,,,,,,,,,,,,,,,,,,,,
W2056370875,Computer Science,Image Denoising by Sparse 3-D Transform-Domain Collaborative Filtering,2007,https://doi.org/10.1109/tip.2007.901238,Pending,,,,,,,https://doi.org/10.1109/tip.2007.901238,,,,,,,,,,,,,,,,,,,,,,,,,,,,,
W2108384452,Computer Science,An Information-Maximization Approach to Blind Separation and Blind Deconvolution,1995,https://doi.org/10.1162/neco.1995.7.6.1129,Pending,,,,,,,https://doi.org/10.1162/neco.1995.7.6.1129,,,,,,,,,,,,,,,,,,,,,,,,,,,,,
W2168078104,Computer Science,Cognitive radio: making software radios more personal,1999,https://doi.org/10.1109/98.788210,Pending,,,,,,,https://doi.org/10.1109/98.788210,,,,,,,,,,,,,,,,,,,,,,,,,,,,,
W2118246710,Computer Science,SLIC Superpixels Compared to State-of-the-Art Superpixel Methods,2012,https://doi.org/10.1109/tpami.2012.120,Pending,,,,,,,https://doi.org/10.1109/tpami.2012.120,,,,,,,,,,,,,,,,,,,,,,,,,,,,,
W2127890285,Computer Science,User-guided 3D active contour segmentation of anatomical structures: Significantly improved efficiency and reliability,2006,https://doi.org/10.1016/j.neuroimage.2006.01.015,Pending,,,,,,,https://doi.org/10.1016/j.neuroimage.2006.01.015,,,,,,,,,,,,,,,,,,,,,,,,,,,,,
W2004293194,Computer Science,Whole Brain Segmentation,2002,https://doi.org/10.1016/s0896-6273(02)00569-x,Pending,,,,,,,https://doi.org/10.1016/s0896-6273(02)00569-x,,,,,,,,,,,,,,,,,,,,,,,,,,,,,
W2114296561,Computer Science,A view of cloud computing,2010,https://doi.org/10.1145/1721654.1721672,Pending,,,,,,,https://doi.org/10.1145/1721654.1721672,,,,,,,,,,,,,,,,,,,,,,,,,,,,,
W32403112,Computer Science,Q-learning,1992,https://doi.org/10.1007/bf00992698,Pending,,,,,,,https://doi.org/10.1007/bf00992698,,,,,,,,,,,,,,,,,,,,,,,,,,,,,
W1977775666,Computer Science,Evaluating the use of exploratory factor analysis in psychological research.,1999,https://doi.org/10.1037/1082-989x.4.3.272,Pending,,,,,,,https://doi.org/10.1037/1082-989x.4.3.272,,,,,,,,,,,,,,,,,,,,,,,,,,,,,
W2017337590,Computer Science,Wrappers for feature subset selection,1997,https://doi.org/10.1016/s0004-3702(97)00043-x,Pending,,,,,,,https://doi.org/10.1016/s0004-3702(97)00043-x,,,,,,,,,,,,,,,,,,,,,,,,,,,,,
W2051224630,Computer Science,A Cluster Separation Measure,1979,https://doi.org/10.1109/tpami.1979.4766909,Pending,,,,,,,https://doi.org/10.1109/tpami.1979.4766909,,,,,,,,,,,,,,,,,,,,,,,,,,,,,
W2169245194,Computer Science,"The particle swarm - explosion, stability, and convergence in a multidimensional complex space",2002,https://doi.org/10.1109/4235.985692,Pending,,,,,,,https://doi.org/10.1109/4235.985692,,,,,,,,,,,,,,,,,,,,,,,,,,,,,
W2508457857,Computer Science,Beyond a Gaussian Denoiser: Residual Learning of Deep CNN for Image Denoising,2017,https://doi.org/10.1109/tip.2017.2662206,Pending,,,,,,,https://doi.org/10.1109/tip.2017.2662206,,,,,,,,,,,,,,,,,,,,,,,,,,,,,
W3014974815,Computer Science,nnU-Net: a self-configuring method for deep learning-based biomedical image segmentation,2020,https://doi.org/10.1038/s41592-020-01008-z,Pending,,,,,,,https://doi.org/10.1038/s41592-020-01008-z,,,,,,,,,,,,,,,,,,,,,,,,,,,,,
W2767891136,Computer Science,DrugBank 5.0: a major update to the DrugBank database for 2018,2017,https://doi.org/10.1093/nar/gkx1037,Pending,,,,,,,https://doi.org/10.1093/nar/gkx1037,,,,,,,,,,,,,,,,,,,,,,,,,,,,,
W2107726111,Computer Science,Reinforcement Learning: A Survey,1996,https://doi.org/10.1613/jair.301,Pending,,,,,,,https://doi.org/10.1613/jair.301,,,,,,,,,,,,,,,,,,,,,,,,,,,,,
W2056132907,Computer Science,Extremely randomized trees,2006,https://doi.org/10.1007/s10994-006-6226-1,Pending,,,,,,,https://doi.org/10.1007/s10994-006-6226-1,,,,,,,,,,,,,,,,,,,,,,,,,,,,,
W2123649031,Computer Science,Independent component analysis: algorithms and applications,2000,https://doi.org/10.1016/s0893-6080(00)00026-5,Pending,,,,,,,https://doi.org/10.1016/s0893-6080(00)00026-5,,,,,,,,,,,,,,,,,,,,,,,,,,,,,
W2041280856,Computer Science,Outline of a New Approach to the Analysis of Complex Systems and Decision Processes,1973,https://doi.org/10.1109/tsmc.1973.5408575,Pending,,,,,,,https://doi.org/10.1109/tsmc.1973.5408575,,,,,,,,,,,,,,,,,,,,,,,,,,,,,
W41554520,Computer Science,Reinforcement Learning: An Introduction,2000,https://doi.org/10.1016/s0925-2312(00)00324-6,Pending,,,,,,,https://doi.org/10.1016/s0925-2312(00)00324-6,,,,,,,,,,,,,,,,,,,,,,,,,,,,,
W2106334424,Computer Science,Multiobjective evolutionary algorithms: a comparative case study and the strength Pareto approach,1999,https://doi.org/10.1109/4235.797969,Pending,,,,,,,https://doi.org/10.1109/4235.797969,,,,,,,,,,,,,,,,,,,,,,,,,,,,,
W2162598825,Computer Science,Performance analysis of the IEEE 802.11 distributed coordination function,2000,https://doi.org/10.1109/49.840210,Pending,,,,,,,https://doi.org/10.1109/49.840210,,,,,,,,,,,,,,,,,,,,,,,,,,,,,
W2146502635,Computer Science,Adaptive Subgradient Methods for Online Learning and Stochastic Optimization,2010,,Pending,,,,,,,https://openalex.org/W2146502635,,,,,,,,,,,,,,,,,,,,,,,,,,,,,
W2128978199,Computer Science,The Theory of Matrices,1984,,Pending,,,,,,,https://openalex.org/W2128978199,,,,,,,,,,,,,,,,,,,,,,,,,,,,,
W4233857083,Computer Science,Marching cubes: A high resolution 3D surface construction algorithm,1987,https://doi.org/10.1145/37402.37422,Pending,,,,,,,https://doi.org/10.1145/37402.37422,,,,,,,,,,,,,,,,,,,,,,,,,,,,,
W2107878631,Computer Science,Learning long-term dependencies with gradient descent is difficult,1994,https://doi.org/10.1109/72.279181,Pending,,,,,,,https://doi.org/10.1109/72.279181,,,,,,,,,,,,,,,,,,,,,,,,,,,,,
W2159024459,Computer Science,k-ANONYMITY: A MODEL FOR PROTECTING PRIVACY,2002,https://doi.org/10.1142/s0218488502001648,Pending,,,,,,,https://doi.org/10.1142/s0218488502001648,,,,,,,,,,,,,,,,,,,,,,,,,,,,,
W4239696231,Computer Science,The Semantic Web,2001,https://doi.org/10.1038/scientificamerican0501-34,Pending,,,,,,,https://doi.org/10.1038/scientificamerican0501-34,,,,,,,,,,,,,,,,,,,,,,,,,,,,,
W2119567691,Computer Science,Markov Decision Processes: Discrete Stochastic Dynamic Programming.,1995,https://doi.org/10.2307/2291177,Pending,,,,,,,https://doi.org/10.2307/2291177,,,,,,,,,,,,,,,,,,,,,,,,,,,,,
W3137220996,Computer Science,"Time, clocks, and the ordering of events in a distributed system",1978,https://doi.org/10.1145/359545.359563,Pending,,,,,,,https://doi.org/10.1145/359545.359563,,,,,,,,,,,,,,,,,,,,,,,,,,,,,
W2147118406,Computer Science,OpenFlow,2008,https://doi.org/10.1145/1355734.1355746,Pending,,,,,,,https://doi.org/10.1145/1355734.1355746,,,,,,,,,,,,,,,,,,,,,,,,,,,,,
W1601795611,Computer Science,Pattern Recognition and Machine Learning,2007,https://doi.org/10.1108/03684920710743466,Pending,,,,,,,https://doi.org/10.1108/03684920710743466,,,,,,,,,,,,,,,,,,,,,,,,,,,,,
W2110065044,Mathematics,Controlling the False Discovery Rate: A Practical and Powerful Approach to Multiple Testing,1995,https://doi.org/10.1111/j.2517-6161.1995.tb02031.x,Pending,,,,,,,https://doi.org/10.1111/j.2517-6161.1995.tb02031.x,,,,,,,,,,,,,,,,,,,,,,,,,,,,,
W1484864026,Mathematics,Using multivariate statistics,1983,,Pending,,,,,,,https://openalex.org/W1484864026,,,,,,,,,,,,,,,,,,,,,,,,,,,,,
W2135046866,Mathematics,Regression Shrinkage and Selection Via the Lasso,1996,https://doi.org/10.1111/j.2517-6161.1996.tb02080.x,Pending,,,,,,,https://doi.org/10.1111/j.2517-6161.1996.tb02080.x,,,,,,,,,,,,,,,,,,,,,,,,,,,,,
W2120062331,Mathematics,Handbook of Mathematical Functions,1966,https://doi.org/10.1119/1.1972842,Pending,,,,,,,https://doi.org/10.1119/1.1972842,,,,,,,,,,,,,,,,,,,,,,,,,,,,,
W4293241248,Mathematics,Nonparametric Estimation from Incomplete Observations,1958,https://doi.org/10.1080/01621459.1958.10501452,Pending,,,,,,,https://doi.org/10.1080/01621459.1958.10501452,,,,,,,,,,,,,,,,,,,,,,,,,,,,,
W2072500831,Mathematics,Statistical power analyses using G*Power 3.1: Tests for correlation and regression analyses,2009,https://doi.org/10.3758/brm.41.4.1149,Pending,,,,,,,https://doi.org/10.3758/brm.41.4.1149,,,,,,,,,,,,,,,,,,,,,,,,,,,,,
W3015634246,Mathematics,Multivariate Data Analysis.,1973,https://doi.org/10.2307/2344428,Pending,,,,,,,https://doi.org/10.2307/2344428,,,,,,,,,,,,,,,,,,,,,,,,,,,,,
W2150291618,Mathematics,The central role of the propensity score in observational studies for causal effects,1983,https://doi.org/10.1093/biomet/70.1.41,Pending,,,,,,,https://doi.org/10.1093/biomet/70.1.41,,,,,,,,,,,,,,,,,,,,,,,,,,,,,
W1595159159,Mathematics,Differential Evolution – A Simple and Efficient Heuristic for global Optimization over Continuous Spaces,1997,https://doi.org/10.1023/a:1008202821328,Pending,,,,,,,https://doi.org/10.1023/a:1008202821328,,,,,,,,,,,,,,,,,,,,,,,,,,,,,
W2171074980,Mathematics,A Simplex Method for Function Minimization,1965,https://doi.org/10.1093/comjnl/7.4.308,Pending,,,,,,,https://doi.org/10.1093/comjnl/7.4.308,,,,,,,,,,,,,,,,,,,,,,,,,,,,,
W4292157289,Mathematics,Judgment under Uncertainty: Heuristics and Biases,1974,https://doi.org/10.1126/science.185.4157.1124,Pending,,,,,,,https://doi.org/10.1126/science.185.4157.1124,,,,,,,,,,,,,,,,,,,,,,,,,,,,,
W2108818539,Mathematics,A Heteroskedasticity-Consistent Covariance Matrix Estimator and a Direct Test for Heteroskedasticity,1980,https://doi.org/10.2307/1912934,Pending,,,,,,,https://doi.org/10.2307/1912934,,,,,,,,,,,,,,,,,,,,,,,,,,,,,
W1992193527,Mathematics,Alternative Ways of Assessing Model Fit,1992,https://doi.org/10.1177/0049124192021002005,Pending,,,,,,,https://doi.org/10.1177/0049124192021002005,,,,,,,,,,,,,,,,,,,,,,,,,,,,,
W2018201949,Mathematics,Comparative fit indexes in structural models.,1990,https://doi.org/10.1037/0033-2909.107.2.238,Pending,,,,,,,https://doi.org/10.1037/0033-2909.107.2.238,,,,,,,,,,,,,,,,,,,,,,,,,,,,,
W2774486220,Mathematics,<b>lmerTest</b> Package: Tests in Linear Mixed Effects Models,2017,https://doi.org/10.18637/jss.v082.i13,Pending,,,,,,,https://doi.org/10.18637/jss.v082.i13,,,,,,,,,,,,,,,,,,,,,,,,,,,,,
W2127218421,Mathematics,Some methods for classification and analysis of multivariate observations,1967,,Pending,,,,,,,https://openalex.org/W2127218421,,,,,,,,,,,,,,,,,,,,,,,,,,,,,
W2328176404,Mathematics,Comparing the Areas under Two or More Correlated Receiver Operating Characteristic Curves: A Nonparametric Approach,1988,https://doi.org/10.2307/2531595,Pending,,,,,,,https://doi.org/10.2307/2531595,,,,,,,,,,,,,,,,,,,,,,,,,,,,,
W1992897439,Mathematics,Principles and procedures of statistics.,1960,,Pending,,,,,,,https://openalex.org/W1992897439,,,,,,,,,,,,,,,,,,,,,,,,,,,,,
W1663973292,Mathematics,Pattern Recognition and Machine Learning,2007,https://doi.org/10.1117/1.2819119,Pending,,,,,,,https://doi.org/10.1117/1.2819119,,,,,,,,,,,,,,,,,,,,,,,,,,,,,
W2121044470,Mathematics,A Simple Sequentially Rejective Multiple Test Procedure,1979,https://doi.org/10.2307/4615733,Pending,,,,,,,https://doi.org/10.2307/4615733,,,,,,,,,,,,,,,,,,,,,,,,,,,,,
W2141394518,Mathematics,Deterministic Nonperiodic Flow,1963,https://doi.org/10.1175/1520-0469(1963)020<0130:dnf>2.0.co;2,Pending,,,,,,,https://doi.org/10.1175/1520-0469(1963)020<0130:dnf>2.0.co;2,,,,,,,,,,,,,,,,,,,,,,,,,,,,,
W2798643531,Mathematics,Statistical Methods,1939,https://doi.org/10.1097/00010694-193902000-00006,Pending,,,,,,,https://doi.org/10.1097/00010694-193902000-00006,,,,,,,,,,,,,,,,,,,,,,,,,,,,,
W4300223101,Mathematics,"Handbook of Mathematical Functions with Formulas, Graphs, and Mathematical Tables",1965,https://doi.org/10.2307/2004114,Pending,,,,,,,https://doi.org/10.2307/2004114,,,,,,,,,,,,,,,,,,,,,,,,,,,,,
W2121960517,Mathematics,Investigation of the freely available easy-to-use software ‘EZR’ for medical statistics,2012,https://doi.org/10.1038/bmt.2012.244,Pending,,,,,,,https://doi.org/10.1038/bmt.2012.244,,,,,,,,,,,,,,,,,,,,,,,,,,,,,
W2149860264,Mathematics,Longitudinal data analysis using generalized linear models,1986,https://doi.org/10.1093/biomet/73.1.13,Pending,,,,,,,https://doi.org/10.1093/biomet/73.1.13,,,,,,,,,,,,,,,,,,,,,,,,,,,,,
W2183707334,Mathematics,PAST: PALEONTOLOGICAL STATISTICAL SOFTWARE PACKAGE FOR EDUCATION AND DATA ANALYSIS,2001,,Pending,,,,,,,https://openalex.org/W2183707334,,,,,,,,,,,,,,,,,,,,,,,,,,,,,
W2117897510,Mathematics,Bootstrap Methods: Another Look at the Jackknife,1979,https://doi.org/10.1214/aos/1176344552,Pending,,,,,,,https://doi.org/10.1214/aos/1176344552,,,,,,,,,,,,,,,,,,,,,,,,,,,,,
W2801179766,Mathematics,"Handbook of Mathematical Functions with Formulas, Graphs, and Mathematical Tables",1965,https://doi.org/10.2307/1266136,Pending,,,,,,,https://doi.org/10.2307/1266136,,,,,,,,,,,,,,,,,,,,,,,,,,,,,
W2122111042,Mathematics,Nearest neighbor pattern classification,1967,https://doi.org/10.1109/tit.1967.1053964,Pending,,,,,,,https://doi.org/10.1109/tit.1967.1053964,,,,,,,,,,,,,,,,,,,,,,,,,,,,,
W2124517301,Mathematics,The Unity and Diversity of Executive Functions and Their Contributions to Complex “Frontal Lobe” Tasks: A Latent Variable Analysis,2000,https://doi.org/10.1006/cogp.1999.0734,Pending,,,,,,,https://doi.org/10.1006/cogp.1999.0734,,,,,,,,,,,,,,,,,,,,,,,,,,,,,
W3016843226,Mathematics,Handbook of Mathematical Functions,1972,,Pending,,,,,,,https://openalex.org/W3016843226,,,,,,,,,,,,,,,,,,,,,,,,,,,,,
W2138309709,Mathematics,Monte Carlo sampling methods using Markov chains and their applications,1970,https://doi.org/10.1093/biomet/57.1.97,Pending,,,,,,,https://doi.org/10.1093/biomet/57.1.97,,,,,,,,,,,,,,,,,,,,,,,,,,,,,
W129305155,Mathematics,An Analysis of Transformations,1964,https://doi.org/10.1111/j.2517-6161.1964.tb00553.x,Pending,,,,,,,https://doi.org/10.1111/j.2517-6161.1964.tb00553.x,,,,,,,,,,,,,,,,,,,,,,,,,,,,,
W2150000105,Mathematics,Statistical Aspects of the Analysis of Data From Retrospective Studies of Disease,1959,https://doi.org/10.1093/jnci/22.4.719,Pending,,,,,,,https://doi.org/10.1093/jnci/22.4.719,,,,,,,,,,,,,,,,,,,,,,,,,,,,,
W4252684946,Mathematics,Individual Comparisons by Ranking Methods,1945,https://doi.org/10.2307/3001968,Pending,,,,,,,https://doi.org/10.2307/3001968,,,,,,,,,,,,,,,,,,,,,,,,,,,,,
W2087189381,Mathematics,Measurement of Diversity,1949,https://doi.org/10.1038/163688a0,Pending,,,,,,,https://doi.org/10.1038/163688a0,,,,,,,,,,,,,,,,,,,,,,,,,,,,,
W2097360283,Mathematics,Regularization Paths for Generalized Linear Models via Coordinate Descent.,2010,,Pending,,,,,,,https://openalex.org/W2097360283,,,,,,,,,,,,,,,,,,,,,,,,,,,,,
W2092613863,Mathematics,ANALYZING TABLES OF STATISTICAL TESTS,1989,https://doi.org/10.1111/j.1558-5646.1989.tb04220.x,Pending,,,,,,,https://doi.org/10.1111/j.1558-5646.1989.tb04220.x,,,,,,,,,,,,,,,,,,,,,,,,,,,,,
W3038830718,Mathematics,Functional analysis,1973,,Pending,,,,,,,https://openalex.org/W3038830718,,,,,,,,,,,,,,,,,,,,,,,,,,,,,
W2018764772,Mathematics,Estimates of the Regression Coefficient Based on Kendall's Tau,1968,https://doi.org/10.1080/01621459.1968.10480934,Pending,,,,,,,https://doi.org/10.1080/01621459.1968.10480934,,,,,,,,,,,,,,,,,,,,,,,,,,,,,
W4230637740,Mathematics,Structural Equation Models with Unobservable Variables and Measurement Error: Algebra and Statistics,1981,https://doi.org/10.1177/002224378101800313,Pending,,,,,,,https://doi.org/10.1177/002224378101800313,,,,,,,,,,,,,,,,,,,,,,,,,,,,,
W4241653265,Mathematics,Regression Quantiles,1978,https://doi.org/10.2307/1913643,Pending,,,,,,,https://doi.org/10.2307/1913643,,,,,,,,,,,,,,,,,,,,,,,,,,,,,
W2057765075,Mathematics,"Discussion on the paper by Spiegelhalter, Best, Carlin and van der Linde",2002,https://doi.org/10.1111/1467-9868.00353,Pending,,,,,,,https://doi.org/10.1111/1467-9868.00353,,,,,,,,,,,,,,,,,,,,,,,,,,,,,
W4229668875,Mathematics,Biostatistical Analysis.,1975,https://doi.org/10.2307/2285423,Pending,,,,,,,https://doi.org/10.2307/2285423,,,,,,,,,,,,,,,,,,,,,,,,,,,,,
W1976876708,Mathematics,Asymptotic Confidence Intervals for Indirect Effects in Structural Equation Models,1982,https://doi.org/10.2307/270723,Pending,,,,,,,https://doi.org/10.2307/270723,,,,,,,,,,,,,,,,,,,,,,,,,,,,,
W4211177544,Mathematics,Bayes Factors,1995,https://doi.org/10.1080/01621459.1995.10476572,Pending,,,,,,,https://doi.org/10.1080/01621459.1995.10476572,,,,,,,,,,,,,,,,,,,,,,,,,,,,,
W2256578114,Mathematics,A method for the solution of certain non-linear problems in least squares,1944,https://doi.org/10.1090/qam/10666,Pending,,,,,,,https://doi.org/10.1090/qam/10666,,,,,,,,,,,,,,,,,,,,,,,,,,,,,
W2041282815,Mathematics,Use of Ranks in One-Criterion Variance Analysis,1952,https://doi.org/10.1080/01621459.1952.10483441,Pending,,,,,,,https://doi.org/10.1080/01621459.1952.10483441,,,,,,,,,,,,,,,,,,,,,,,,,,,,,
W2036193982,Mathematics,An Introduction to Propensity Score Methods for Reducing the Effects of Confounding in Observational Studies,2011,https://doi.org/10.1080/00273171.2011.568786,Pending,,,,,,,https://doi.org/10.1080/00273171.2011.568786,,,,,,,,,,,,,,,,,,,,,,,,,,,,,
W2148301044,Mathematics,A contribution to the mathematical theory of epidemics,1927,https://doi.org/10.1098/rspa.1927.0118,Pending,,,,,,,https://doi.org/10.1098/rspa.1927.0118,,,,,,,,,,,,,,,,,,,,,,,,,,,,,
W2063397409,Mathematics,<tt>emcee</tt>: The MCMC Hammer,2013,https://doi.org/10.1086/670067,Pending,,,,,,,https://doi.org/10.1086/670067,,,,,,,,,,,,,,,,,,,,,,,,,,,,,
W62824994,Mathematics,Multivariate data analysis : a global perspective,2010,,Pending,,,,,,,https://openalex.org/W62824994,,,,,,,,,,,,,,,,,,,,,,,,,,,,,
W2294798173,Mathematics,LIII. <i>On lines and planes of closest fit to systems of points in space</i>,1901,https://doi.org/10.1080/14786440109462720,Pending,,,,,,,https://doi.org/10.1080/14786440109462720,,,,,,,,,,,,,,,,,,,,,,,,,,,,,
W2797597138,Mathematics,Practical Statistics for Medical Research.,1992,https://doi.org/10.2307/2532320,Pending,,,,,,,https://doi.org/10.2307/2532320,,,,,,,,,,,,,,,,,,,,,,,,,,,,,
W2005092827,Mathematics,Fit indices in covariance structure modeling: Sensitivity to underparameterized model misspecification.,1998,https://doi.org/10.1037/1082-989x.3.4.424,Pending,,,,,,,https://doi.org/10.1037/1082-989x.3.4.424,,,,,,,,,,,,,,,,,,,,,,,,,,,,,
W2112440119,Mathematics,Applied Multivariate Statistical Analysis.,1988,https://doi.org/10.2307/2531616,Pending,,,,,,,https://doi.org/10.2307/2531616,,,,,,,,,,,,,,,,,,,,,,,,,,,,,
W2090330784,Mathematics,Deciding on the Number of Classes in Latent Class Analysis and Growth Mixture Modeling: A Monte Carlo Simulation Study,2007,https://doi.org/10.1080/10705510701575396,Pending,,,,,,,https://doi.org/10.1080/10705510701575396,,,,,,,,,,,,,,,,,,,,,,,,,,,,,
W1594563152,Mathematics,Real and Complex Analysis.,1987,https://doi.org/10.2307/2348852,Pending,,,,,,,https://doi.org/10.2307/2348852,,,,,,,,,,,,,,,,,,,,,,,,,,,,,
W2024081693,Mathematics,Robust Locally Weighted Regression and Smoothing Scatterplots,1979,https://doi.org/10.1080/01621459.1979.10481038,Pending,,,,,,,https://doi.org/10.1080/01621459.1979.10481038,,,,,,,,,,,,,,,,,,,,,,,,,,,,,
W2156267802,Mathematics,Missing data: Our view of the state of the art.,2002,https://doi.org/10.1037/1082-989x.7.2.147,Pending,,,,,,,https://doi.org/10.1037/1082-989x.7.2.147,,,,,,,,,,,,,,,,,,,,,,,,,,,,,
W2798766386,Mathematics,Nonlinear Programming,1997,https://doi.org/10.1038/sj.jors.2600425,Pending,,,,,,,https://doi.org/10.1038/sj.jors.2600425,,,,,,,,,,,,,,,,,,,,,,,,,,,,,
W1596515083,Mathematics,The control of the false discovery rate in multiple testing under dependency,2001,https://doi.org/10.1214/aos/1013699998,Pending,,,,,,,https://doi.org/10.1214/aos/1013699998,,,,,,,,,,,,,,,,,,,,,,,,,,,,,
W2140964565,Mathematics,A Caution Regarding Rules of Thumb for Variance Inflation Factors,2007,https://doi.org/10.1007/s11135-006-9018-6,Pending,,,,,,,https://doi.org/10.1007/s11135-006-9018-6,,,,,,,,,,,,,,,,,,,,,,,,,,,,,
W2112081648,Mathematics,Cross-Validatory Choice and Assessment of Statistical Predictions,1974,https://doi.org/10.1111/j.2517-6161.1974.tb00994.x,Pending,,,,,,,https://doi.org/10.1111/j.2517-6161.1974.tb00994.x,,,,,,,,,,,,,,,,,,,,,,,,,,,,,
W2793350103,Mathematics,Correlation Coefficients: Appropriate Use and Interpretation,2018,https://doi.org/10.1213/ane.0000000000002864,Pending,,,,,,,https://doi.org/10.1213/ane.0000000000002864,,,,,,,,,,,,,,,,,,,,,,,,,,,,,
W2141845152,Mathematics,Random effects structure for confirmatory hypothesis testing: Keep it maximal,2013,https://doi.org/10.1016/j.jml.2012.11.001,Pending,,,,,,,https://doi.org/10.1016/j.jml.2012.11.001,,,,,,,,,,,,,,,,,,,,,,,,,,,,,
W2024165284,Mathematics,Tensor Decompositions and Applications,2009,https://doi.org/10.1137/07070111x,Pending,,,,,,,https://doi.org/10.1137/07070111x,,,,,,,,,,,,,,,,,,,,,,,,,,,,,
W1488877410,Mathematics,Singular Integrals and Differentiability Properties of Functions.,1971,https://doi.org/10.1515/9781400883882?locatt=mode:legacy,Pending,,,,,,,https://doi.org/10.1515/9781400883882?locatt=mode:legacy,,,,,,,,,,,,,,,,,,,,,,,,,,,,,
W1990748933,Mathematics,Measuring the Accuracy of Diagnostic Systems,1988,https://doi.org/10.1126/science.3287615,Pending,,,,,,,https://doi.org/10.1126/science.3287615,,,,,,,,,,,,,,,,,,,,,,,,,,,,,
W2035782089,Mathematics,Availability: A heuristic for judging frequency and probability,1973,https://doi.org/10.1016/0010-0285(73)90033-9,Pending,,,,,,,https://doi.org/10.1016/0010-0285(73)90033-9,,,,,,,,,,,,,,,,,,,,,,,,,,,,,
W3146425672,Mathematics,Applied Linear Statistical Models,1992,https://doi.org/10.2307/1269588,Pending,,,,,,,https://doi.org/10.2307/1269588,,,,,,,,,,,,,,,,,,,,,,,,,,,,,
W1971410477,Mathematics,Power analysis and determination of sample size for covariance structure modeling.,1996,https://doi.org/10.1037/1082-989x.1.2.130,Pending,,,,,,,https://doi.org/10.1037/1082-989x.1.2.130,,,,,,,,,,,,,,,,,,,,,,,,,,,,,
W2129925362,Mathematics,"MULTIVARIABLE PROGNOSTIC MODELS: ISSUES IN DEVELOPING MODELS, EVALUATING ASSUMPTIONS AND ADEQUACY, AND MEASURING AND REDUCING ERRORS",1996,https://doi.org/10.1002/(sici)1097-0258(19960229)15:4<361::aid-sim168>3.0.co;2-4,Pending,,,,,,,https://doi.org/10.1002/(sici)1097-0258(19960229)15:4<361::aid-sim168>3.0.co;2-4,,,,,,,,,,,,,,,,,,,,,,,,,,,,,
W2100358124,Mathematics,Inference and missing data,1976,https://doi.org/10.1093/biomet/63.3.581,Pending,,,,,,,https://doi.org/10.1093/biomet/63.3.581,,,,,,,,,,,,,,,,,,,,,,,,,,,,,
W1985419904,Mathematics,Structural Equation Models with Unobservable Variables and Measurement Error: Algebra and Statistics,1981,https://doi.org/10.2307/3150980,Pending,,,,,,,https://doi.org/10.2307/3150980,,,,,,,,,,,,,,,,,,,,,,,,,,,,,
W2134843796,Mathematics,Multiple imputation using chained equations: Issues and guidance for practice,2010,https://doi.org/10.1002/sim.4067,Pending,,,,,,,https://doi.org/10.1002/sim.4067,,,,,,,,,,,,,,,,,,,,,,,,,,,,,
W2081338783,Mathematics,A Treatise on the Theory of Bessel Functions.,1923,https://doi.org/10.2307/2300274,Pending,,,,,,,https://doi.org/10.2307/2300274,,,,,,,,,,,,,,,,,,,,,,,,,,,,,
W3119264854,Mathematics,"Table of Integrals, Series, and Products.",1995,https://doi.org/10.2307/2153347,Pending,,,,,,,https://doi.org/10.2307/2153347,,,,,,,,,,,,,,,,,,,,,,,,,,,,,
W2112669742,Mathematics,A Modified Poisson Regression Approach to Prospective Studies with Binary Data,2004,https://doi.org/10.1093/aje/kwh090,Pending,,,,,,,https://doi.org/10.1093/aje/kwh090,,,,,,,,,,,,,,,,,,,,,,,,,,,,,
W2749069611,Mathematics,<b>brms</b> : An <i>R</i> Package for Bayesian Multilevel Models Using <i>Stan</i>,2017,https://doi.org/10.18637/jss.v080.i01,Pending,,,,,,,https://doi.org/10.18637/jss.v080.i01,,,,,,,,,,,,,,,,,,,,,,,,,,,,,
W2123871098,Mathematics,On the implementation of an interior-point filter line-search algorithm for large-scale nonlinear programming,2005,https://doi.org/10.1007/s10107-004-0559-y,Pending,,,,,,,https://doi.org/10.1007/s10107-004-0559-y,,,,,,,,,,,,,,,,,,,,,,,,,,,,,
W2132917208,Mathematics,Estimating causal effects of treatments in randomized and nonrandomized studies.,1974,https://doi.org/10.1037/h0037350,Pending,,,,,,,https://doi.org/10.1037/h0037350,,,,,,,,,,,,,,,,,,,,,,,,,,,,,
W2063978378,Mathematics,Least angle regression,2004,https://doi.org/10.1214/009053604000000067,Pending,,,,,,,https://doi.org/10.1214/009053604000000067,,,,,,,,,,,,,,,,,,,,,,,,,,,,,
W2317800347,Mathematics,Biometry. The Principles and Practice of Statistics in Biological Research,1970,https://doi.org/10.2307/2529087,Pending,,,,,,,https://doi.org/10.2307/2529087,,,,,,,,,,,,,,,,,,,,,,,,,,,,,
W2056795330,Mathematics,Applied Multiple Regression/Correlation Analysis for the Behavioral Sciences,2003,https://doi.org/10.1046/j.1467-9884.2003.t01-2-00383_4.x,Pending,,,,,,,https://doi.org/10.1046/j.1467-9884.2003.t01-2-00383_4.x,,,,,,,,,,,,,,,,,,,,,,,,,,,,,
W1991567646,Mathematics,Continuous Univariate Distributions.,1995,https://doi.org/10.2307/2291547,Pending,,,,,,,https://doi.org/10.2307/2291547,,,,,,,,,,,,,,,,,,,,,,,,,,,,,
W2063698478,Mathematics,An Introduction to Multivariate Statistical Analysis,1986,https://doi.org/10.2307/1391399,Pending,,,,,,,https://doi.org/10.2307/1391399,,,,,,,,,,,,,,,,,,,,,,,,,,,,,
W2074682976,Mathematics,Variable Selection via Nonconcave Penalized Likelihood and its Oracle Properties,2001,https://doi.org/10.1198/016214501753382273,Pending,,,,,,,https://doi.org/10.1198/016214501753382273,,,,,,,,,,,,,,,,,,,,,,,,,,,,,
W2037668591,Mathematics,A simulation study of the number of events per variable in logistic regression analysis,1996,https://doi.org/10.1016/s0895-4356(96)00236-3,Pending,,,,,,,https://doi.org/10.1016/s0895-4356(96)00236-3,,,,,,,,,,,,,,,,,,,,,,,,,,,,,
W3157407122,Mathematics,"Multivariate Data Analysis, 6th ed",2006,,Pending,,,,,,,https://openalex.org/W3157407122,,,,,,,,,,,,,,,,,,,,,,,,,,,,,
W2111271983,Mathematics,The random walk's guide to anomalous diffusion: a fractional dynamics approach,2000,https://doi.org/10.1016/s0370-1573(00)00070-3,Pending,,,,,,,https://doi.org/10.1016/s0370-1573(00)00070-3,,,,,,,,,,,,,,,,,,,,,,,,,,,,,
W2082246284,Mathematics,Random-Effects Models for Longitudinal Data,1982,https://doi.org/10.2307/2529876,Pending,,,,,,,https://doi.org/10.2307/2529876,,,,,,,,,,,,,,,,,,,,,,,,,,,,,
W2067402622,Mathematics,The Lagrange Multiplier Test and its Applications to Model Specification in Econometrics,1980,https://doi.org/10.2307/2297111,Pending,,,,,,,https://doi.org/10.2307/2297111,,,,,,,,,,,,,,,,,,,,,,,,,,,,,
W2119848633,Mathematics,Voxel-Based Morphometry—The Methods,2000,https://doi.org/10.1006/nimg.2000.0582,Pending,,,,,,,https://doi.org/10.1006/nimg.2000.0582,,,,,,,,,,,,,,,,,,,,,,,,,,,,,
W2088925839,Mathematics,The Compressibility of Media under Extreme Pressures,1944,https://doi.org/10.1073/pnas.30.9.244,Pending,,,,,,,https://doi.org/10.1073/pnas.30.9.244,,,,,,,,,,,,,,,,,,,,,,,,,,,,,
W4230941884,Mathematics,"Table of Integrals, Series and Products.",1981,https://doi.org/10.2307/2007757,Pending,,,,,,,https://doi.org/10.2307/2007757,,,,,,,,,,,,,,,,,,,,,,,,,,,,,
W2051434435,Mathematics,On the limited memory BFGS method for large scale optimization,1989,https://doi.org/10.1007/bf01589116,Pending,,,,,,,https://doi.org/10.1007/bf01589116,,,,,,,,,,,,,,,,,,,,,,,,,,,,,
W2066060292,Mathematics,A Model for Collision Processes in Gases. I. Small Amplitude Processes in Charged and Neutral One-Component Systems,1954,https://doi.org/10.1103/physrev.94.511,Pending,,,,,,,https://doi.org/10.1103/physrev.94.511,,,,,,,,,,,,,,,,,,,,,,,,,,,,,
W2038252730,Mathematics,Design and analysis of randomized clinical trials requiring prolonged observation of each patient. II. Analysis and examples,1977,https://doi.org/10.1038/bjc.1977.1,Pending,,,,,,,https://doi.org/10.1038/bjc.1977.1,,,,,,,,,,,,,,,,,,,,,,,,,,,,,
W2078965693,Mathematics,A Test of Missing Completely at Random for Multivariate Data with Missing Values,1988,https://doi.org/10.1080/01621459.1988.10478722,Pending,,,,,,,https://doi.org/10.1080/01621459.1988.10478722,,,,,,,,,,,,,,,,,,,,,,,,,,,,,
W1562811233,Mathematics,Statistical Methods for Psychology.,1994,https://doi.org/10.2307/2348956,Pending,,,,,,,https://doi.org/10.2307/2348956,,,,,,,,,,,,,,,,,,,,,,,,,,,,,
W1553338987,Mathematics,An Introduction to the Fractional Calculus and Fractional Differential Equations,1993,,Pending,,,,,,,https://openalex.org/W1553338987,,,,,,,,,,,,,,,,,,,,,,,,,,,,,
W1560729591,Mathematics,A technique for measurement of attitudes,1932,,Pending,,,,,,,https://openalex.org/W1560729591,,,,,,,,,,,,,,,,,,,,,,,,,,,,,
W2139794367,Mathematics,"Table of Integrals, Series, and Products",1966,https://doi.org/10.2307/2003554,Pending,,,,,,,https://doi.org/10.2307/2003554,,,,,,,,,,,,,,,,,,,,,,,,,,,,,
W2117012826,Mathematics,What is coefficient alpha? An examination of theory and applications.,1993,https://doi.org/10.1037/0021-9010.78.1.98,Pending,,,,,,,https://doi.org/10.1037/0021-9010.78.1.98,,,,,,,,,,,,,,,,,,,,,,,,,,,,,
W2094514178,Mathematics,An Efficient Method of Estimating Seemingly Unrelated Regressions and Tests for Aggregation Bias,1962,https://doi.org/10.1080/01621459.1962.10480664,Pending,,,,,,,https://doi.org/10.1080/01621459.1962.10480664,,,,,,,,,,,,,,,,,,,,,,,,,,,,,
W2316564661,Mathematics,Methods of conjugate gradients for solving linear systems,1952,https://doi.org/10.6028/jres.049.044,Pending,,,,,,,https://doi.org/10.6028/jres.049.044,,,,,,,,,,,,,,,,,,,,,,,,,,,,,
W3144372880,Mathematics,Nonparametric Statistics for the Behavioral Sciences.,1957,https://doi.org/10.2307/2342828,Pending,,,,,,,https://doi.org/10.2307/2342828,,,,,,,,,,,,,,,,,,,,,,,,,,,,,
W1978136073,Mathematics,Longitudinal Data Analysis for Discrete and Continuous Outcomes,1986,https://doi.org/10.2307/2531248,Pending,,,,,,,https://doi.org/10.2307/2531248,,,,,,,,,,,,,,,,,,,,,,,,,,,,,
W3041047318,Mathematics,Nonparametric Estimation from Incomplete Observations,1958,https://doi.org/10.2307/2281868,Pending,,,,,,,https://doi.org/10.2307/2281868,,,,,,,,,,,,,,,,,,,,,,,,,,,,,
W3012320055,Mathematics,WHO Declares COVID-19 a Pandemic.,2020,https://doi.org/10.23750/abm.v91i1.9397,Pending,,,,,,,https://doi.org/10.23750/abm.v91i1.9397,,,,,,,,,,,,,,,,,,,,,,,,,,,,,
W4298222310,Mathematics,Applied Logistic Regression.,1990,https://doi.org/10.2307/2290035,Pending,,,,,,,https://doi.org/10.2307/2290035,,,,,,,,,,,,,,,,,,,,,,,,,,,,,
W2078483536,Mathematics,The Proof and Measurement of Association between Two Things,1904,https://doi.org/10.2307/1412159,Pending,,,,,,,https://doi.org/10.2307/1412159,,,,,,,,,,,,,,,,,,,,,,,,,,,,,
W2113168655,Mathematics,Confidence Limits for the Indirect Effect: Distribution of the Product and Resampling Methods,2004,https://doi.org/10.1207/s15327906mbr3901_4,Pending,,,,,,,https://doi.org/10.1207/s15327906mbr3901_4,,,,,,,,,,,,,,,,,,,,,,,,,,,,,
W2119160928,Mathematics,Fast Stable Restricted Maximum Likelihood and Marginal Likelihood Estimation of Semiparametric Generalized Linear Models,2010,https://doi.org/10.1111/j.1467-9868.2010.00749.x,Pending,,,,,,,https://doi.org/10.1111/j.1467-9868.2010.00749.x,,,,,,,,,,,,,,,,,,,,,,,,,,,,,
W2020925091,Mathematics,The Adaptive Lasso and Its Oracle Properties,2006,https://doi.org/10.1198/016214506000000735,Pending,,,,,,,https://doi.org/10.1198/016214506000000735,,,,,,,,,,,,,,,,,,,,,,,,,,,,,
W2133371793,Mathematics,Program MARK: survival estimation from populations of marked animals,1999,https://doi.org/10.1080/00063659909477239,Pending,,,,,,,https://doi.org/10.1080/00063659909477239,,,,,,,,,,,,,,,,,,,,,,,,,,,,,
W2139984188,Mathematics,Evaluation of survival data and two new rank order statistics arising in its consideration.,1966,,Pending,,,,,,,https://openalex.org/W2139984188,,,,,,,,,,,,,,,,,,,,,,,,,,,,,
W1967073510,Mathematics,"Using SeDuMi 1.02, A Matlab toolbox for optimization over symmetric cones",1999,https://doi.org/10.1080/10556789908805766,Pending,,,,,,,https://doi.org/10.1080/10556789908805766,,,,,,,,,,,,,,,,,,,,,,,,,,,,,
W2138019504,Mathematics,Model Selection and Estimation in Regression with Grouped Variables,2005,https://doi.org/10.1111/j.1467-9868.2005.00532.x,Pending,,,,,,,https://doi.org/10.1111/j.1467-9868.2005.00532.x,,,,,,,,,,,,,,,,,,,,,,,,,,,,,
W2577537660,Mathematics,<i>Stan</i> : A Probabilistic Programming Language,2017,https://doi.org/10.18637/jss.v076.i01,Pending,,,,,,,https://doi.org/10.18637/jss.v076.i01,,,,,,,,,,,,,,,,,,,,,,,,,,,,,
W2024991751,Mathematics,Convergence Properties of the Nelder--Mead Simplex Method in Low Dimensions,1998,https://doi.org/10.1137/s1052623496303470,Pending,,,,,,,https://doi.org/10.1137/s1052623496303470,,,,,,,,,,,,,,,,,,,,,,,,,,,,,
W2791859701,Mathematics,Difference-in-differences with variation in treatment timing,2021,https://doi.org/10.1016/j.jeconom.2021.03.014,Pending,,,,,,,https://doi.org/10.1016/j.jeconom.2021.03.014,,,,,,,,,,,,,,,,,,,,,,,,,,,,,
W2163297822,Mathematics,Structural Model Evaluation and Modification: An Interval Estimation Approach,1990,https://doi.org/10.1207/s15327906mbr2502_4,Pending,,,,,,,https://doi.org/10.1207/s15327906mbr2502_4,,,,,,,,,,,,,,,,,,,,,,,,,,,,,
W2410446460,Mathematics,LOSS OF RECENT MEMORY AFTER BILATERAL HIPPOCAMPAL LESIONS,1957,https://doi.org/10.1136/jnnp.20.1.11,Pending,,,,,,,https://doi.org/10.1136/jnnp.20.1.11,,,,,,,,,,,,,,,,,,,,,,,,,,,,,
W3175367423,Mathematics,"An Introduction to the Theory of Numbers. By G. H. Hardy and E. M. Wright. 2nd edition. Pp. xvi, 407 25s. 1945. (Oxford)",1946,https://doi.org/10.2307/3609182,Pending,,,,,,,https://doi.org/10.2307/3609182,,,,,,,,,,,,,,,,,,,,,,,,,,,,,
W2122450421,Mathematics,Applied Linear Statistical Models,1997,https://doi.org/10.1080/00401706.1997.10485141,Pending,,,,,,,https://doi.org/10.1080/00401706.1997.10485141,,,,,,,,,,,,,,,,,,,,,,,,,,,,,
W2065974896,Mathematics,Multiple imputation for missing data in epidemiological and clinical research: potential and pitfalls,2009,https://doi.org/10.1136/bmj.b2393,Pending,,,,,,,https://doi.org/10.1136/bmj.b2393,,,,,,,,,,,,,,,,,,,,,,,,,,,,,
W2801490189,Mathematics,Generalized Linear Models,1972,https://doi.org/10.2307/2344614,Pending,,,,,,,https://doi.org/10.2307/2344614,,,,,,,,,,,,,,,,,,,,,,,,,,,,,
W2070493638,Mathematics,Stochastic gradient boosting,2002,https://doi.org/10.1016/s0167-9473(01)00065-2,Pending,,,,,,,https://doi.org/10.1016/s0167-9473(01)00065-2,,,,,,,,,,,,,,,,,,,,,,,,,,,,,
W2046033161,Mathematics,Robust Estimation of a Location Parameter,1964,https://doi.org/10.1214/aoms/1177703732,Pending,,,,,,,https://doi.org/10.1214/aoms/1177703732,,,,,,,,,,,,,,,,,,,,,,,,,,,,,
W2016382728,Mathematics,Regression Models for Categorical and Limited Dependent Variables.,1997,https://doi.org/10.2307/2965458,Pending,,,,,,,https://doi.org/10.2307/2965458,,,,,,,,,,,,,,,,,,,,,,,,,,,,,
W2024046085,Mathematics,Additive logistic regression: a statistical view of boosting (With discussion and a rejoinder by the authors),2000,https://doi.org/10.1214/aos/1016218223,Pending,,,,,,,https://doi.org/10.1214/aos/1016218223,,,,,,,,,,,,,,,,,,,,,,,,,,,,,
W604181985,Mathematics,A table of integrals,1917,,Pending,,,,,,,https://openalex.org/W604181985,,,,,,,,,,,,,,,,,,,,,,,,,,,,,
W2089763487,Mathematics,Bayesian Model Selection in Social Research,1995,https://doi.org/10.2307/271063,Pending,,,,,,,https://doi.org/10.2307/271063,,,,,,,,,,,,,,,,,,,,,,,,,,,,,
W1747388711,Mathematics,Sisvar: a computer statistical analysis system,2011,https://doi.org/10.1590/s1413-70542011000600001,Pending,,,,,,,https://doi.org/10.1590/s1413-70542011000600001,,,,,,,,,,,,,,,,,,,,,,,,,,,,,
W2126163471,Mathematics,The Theory of Probability,1922,https://doi.org/10.1038/109132a0,Pending,,,,,,,https://doi.org/10.1038/109132a0,,,,,,,,,,,,,,,,,,,,,,,,,,,,,
W2611591252,Mathematics,The Advanced Theory of Statistics.,1978,https://doi.org/10.2307/2344782,Pending,,,,,,,https://doi.org/10.2307/2344782,,,,,,,,,,,,,,,,,,,,,,,,,,,,,
W2083875149,Mathematics,Sampling-Based Approaches to Calculating Marginal Densities,1990,https://doi.org/10.1080/01621459.1990.10476213,Pending,,,,,,,https://doi.org/10.1080/01621459.1990.10476213,,,,,,,,,,,,,,,,,,,,,,,,,,,,,
W91108901,Mathematics,Biomarkers and surrogate endpoints: Preferred definitions and conceptual framework,2001,https://doi.org/10.1067/mcp.2001.113989,Pending,,,,,,,https://doi.org/10.1067/mcp.2001.113989,,,,,,,,,,,,,,,,,,,,,,,,,,,,,
W2132555912,Mathematics,Sparse inverse covariance estimation with the graphical lasso,2007,https://doi.org/10.1093/biostatistics/kxm045,Pending,,,,,,,https://doi.org/10.1093/biostatistics/kxm045,,,,,,,,,,,,,,,,,,,,,,,,,,,,,
W3010233963,Mathematics,The Incubation Period of Coronavirus Disease 2019 (COVID-19) From Publicly Reported Confirmed Cases: Estimation and Application,2020,https://doi.org/10.7326/m20-0504,Pending,,,,,,,https://doi.org/10.7326/m20-0504,,,,,,,,,,,,,,,,,,,,,,,,,,,,,
W3216143596,Mathematics,Statistical Methods -6th ed.-,1967,,Pending,,,,,,,https://openalex.org/W3216143596,,,,,,,,,,,,,,,,,,,,,,,,,,,,,
W2126049444,Mathematics,Balance diagnostics for comparing the distribution of baseline covariates between treatment groups in propensity‐score matched samples,2009,https://doi.org/10.1002/sim.3697,Pending,,,,,,,https://doi.org/10.1002/sim.3697,,,,,,,,,,,,,,,,,,,,,,,,,,,,,
W2047028564,Mathematics,Ridge Regression: Biased Estimation for Nonorthogonal Problems,2000,https://doi.org/10.2307/1271436,Pending,,,,,,,https://doi.org/10.2307/1271436,,,,,,,,,,,,,,,,,,,,,,,,,,,,,
W1968226729,Mathematics,Statistics for Experimenters,1979,https://doi.org/10.2307/1267766,Pending,,,,,,,https://doi.org/10.2307/1267766,,,,,,,,,,,,,,,,,,,,,,,,,,,,,
W1984536024,Mathematics,Tests of Equality Between Sets of Coefficients in Two Linear Regressions,1960,https://doi.org/10.2307/1910133,Pending,,,,,,,https://doi.org/10.2307/1910133,,,,,,,,,,,,,,,,,,,,,,,,,,,,,
W2048997388,Mathematics,Regression Diagnostics -- Identifying Influential Data and Sources of Collinearity,1981,https://doi.org/10.2307/2581267,Pending,,,,,,,https://doi.org/10.2307/2581267,,,,,,,,,,,,,,,,,,,,,,,,,,,,,
W2124379907,Mathematics,Rank Correlation Methods.,1957,https://doi.org/10.2307/2333282,Pending,,,,,,,https://doi.org/10.2307/2333282,,,,,,,,,,,,,,,,,,,,,,,,,,,,,
W2059745395,Mathematics,Positive matrix factorization: A non‐negative factor model with optimal utilization of error estimates of data values,1994,https://doi.org/10.1002/env.3170050203,Pending,,,,,,,https://doi.org/10.1002/env.3170050203,,,,,,,,,,,,,,,,,,,,,,,,,,,,,
W2067265108,Mathematics,<i>Theory of Ordinary Differential Equations</i>,1956,https://doi.org/10.1063/1.3059875,Pending,,,,,,,https://doi.org/10.1063/1.3059875,,,,,,,,,,,,,,,,,,,,,,,,,,,,,
W2000359198,Mathematics,A Limited Memory Algorithm for Bound Constrained Optimization,1995,https://doi.org/10.1137/0916069,Pending,,,,,,,https://doi.org/10.1137/0916069,,,,,,,,,,,,,,,,,,,,,,,,,,,,,
W1980054641,Mathematics,On the psychology of prediction.,1973,https://doi.org/10.1037/h0034747,Pending,,,,,,,https://doi.org/10.1037/h0034747,,,,,,,,,,,,,,,,,,,,,,,,,,,,,
W2089465567,Mathematics,Foundations of Differential Geometry,1963,,Pending,,,,,,,https://openalex.org/W2089465567,,,,,,,,,,,,,,,,,,,,,,,,,,,,,
W2064186732,Mathematics,MissForest—non-parametric missing value imputation for mixed-type data,2011,https://doi.org/10.1093/bioinformatics/btr597,Pending,,,,,,,https://doi.org/10.1093/bioinformatics/btr597,,,,,,,,,,,,,,,,,,,,,,,,,,,,,
W2102148524,Mathematics,Root mean square error (RMSE) or mean absolute error (MAE)? – Arguments against avoiding RMSE in the literature,2014,https://doi.org/10.5194/gmd-7-1247-2014,Pending,,,,,,,https://doi.org/10.5194/gmd-7-1247-2014,,,,,,,,,,,,,,,,,,,,,,,,,,,,,
W2159805452,Mathematics,SOME PRACTICAL GUIDANCE FOR THE IMPLEMENTATION OF PROPENSITY SCORE MATCHING,2008,https://doi.org/10.1111/j.1467-6419.2007.00527.x,Pending,,,,,,,https://doi.org/10.1111/j.1467-6419.2007.00527.x,,,,,,,,,,,,,,,,,,,,,,,,,,,,,
W2129249398,Mathematics,Robust Regression and Outlier Detection,1989,https://doi.org/10.2307/1268828,Pending,,,,,,,https://doi.org/10.2307/1268828,,,,,,,,,,,,,,,,,,,,,,,,,,,,,
W2112688502,Mathematics,"Bootstrap Methods for Standard Errors, Confidence Intervals, and Other Measures of Statistical Accuracy",1986,https://doi.org/10.1214/ss/1177013815,Pending,,,,,,,https://doi.org/10.1214/ss/1177013815,,,,,,,,,,,,,,,,,,,,,,,,,,,,,
W2325343629,Mathematics,Nonparametric Statistical Methods,1999,https://doi.org/10.1080/00401706.1999.10485954,Pending,,,,,,,https://doi.org/10.1080/00401706.1999.10485954,,,,,,,,,,,,,,,,,,,,,,,,,,,,,
W4252713891,Mathematics,Communication in the Presence of Noise,1949,https://doi.org/10.1109/jrproc.1949.232969,Pending,,,,,,,https://doi.org/10.1109/jrproc.1949.232969,,,,,,,,,,,,,,,,,,,,,,,,,,,,,
W2116814040,Mathematics,Missing Data Analysis: Making It Work in the Real World,2008,https://doi.org/10.1146/annurev.psych.58.110405.085530,Pending,,,,,,,https://doi.org/10.1146/annurev.psych.58.110405.085530,,,,,,,,,,,,,,,,,,,,,,,,,,,,,
W2051203581,Mathematics,The Monte Carlo Method,1949,https://doi.org/10.1080/01621459.1949.10483310,Pending,,,,,,,https://doi.org/10.1080/01621459.1949.10483310,,,,,,,,,,,,,,,,,,,,,,,,,,,,,
W2093223772,Mathematics,General Methods for Monitoring Convergence of Iterative Simulations,1998,https://doi.org/10.1080/10618600.1998.10474787,Pending,,,,,,,https://doi.org/10.1080/10618600.1998.10474787,,,,,,,,,,,,,,,,,,,,,,,,,,,,,
W1491711721,Mathematics,Estimating and Testing Linear Models with Multiple Structural Changes,1998,https://doi.org/10.2307/2998540,Pending,,,,,,,https://doi.org/10.2307/2998540,,,,,,,,,,,,,,,,,,,,,,,,,,,,,
W1584610719,Mathematics,"Harmonic Analysis: Real-variable Methods, Orthogonality, and Oscillatory Integrals",2002,,Pending,,,,,,,https://openalex.org/W1584610719,,,,,,,,,,,,,,,,,,,,,,,,,,,,,
W4255783720,Mathematics,Mathematical Methods of Statistics.,1947,https://doi.org/10.2307/2226151,Pending,,,,,,,https://doi.org/10.2307/2226151,,,,,,,,,,,,,,,,,,,,,,,,,,,,,
W2032121576,Mathematics,Fractal Geometry: Mathematical Foundations and Applications.,1990,https://doi.org/10.2307/2532125,Pending,,,,,,,https://doi.org/10.2307/2532125,,,,,,,,,,,,,,,,,,,,,,,,,,,,,
W1540596182,Mathematics,On the generalized distance in statistics,1936,,Pending,,,,,,,https://openalex.org/W1540596182,,,,,,,,,,,,,,,,,,,,,,,,,,,,,
W2106706098,Mathematics,Reversible jump Markov chain Monte Carlo computation and Bayesian model determination,1995,https://doi.org/10.1093/biomet/82.4.711,Pending,,,,,,,https://doi.org/10.1093/biomet/82.4.711,,,,,,,,,,,,,,,,,,,,,,,,,,,,,
W2801213956,Mathematics,"Tables of Integrals, Series, and Products.",1995,https://doi.org/10.2307/2348458,Pending,,,,,,,https://doi.org/10.2307/2348458,,,,,,,,,,,,,,,,,,,,,,,,,,,,,
W2012757283,Mathematics,A Multiple Comparison Procedure for Comparing Several Treatments with a Control,1955,https://doi.org/10.1080/01621459.1955.10501294,Pending,,,,,,,https://doi.org/10.1080/01621459.1955.10501294,,,,,,,,,,,,,,,,,,,,,,,,,,,,,
W2735301415,Mathematics,Sensitivity Analysis in Observational Research: Introducing the E-Value,2017,https://doi.org/10.7326/m16-2607,Pending,,,,,,,https://doi.org/10.7326/m16-2607,,,,,,,,,,,,,,,,,,,,,,,,,,,,,
W1985514943,Mathematics,A NEW MEASURE OF RANK CORRELATION,1938,https://doi.org/10.1093/biomet/30.1-2.81,Pending,,,,,,,https://doi.org/10.1093/biomet/30.1-2.81,,,,,,,,,,,,,,,,,,,,,,,,,,,,,
W2787523326,Mathematics,Nonlinear programming: theory and algorithms,1993,https://doi.org/10.1016/0305-0548(93)90042-h,Pending,,,,,,,https://doi.org/10.1016/0305-0548(93)90042-h,,,,,,,,,,,,,,,,,,,,,,,,,,,,,
W1978177900,Mathematics,Biostatistical Analysis (2nd ed.).,1986,https://doi.org/10.2307/2289268,Pending,,,,,,,https://doi.org/10.2307/2289268,,,,,,,,,,,,,,,,,,,,,,,,,,,,,
W4300945981,Mathematics,Applied Regression Analysis,1982,https://doi.org/10.2307/1267833,Pending,,,,,,,https://doi.org/10.2307/1267833,,,,,,,,,,,,,,,,,,,,,,,,,,,,,
W2105381419,Mathematics,A Direct Approach to False Discovery Rates,2002,https://doi.org/10.1111/1467-9868.00346,Pending,,,,,,,https://doi.org/10.1111/1467-9868.00346,,,,,,,,,,,,,,,,,,,,,,,,,,,,,
W2123162799,Mathematics,A note on a general definition of the coefficient of determination,1991,https://doi.org/10.1093/biomet/78.3.691,Pending,,,,,,,https://doi.org/10.1093/biomet/78.3.691,,,,,,,,,,,,,,,,,,,,,,,,,,,,,
W1963547452,Mathematics,Theory of Linear and Integer Programming,2000,https://doi.org/10.2307/253980,Pending,,,,,,,https://doi.org/10.2307/253980,,,,,,,,,,,,,,,,,,,,,,,,,,,,,
W4291114417,Mathematics,Applied Linear Statistical Models.,1986,https://doi.org/10.2307/2289108,Pending,,,,,,,https://doi.org/10.2307/2289108,,,,,,,,,,,,,,,,,,,,,,,,,,,,,
W1966714873,Mathematics,Proportional hazards tests and diagnostics based on weighted residuals,1994,https://doi.org/10.1093/biomet/81.3.515,Pending,,,,,,,https://doi.org/10.1093/biomet/81.3.515,,,,,,,,,,,,,,,,,,,,,,,,,,,,,
W3122812581,Mathematics,Entropy Balancing for Causal Effects: A Multivariate Reweighting Method to Produce Balanced Samples in Observational Studies,2011,https://doi.org/10.1093/pan/mpr025,Pending,,,,,,,https://doi.org/10.1093/pan/mpr025,,,,,,,,,,,,,,,,,,,,,,,,,,,,,
W1985093013,Mathematics,Monte Carlo Statistical Methods,2000,https://doi.org/10.2307/1270959,Pending,,,,,,,https://doi.org/10.2307/1270959,,,,,,,,,,,,,,,,,,,,,,,,,,,,,
W2009187570,Mathematics,Marginal Structural Models and Causal Inference in Epidemiology,2000,https://doi.org/10.1097/00001648-200009000-00011,Pending,,,,,,,https://doi.org/10.1097/00001648-200009000-00011,,,,,,,,,,,,,,,,,,,,,,,,,,,,,
W3125057276,Mathematics,Synthetic Control Methods for Comparative Case Studies: Estimating the Effect of California’s Tobacco Control Program,2010,https://doi.org/10.1198/jasa.2009.ap08746,Pending,,,,,,,https://doi.org/10.1198/jasa.2009.ap08746,,,,,,,,,,,,,,,,,,,,,,,,,,,,,
W2203714058,Mathematics,Practical Bayesian model evaluation using leave-one-out cross-validation and WAIC,2016,https://doi.org/10.1007/s11222-016-9696-4,Pending,,,,,,,https://doi.org/10.1007/s11222-016-9696-4,,,,,,,,,,,,,,,,,,,,,,,,,,,,,
W2062523101,Mathematics,The method of moving asymptotes—a new method for structural optimization,1987,https://doi.org/10.1002/nme.1620240207,Pending,,,,,,,https://doi.org/10.1002/nme.1620240207,,,,,,,,,,,,,,,,,,,,,,,,,,,,,
W2060806362,Mathematics,A Simple Test for Heteroscedasticity and Random Coefficient Variation,1979,https://doi.org/10.2307/1911963,Pending,,,,,,,https://doi.org/10.2307/1911963,,,,,,,,,,,,,,,,,,,,,,,,,,,,,
W2025341678,Mathematics,RELATIONS BETWEEN TWO SETS OF VARIATES,1936,https://doi.org/10.1093/biomet/28.3-4.321,Pending,,,,,,,https://doi.org/10.1093/biomet/28.3-4.321,,,,,,,,,,,,,,,,,,,,,,,,,,,,,
W2155163959,Mathematics,Matching Methods for Causal Inference: A Review and a Look Forward,2010,https://doi.org/10.1214/09-sts313,Pending,,,,,,,https://doi.org/10.1214/09-sts313,,,,,,,,,,,,,,,,,,,,,,,,,,,,,
W2596323328,Mathematics,A Treatise on the Theory of Bessel Functions,1944,https://doi.org/10.2307/3030074,Pending,,,,,,,https://doi.org/10.2307/3030074,,,,,,,,,,,,,,,,,,,,,,,,,,,,,
W2121690051,Mathematics,Propensity score methods for bias reduction in the comparison of a treatment to a non-randomized control group,1998,https://doi.org/10.1002/(sici)1097-0258(19981015)17:19<2265::aid-sim918>3.0.co;2-b,Pending,,,,,,,https://doi.org/10.1002/(sici)1097-0258(19981015)17:19<2265::aid-sim918>3.0.co;2-b,,,,,,,,,,,,,,,,,,,,,,,,,,,,,
W1559907478,Mathematics,Introduction to Fourier Analysis on Euclidean Spaces.,1971,https://doi.org/10.1515/9781400883899?locatt=mode:legacy,Pending,,,,,,,https://doi.org/10.1515/9781400883899?locatt=mode:legacy,,,,,,,,,,,,,,,,,,,,,,,,,,,,,
W1985997303,Mathematics,"Diffusion-Limited Aggregation, a Kinetic Critical Phenomenon",1981,https://doi.org/10.1103/physrevlett.47.1400,Pending,,,,,,,https://doi.org/10.1103/physrevlett.47.1400,,,,,,,,,,,,,,,,,,,,,,,,,,,,,
W1532011672,Mathematics,Regression Models for Categorical Dependent Variables Using Stata,2013,,Pending,,,,,,,https://openalex.org/W1532011672,,,,,,,,,,,,,,,,,,,,,,,,,,,,,
W2114487471,Mathematics,Optimal approximations by piecewise smooth functions and associated variational problems,1989,https://doi.org/10.1002/cpa.3160420503,Pending,,,,,,,https://doi.org/10.1002/cpa.3160420503,,,,,,,,,,,,,,,,,,,,,,,,,,,,,
W4312512934,Mathematics,On random graphs. I.,2022,https://doi.org/10.5486/pmd.1959.6.3-4.12,Pending,,,,,,,https://doi.org/10.5486/pmd.1959.6.3-4.12,,,,,,,,,,,,,,,,,,,,,,,,,,,,,
W4237377395,Mathematics,Factor Analysis and AIC,1987,https://doi.org/10.1007/bf02294359,Pending,,,,,,,https://doi.org/10.1007/bf02294359,,,,,,,,,,,,,,,,,,,,,,,,,,,,,
W1968524945,Mathematics,The robustness of test statistics to nonnormality and specification error in confirmatory factor analysis.,1996,https://doi.org/10.1037/1082-989x.1.1.16,Pending,,,,,,,https://doi.org/10.1037/1082-989x.1.1.16,,,,,,,,,,,,,,,,,,,,,,,,,,,,,
W2074673068,Mathematics,Discrete Multivariate Analysis: Theory and Practice.,1975,https://doi.org/10.2307/2063625,Pending,,,,,,,https://doi.org/10.2307/2063625,,,,,,,,,,,,,,,,,,,,,,,,,,,,,
W2072872008,Mathematics,Methods of quantum field theory in statistical physics,1964,https://doi.org/10.1016/0016-0032(64)90056-0,Pending,,,,,,,https://doi.org/10.1016/0016-0032(64)90056-0,,,,,,,,,,,,,,,,,,,,,,,,,,,,,
W2117853077,Mathematics,The EM Algorithm and Extensions,1998,https://doi.org/10.2307/1271189,Pending,,,,,,,https://doi.org/10.2307/1271189,,,,,,,,,,,,,,,,,,,,,,,,,,,,,
W1978108654,Mathematics,Statistics and Causal Inference,1986,https://doi.org/10.1080/01621459.1986.10478354,Pending,,,,,,,https://doi.org/10.1080/01621459.1986.10478354,,,,,,,,,,,,,,,,,,,,,,,,,,,,,
W1592576206,Mathematics,"The Common Structure of Statistical Models of Truncation, Sample Selection and Limited Dependent Variables and a Simple Estimator for Such Models",1976,,Pending,,,,,,,https://openalex.org/W1592576206,,,,,,,,,,,,,,,,,,,,,,,,,,,,,
W2146272590,Mathematics,Two-sided confidence intervals for the single proportion: comparison of seven methods,1998,https://doi.org/10.1002/(sici)1097-0258(19980430)17:8<857::aid-sim777>3.0.co;2-e,Pending,,,,,,,https://doi.org/10.1002/(sici)1097-0258(19980430)17:8<857::aid-sim777>3.0.co;2-e,,,,,,,,,,,,,,,,,,,,,,,,,,,,,
W1969610664,Mathematics,Impulse response analysis in nonlinear multivariate models,1996,https://doi.org/10.1016/0304-4076(95)01753-4,Pending,,,,,,,https://doi.org/10.1016/0304-4076(95)01753-4,,,,,,,,,,,,,,,,,,,,,,,,,,,,,
W1531653575,Mathematics,Techniques for Testing the Constancy of Regression Relationships Over Time,1975,https://doi.org/10.1111/j.2517-6161.1975.tb01532.x,Pending,,,,,,,https://doi.org/10.1111/j.2517-6161.1975.tb01532.x,,,,,,,,,,,,,,,,,,,,,,,,,,,,,
W2146766088,Mathematics,Spline Models for Observational Data.,1991,https://doi.org/10.2307/2290434,Pending,,,,,,,https://doi.org/10.2307/2290434,,,,,,,,,,,,,,,,,,,,,,,,,,,,,
W3112066496,Mathematics,Estimating dynamic treatment effects in event studies with heterogeneous treatment effects,2020,https://doi.org/10.1016/j.jeconom.2020.09.006,Pending,,,,,,,https://doi.org/10.1016/j.jeconom.2020.09.006,,,,,,,,,,,,,,,,,,,,,,,,,,,,,
W2163274894,Mathematics,Thresholding of Statistical Maps in Functional Neuroimaging Using the False Discovery Rate,2002,https://doi.org/10.1006/nimg.2001.1037,Pending,,,,,,,https://doi.org/10.1006/nimg.2001.1037,,,,,,,,,,,,,,,,,,,,,,,,,,,,,
W3182706339,Mathematics,"The coefficient of determination R-squared is more informative than SMAPE, MAE, MAPE, MSE and RMSE in regression analysis evaluation",2021,https://doi.org/10.7717/peerj-cs.623,Pending,,,,,,,https://doi.org/10.7717/peerj-cs.623,,,,,,,,,,,,,,,,,,,,,,,,,,,,,
W1985258161,Mathematics,An Introduction to Kernel and Nearest-Neighbor Nonparametric Regression,1992,https://doi.org/10.1080/00031305.1992.10475879,Pending,,,,,,,https://doi.org/10.1080/00031305.1992.10475879,,,,,,,,,,,,,,,,,,,,,,,,,,,,,
W2006309149,Mathematics,Inequalities: Theory of Majorization and its Applications.,1981,https://doi.org/10.2307/2287859,Pending,,,,,,,https://doi.org/10.2307/2287859,,,,,,,,,,,,,,,,,,,,,,,,,,,,,
W1657347807,Mathematics,Advanced mathematical methods for scientists and engineers,1978,https://doi.org/10.1007/978-1-4757-3069-2,Pending,,,,,,,https://doi.org/10.1007/978-1-4757-3069-2,,,,,,,,,,,,,,,,,,,,,,,,,,,,,
W2032316144,Mathematics,User’s guide to viscosity solutions of second order partial differential equations,1992,https://doi.org/10.1090/s0273-0979-1992-00266-5,Pending,,,,,,,https://doi.org/10.1090/s0273-0979-1992-00266-5,,,,,,,,,,,,,,,,,,,,,,,,,,,,,
W2073140442,Mathematics,A Class of $K$-Sample Tests for Comparing the Cumulative Incidence of a Competing Risk,1988,https://doi.org/10.1214/aos/1176350951,Pending,,,,,,,https://doi.org/10.1214/aos/1176350951,,,,,,,,,,,,,,,,,,,,,,,,,,,,,
W2030769837,Mathematics,Multilevel Statistical Models,2006,https://doi.org/10.1198/tech.2006.s417,Pending,,,,,,,https://doi.org/10.1198/tech.2006.s417,,,,,,,,,,,,,,,,,,,,,,,,,,,,,
W2062526841,Mathematics,On Methods in the Analysis of Profile Data,1959,https://doi.org/10.1007/bf02289823,Pending,,,,,,,https://doi.org/10.1007/bf02289823,,,,,,,,,,,,,,,,,,,,,,,,,,,,,
W2115706991,Mathematics,An iterative thresholding algorithm for linear inverse problems with a sparsity constraint,2004,https://doi.org/10.1002/cpa.20042,Pending,,,,,,,https://doi.org/10.1002/cpa.20042,,,,,,,,,,,,,,,,,,,,,,,,,,,,,
W2059527510,Mathematics,Distribution Theory for Glass's Estimator of Effect size and Related Estimators,1981,https://doi.org/10.3102/10769986006002107,Pending,,,,,,,https://doi.org/10.3102/10769986006002107,,,,,,,,,,,,,,,,,,,,,,,,,,,,,
W2007185418,Mathematics,Quantum field theory and the Jones polynomial,1989,https://doi.org/10.1007/bf01217730,Pending,,,,,,,https://doi.org/10.1007/bf01217730,,,,,,,,,,,,,,,,,,,,,,,,,,,,,
W3021353408,Mathematics,A Scaled Difference Chi-Square Test Statistic for Moment Structure Analysis,2001,https://doi.org/10.1007/bf02296192,Pending,,,,,,,https://doi.org/10.1007/bf02296192,,,,,,,,,,,,,,,,,,,,,,,,,,,,,
W2035983506,Mathematics,Generalized Linear Models (2nd ed.).,1993,https://doi.org/10.2307/2290358,Pending,,,,,,,https://doi.org/10.2307/2290358,,,,,,,,,,,,,,,,,,,,,,,,,,,,,
W3123974754,Mathematics,Propensity Score-Matching Methods for Nonexperimental Causal Studies,2002,https://doi.org/10.1162/003465302317331982,Pending,,,,,,,https://doi.org/10.1162/003465302317331982,,,,,,,,,,,,,,,,,,,,,,,,,,,,,
W2517346518,Mathematics,Statistical methods in cancer research. Volume I - The analysis of case-control studies.,1980,,Pending,,,,,,,https://openalex.org/W2517346518,,,,,,,,,,,,,,,,,,,,,,,,,,,,,
W2012231377,Mathematics,Function minimization by conjugate gradients,1964,https://doi.org/10.1093/comjnl/7.2.149,Pending,,,,,,,https://doi.org/10.1093/comjnl/7.2.149,,,,,,,,,,,,,,,,,,,,,,,,,,,,,
W3003573988,Mathematics,"Nowcasting and forecasting the potential domestic and international spread of the 2019-nCoV outbreak originating in Wuhan, China: a modelling study",2020,https://doi.org/10.1016/s0140-6736(20)30260-9,Pending,,,,,,,https://doi.org/10.1016/s0140-6736(20)30260-9,,,,,,,,,,,,,,,,,,,,,,,,,,,,,
W1973192023,Mathematics,Nonmetric Multidimensional Scaling: A Numerical Method,1964,https://doi.org/10.1007/bf02289694,Pending,,,,,,,https://doi.org/10.1007/bf02289694,,,,,,,,,,,,,,,,,,,,,,,,,,,,,
W2009930506,Mathematics,Infinite conformal symmetry in two-dimensional quantum field theory,1984,https://doi.org/10.1016/0550-3213(84)90052-x,Pending,,,,,,,https://doi.org/10.1016/0550-3213(84)90052-x,,,,,,,,,,,,,,,,,,,,,,,,,,,,,
W4300110167,Mathematics,Practical Statistics for Medical Research.,1992,https://doi.org/10.2307/2290246,Pending,,,,,,,https://doi.org/10.2307/2290246,,,,,,,,,,,,,,,,,,,,,,,,,,,,,
W2131850093,Mathematics,Constructing a Control Group Using Multivariate Matched Sampling Methods That Incorporate the Propensity Score,1985,https://doi.org/10.2307/2683903,Pending,,,,,,,https://doi.org/10.2307/2683903,,,,,,,,,,,,,,,,,,,,,,,,,,,,,
W2025161033,Mathematics,Statistical Inference in Instrumental Variables Regression with I(1) Processes,1990,https://doi.org/10.2307/2297545,Pending,,,,,,,https://doi.org/10.2307/2297545,,,,,,,,,,,,,,,,,,,,,,,,,,,,,
W2895775694,Mathematics,Multivariate Data Analysis,1989,https://doi.org/10.1080/00401706.1989.10488578,Pending,,,,,,,https://doi.org/10.1080/00401706.1989.10488578,,,,,,,,,,,,,,,,,,,,,,,,,,,,,
W2144673831,Mathematics,MCMC Methods for Multi-Response Generalized Linear Mixed Models: The<b>MCMCglmm</b><i>R</i>Package,2010,https://doi.org/10.18637/jss.v033.i02,Pending,,,,,,,https://doi.org/10.18637/jss.v033.i02,,,,,,,,,,,,,,,,,,,,,,,,,,,,,
W2099756352,Mathematics,The behavior of maximum likelihood estimates under nonstandard conditions,1967,,Pending,,,,,,,https://openalex.org/W2099756352,,,,,,,,,,,,,,,,,,,,,,,,,,,,,
W3015469787,Mathematics,The Foundations of Statistics.,1955,https://doi.org/10.2307/2343133,Pending,,,,,,,https://doi.org/10.2307/2343133,,,,,,,,,,,,,,,,,,,,,,,,,,,,,
W2115012618,Mathematics,A sharper Bonferroni procedure for multiple tests of significance,1988,https://doi.org/10.1093/biomet/75.4.800,Pending,,,,,,,https://doi.org/10.1093/biomet/75.4.800,,,,,,,,,,,,,,,,,,,,,,,,,,,,,
W2979586175,Mathematics,Two-Way Fixed Effects Estimators with Heterogeneous Treatment Effects,2020,https://doi.org/10.1257/aer.20181169,Pending,,,,,,,https://doi.org/10.1257/aer.20181169,,,,,,,,,,,,,,,,,,,,,,,,,,,,,
W3015571324,Mathematics,Temporal dynamics in viral shedding and transmissibility of COVID-19,2020,https://doi.org/10.1038/s41591-020-0869-5,Pending,,,,,,,https://doi.org/10.1038/s41591-020-0869-5,,,,,,,,,,,,,,,,,,,,,,,,,,,,,
W2102420102,Mathematics,The Danish Civil Registration System,2011,https://doi.org/10.1177/1403494810387965,Pending,,,,,,,https://doi.org/10.1177/1403494810387965,,,,,,,,,,,,,,,,,,,,,,,,,,,,,
W1972485395,Mathematics,"Table of Integrals, Series, and Products",1976,https://doi.org/10.1115/1.3452897,Pending,,,,,,,https://doi.org/10.1115/1.3452897,,,,,,,,,,,,,,,,,,,,,,,,,,,,,
W2796901959,Mathematics,Applied Linear Regression Models,1997,https://doi.org/10.1080/00401706.1997.10485142,Pending,,,,,,,https://doi.org/10.1080/00401706.1997.10485142,,,,,,,,,,,,,,,,,,,,,,,,,,,,,
W1595743797,Mathematics,Regression Models for Categorical Dependent Variables Using Stata,2014,,Pending,,,,,,,https://openalex.org/W1595743797,,,,,,,,,,,,,,,,,,,,,,,,,,,,,
W2747566783,Mathematics,"Principles and procedures of statistics: McGraw-Hill Book Company, Inc. New York Toronto London.",1960,,Pending,,,,,,,https://openalex.org/W2747566783,,,,,,,,,,,,,,,,,,,,,,,,,,,,,
W2118836230,Mathematics,A Practitioner’s Guide to Cluster-Robust Inference,2015,https://doi.org/10.3368/jhr.50.2.317,Pending,,,,,,,https://doi.org/10.3368/jhr.50.2.317,,,,,,,,,,,,,,,,,,,,,,,,,,,,,
W2114013702,Mathematics,An efficient method for finding the minimum of a function of several variables without calculating derivatives,1964,https://doi.org/10.1093/comjnl/7.2.155,Pending,,,,,,,https://doi.org/10.1093/comjnl/7.2.155,,,,,,,,,,,,,,,,,,,,,,,,,,,,,
W2328831975,Mathematics,"Statistics, an Introductory Analysis.",1965,https://doi.org/10.2307/2282703,Pending,,,,,,,https://doi.org/10.2307/2282703,,,,,,,,,,,,,,,,,,,,,,,,,,,,,
W1981747359,Mathematics,Small Sample Inference for Fixed Effects from Restricted Maximum Likelihood,1997,https://doi.org/10.2307/2533558,Pending,,,,,,,https://doi.org/10.2307/2533558,,,,,,,,,,,,,,,,,,,,,,,,,,,,,
W2078129874,Mathematics,Bias reduction of maximum likelihood estimates,1993,https://doi.org/10.1093/biomet/80.1.27,Pending,,,,,,,https://doi.org/10.1093/biomet/80.1.27,,,,,,,,,,,,,,,,,,,,,,,,,,,,,
W1976566530,Mathematics,Models for Longitudinal Data: A Generalized Estimating Equation Approach,1988,https://doi.org/10.2307/2531734,Pending,,,,,,,https://doi.org/10.2307/2531734,,,,,,,,,,,,,,,,,,,,,,,,,,,,,
W1981903823,Mathematics,Model Selection and Akaike's Information Criterion (AIC): The General Theory and its Analytical Extensions,1987,https://doi.org/10.1007/bf02294361,Pending,,,,,,,https://doi.org/10.1007/bf02294361,,,,,,,,,,,,,,,,,,,,,,,,,,,,,
W3039948875,Mathematics,Graduate Texts in Mathematics,2020,,Pending,,,,,,,https://openalex.org/W3039948875,,,,,,,,,,,,,,,,,,,,,,,,,,,,,
W2126794261,Mathematics,Markov Processes: Characterization and Convergence.,1987,https://doi.org/10.2307/2531839,Pending,,,,,,,https://doi.org/10.2307/2531839,,,,,,,,,,,,,,,,,,,,,,,,,,,,,
W1509562192,Mathematics,Probability theory the logic of science,2003,https://doi.org/10.1017/cbo9780511790423,Pending,,,,,,,https://doi.org/10.1017/cbo9780511790423,,,,,,,,,,,,,,,,,,,,,,,,,,,,,
W2229908198,Mathematics,A Statistical Method for Evaluating Systematic Relationships,1958,https://doi.org/10.5281/zenodo.16435756,Pending,,,,,,,https://doi.org/10.5281/zenodo.16435756,,,,,,,,,,,,,,,,,,,,,,,,,,,,,
W4299512035,Mathematics,Iterative Solution of Nonlinear Equations in Several Variables,1971,https://doi.org/10.2307/2004942,Pending,,,,,,,https://doi.org/10.2307/2004942,,,,,,,,,,,,,,,,,,,,,,,,,,,,,
W2116665868,Mathematics,ESTIMATING SITE OCCUPANCY RATES WHEN DETECTION PROBABILITIES ARE LESS THAN ONE,2002,https://doi.org/10.1890/0012-9658(2002)083[2248:esorwd]2.0.co;2,Pending,,,,,,,https://doi.org/10.1890/0012-9658(2002)083[2248:esorwd]2.0.co;2,,,,,,,,,,,,,,,,,,,,,,,,,,,,,
W2801840425,Mathematics,An Introduction to the Theory of Statistics,1911,https://doi.org/10.1038/087345a0,Pending,,,,,,,https://doi.org/10.1038/087345a0,,,,,,,,,,,,,,,,,,,,,,,,,,,,,
W1986705681,Mathematics,Cox's Regression Model for Counting Processes: A Large Sample Study,1982,https://doi.org/10.1214/aos/1176345976,Pending,,,,,,,https://doi.org/10.1214/aos/1176345976,,,,,,,,,,,,,,,,,,,,,,,,,,,,,
W2000031724,Mathematics,Measures of multivariate skewness and kurtosis with applications,1970,https://doi.org/10.1093/biomet/57.3.519,Pending,,,,,,,https://doi.org/10.1093/biomet/57.3.519,,,,,,,,,,,,,,,,,,,,,,,,,,,,,
W214995755,Mathematics,Regression Models for Ordinal Data,1980,https://doi.org/10.1111/j.2517-6161.1980.tb01109.x,Pending,,,,,,,https://doi.org/10.1111/j.2517-6161.1980.tb01109.x,,,,,,,,,,,,,,,,,,,,,,,,,,,,,
W2152849583,Mathematics,<b>MatchIt</b>: Nonparametric Preprocessing for Parametric Causal Inference,2011,https://doi.org/10.18637/jss.v042.i08,Pending,,,,,,,https://doi.org/10.18637/jss.v042.i08,,,,,,,,,,,,,,,,,,,,,,,,,,,,,
W2108122190,Mathematics,Applied econometric time series,1995,https://doi.org/10.1016/0164-0704(95)80068-9,Pending,,,,,,,https://doi.org/10.1016/0164-0704(95)80068-9,,,,,,,,,,,,,,,,,,,,,,,,,,,,,
W1571895365,Mathematics,"Fact, Fiction, and Forecast.",1955,https://doi.org/10.2307/2103789,Pending,,,,,,,https://doi.org/10.2307/2103789,,,,,,,,,,,,,,,,,,,,,,,,,,,,,
W1981288703,Mathematics,Dual variational methods in critical point theory and applications,1973,https://doi.org/10.1016/0022-1236(73)90051-7,Pending,,,,,,,https://doi.org/10.1016/0022-1236(73)90051-7,,,,,,,,,,,,,,,,,,,,,,,,,,,,,
W4241996101,Mathematics,Quantile Regression,2001,https://doi.org/10.1257/jep.15.4.143,Pending,,,,,,,https://doi.org/10.1257/jep.15.4.143,,,,,,,,,,,,,,,,,,,,,,,,,,,,,
W2911546748,Mathematics,Bayesian Interpolation,1992,https://doi.org/10.1162/neco.1992.4.3.415,Pending,,,,,,,https://doi.org/10.1162/neco.1992.4.3.415,,,,,,,,,,,,,,,,,,,,,,,,,,,,,
W2110818436,Mathematics,Moving towards best practice when using inverse probability of treatment weighting (IPTW) using the propensity score to estimate causal treatment effects in observational studies,2015,https://doi.org/10.1002/sim.6607,Pending,,,,,,,https://doi.org/10.1002/sim.6607,,,,,,,,,,,,,,,,,,,,,,,,,,,,,
W2084413241,Mathematics,Note on the Sampling Error of the Difference Between Correlated Proportions or Percentages,1947,https://doi.org/10.1007/bf02295996,Pending,,,,,,,https://doi.org/10.1007/bf02295996,,,,,,,,,,,,,,,,,,,,,,,,,,,,,
W2139577967,Mathematics,Matching as Nonparametric Preprocessing for Reducing Model Dependence in Parametric Causal Inference,2007,https://doi.org/10.1093/pan/mpl013,Pending,,,,,,,https://doi.org/10.1093/pan/mpl013,,,,,,,,,,,,,,,,,,,,,,,,,,,,,
W2797801359,Mathematics,Principles and Procedures of Statistics: A Biometrical Approach.,1981,https://doi.org/10.2307/2530180,Pending,,,,,,,https://doi.org/10.2307/2530180,,,,,,,,,,,,,,,,,,,,,,,,,,,,,
W2149199519,Mathematics,THE LASSO METHOD FOR VARIABLE SELECTION IN THE COX MODEL,1997,https://doi.org/10.1002/(sici)1097-0258(19970228)16:4<385::aid-sim380>3.0.co;2-3,Pending,,,,,,,https://doi.org/10.1002/(sici)1097-0258(19970228)16:4<385::aid-sim380>3.0.co;2-3,,,,,,,,,,,,,,,,,,,,,,,,,,,,,
W2060422862,Mathematics,On certain integrals of Lipschitz-Hankel type involving products of bessel functions,1955,https://doi.org/10.1098/rsta.1955.0005,Pending,,,,,,,https://doi.org/10.1098/rsta.1955.0005,,,,,,,,,,,,,,,,,,,,,,,,,,,,,
W2153109441,Mathematics,STAMP: statistical analysis of taxonomic and functional profiles,2014,https://doi.org/10.1093/bioinformatics/btu494,Pending,,,,,,,https://doi.org/10.1093/bioinformatics/btu494,,,,,,,,,,,,,,,,,,,,,,,,,,,,,
W1558982506,Mathematics,Nonparametric estimation of the number of classes in a population,1984,,Pending,,,,,,,https://openalex.org/W1558982506,,,,,,,,,,,,,,,,,,,,,,,,,,,,,
W4234712938,Mathematics,Constructing a Control Group Using Multivariate Matched Sampling Methods That Incorporate the Propensity Score,1985,https://doi.org/10.1080/00031305.1985.10479383,Pending,,,,,,,https://doi.org/10.1080/00031305.1985.10479383,,,,,,,,,,,,,,,,,,,,,,,,,,,,,
W2011095781,Mathematics,Hitchhikerʼs guide to the fractional Sobolev spaces,2011,https://doi.org/10.1016/j.bulsci.2011.12.004,Pending,,,,,,,https://doi.org/10.1016/j.bulsci.2011.12.004,,,,,,,,,,,,,,,,,,,,,,,,,,,,,
W2907233437,Mathematics,Fonctions de répartition à N dimensions et leurs marges,1959,,Pending,,,,,,,https://openalex.org/W2907233437,,,,,,,,,,,,,,,,,,,,,,,,,,,,,
W2079615115,Mathematics,"Efficient tests for normality, homoscedasticity and serial independence of regression residuals",1980,https://doi.org/10.1016/0165-1765(80)90024-5,Pending,,,,,,,https://doi.org/10.1016/0165-1765(80)90024-5,,,,,,,,,,,,,,,,,,,,,,,,,,,,,
W2037357509,Mathematics,Extensions of the Procrustes Method for the Optimal Superimposition of Landmarks,1990,https://doi.org/10.2307/2992207,Pending,,,,,,,https://doi.org/10.2307/2992207,,,,,,,,,,,,,,,,,,,,,,,,,,,,,
W2145025818,Mathematics,Controlling the false discovery rate in behavior genetics research,2001,https://doi.org/10.1016/s0166-4328(01)00297-2,Pending,,,,,,,https://doi.org/10.1016/s0166-4328(01)00297-2,,,,,,,,,,,,,,,,,,,,,,,,,,,,,
W3124658416,Mathematics,Identification of Causal Effects Using Instrumental Variables,1996,https://doi.org/10.1080/01621459.1996.10476902,Pending,,,,,,,https://doi.org/10.1080/01621459.1996.10476902,,,,,,,,,,,,,,,,,,,,,,,,,,,,,
W2014581807,Mathematics,Approximate Inference in Generalized Linear Mixed Models,1993,https://doi.org/10.1080/01621459.1993.10594284,Pending,,,,,,,https://doi.org/10.1080/01621459.1993.10594284,,,,,,,,,,,,,,,,,,,,,,,,,,,,,
W2130373985,Mathematics,Relaxing the Rule of Ten Events per Variable in Logistic and Cox Regression,2006,https://doi.org/10.1093/aje/kwk052,Pending,,,,,,,https://doi.org/10.1093/aje/kwk052,,,,,,,,,,,,,,,,,,,,,,,,,,,,,
W2013912476,Mathematics,A Multilinear Singular Value Decomposition,2000,https://doi.org/10.1137/s0895479896305696,Pending,,,,,,,https://doi.org/10.1137/s0895479896305696,,,,,,,,,,,,,,,,,,,,,,,,,,,,,
W1603903339,Mathematics,"Bayesian model averaging: a tutorial (with comments by M. Clyde, David Draper and E. I. George, and a rejoinder by the authors",1999,https://doi.org/10.1214/ss/1009212519,Pending,,,,,,,https://doi.org/10.1214/ss/1009212519,,,,,,,,,,,,,,,,,,,,,,,,,,,,,
W2318802957,Mathematics,Comparing Individual Means in the Analysis of Variance,1949,https://doi.org/10.2307/3001913,Pending,,,,,,,https://doi.org/10.2307/3001913,,,,,,,,,,,,,,,,,,,,,,,,,,,,,
W2795407492,Mathematics,Applied Mathematical Sciences,1973,https://doi.org/10.2307/3615195,Pending,,,,,,,https://doi.org/10.2307/3615195,,,,,,,,,,,,,,,,,,,,,,,,,,,,,
W2033810643,Mathematics,Theory of capacities,1954,https://doi.org/10.5802/aif.53,Pending,,,,,,,https://doi.org/10.5802/aif.53,,,,,,,,,,,,,,,,,,,,,,,,,,,,,
W3013967887,Mathematics,Estimates of the severity of coronavirus disease 2019: a model-based analysis,2020,https://doi.org/10.1016/s1473-3099(20)30243-7,Pending,,,,,,,https://doi.org/10.1016/s1473-3099(20)30243-7,,,,,,,,,,,,,,,,,,,,,,,,,,,,,
W2071808384,Mathematics,Alternatives for logistic regression in cross-sectional studies: an empirical comparison of models that directly estimate the prevalence ratio,2003,https://doi.org/10.1186/1471-2288-3-21,Pending,,,,,,,https://doi.org/10.1186/1471-2288-3-21,,,,,,,,,,,,,,,,,,,,,,,,,,,,,
W2330548796,Mathematics,Encyclopedia of Mathematics and its Applications.,1982,https://doi.org/10.2307/2007638,Pending,,,,,,,https://doi.org/10.2307/2007638,,,,,,,,,,,,,,,,,,,,,,,,,,,,,
W1992332433,Mathematics,What's the Relative Risk?,1998,https://doi.org/10.1001/jama.280.19.1690,Pending,,,,,,,https://doi.org/10.1001/jama.280.19.1690,,,,,,,,,,,,,,,,,,,,,,,,,,,,,
W1536497620,Mathematics,Prior distributions for variance parameters in hierarchical models (comment on article by Browne and Draper),2006,https://doi.org/10.1214/06-ba117a,Pending,,,,,,,https://doi.org/10.1214/06-ba117a,,,,,,,,,,,,,,,,,,,,,,,,,,,,,
W4246784033,Mathematics,Maximum Likelihood Estimation of Misspecified Models,1982,https://doi.org/10.2307/1912526,Pending,,,,,,,https://doi.org/10.2307/1912526,,,,,,,,,,,,,,,,,,,,,,,,,,,,,
W2062989416,Mathematics,THE GENERALIZATION OF ‘STUDENT'S’ PROBLEM WHEN SEVERAL DIFFERENT POPULATION VARLANCES ARE INVOLVED,1947,https://doi.org/10.1093/biomet/34.1-2.28,Pending,,,,,,,https://doi.org/10.1093/biomet/34.1-2.28,,,,,,,,,,,,,,,,,,,,,,,,,,,,,
W4229942792,Mathematics,Multivariate Data Analysis,1973,https://doi.org/10.2307/1266874,Pending,,,,,,,https://doi.org/10.2307/1266874,,,,,,,,,,,,,,,,,,,,,,,,,,,,,
W2124563089,Mathematics,SPSS and SAS programs for determining the number of components using parallel analysis and Velicer’s MAP test,2000,https://doi.org/10.3758/bf03200807,Pending,,,,,,,https://doi.org/10.3758/bf03200807,,,,,,,,,,,,,,,,,,,,,,,,,,,,,
W2912522929,Mathematics,Semidefinite Programming,1996,https://doi.org/10.1137/1038003,Pending,,,,,,,https://doi.org/10.1137/1038003,,,,,,,,,,,,,,,,,,,,,,,,,,,,,
